YEAR,YEAR_TYPE,SMRY_CTGRY,SRVC_CTGRY,PRVDR_ID,PRVDR_NAME,PRVDR_CITY,STATE,PRVDR_ZIP,BENE_DSTNCT_CNT,TOT_EPSD_STAY_CNT,TOT_SRVC_DAYS,TOT_CHRG_AMT,TOT_ALOWD_AMT,TOT_MDCR_PYMT_AMT,TOT_MDCR_STDZD_PYMT_AMT,TOT_OUTLIER_PYMT_AMT,BENE_DUAL_PCT,BENE_RRL_PCT,BENE_AVG_AGE,BENE_MALE_PCT,BENE_FEML_PCT,BENE_RACE_WHT_PCT,BENE_RACE_BLACK_PCT,BENE_RACE_API_PCT,BENE_RACE_HSPNC_PCT,BENE_RACE_NATIND_PCT,BENE_RACE_UNK_PCT,BENE_RACE_OTHR_PCT,BENE_AVG_RISK_SCRE,BENE_CC_BH_ADHD_OTHCD_V1_PCT,BENE_CC_BH_ALCOHOL_DRUG_V1_PCT,BENE_CC_BH_ALZ_NONALZDEM_V2_PCT,BENE_CC_BH_ANXIETY_V1_PCT,BENE_CC_BH_BIPOLAR_V1_PCT,BENE_CC_BH_DEPRESS_V1_PCT,BENE_CC_BH_MOOD_V2_PCT,BENE_CC_BH_PD_V1_PCT,BENE_CC_BH_PTSD_V1_PCT,BENE_CC_BH_SCHIZO_OTHPSY_V1_PCT,BENE_CC_BH_TOBACCO_V1_PCT,BENE_CC_PH_AFIB_V2_PCT,BENE_CC_PH_ARTHRITIS_V2_PCT,BENE_CC_PH_ASTHMA_V2_PCT,BENE_CC_PH_CANCER6_V2_PCT,BENE_CC_PH_CKD_V2_PCT,BENE_CC_PH_COPD_V2_PCT,BENE_CC_PH_DIABETES_V2_PCT,BENE_CC_PH_HF_NONIHD_V2_PCT,BENE_CC_PH_HYPERLIPIDEMIA_V2_PCT,BENE_CC_PH_HYPERTENSION_V2_PCT,BENE_CC_PH_ISCHEMICHEART_V2_PCT,BENE_CC_PH_OSTEOPOROSIS_V2_PCT,BENE_CC_PH_PARKINSON_V2_PCT,BENE_CC_PH_STROKE_TIA_V2_PCT,PRMRY_DX_INFCTN_PCT,PRMRY_DX_NEOBLD_PCT,PRMRY_DX_ENDONUTRMET_PCT,PRMRY_DX_MNTBEHNEUDIS_PCT,PRMRY_DX_NERVSYSTM_PCT,PRMRY_DX_ENTSYS_PCT,PRMRY_DX_CIRCSYSTM_PCT,PRMRY_DX_RSPSYSTM_PCT,PRMRY_DX_DIGSYSTM_PCT,PRMRY_DX_SKNMUSSYSTM_PCT,PRMRY_DX_GUSYSTM_PCT,PRMRY_DX_PRGPERICONG_PCT,PRMRY_DX_SXILLDEF_PCT,PRMRY_DX_INJPOIS_PCT,PRMRY_DX_HLTHSRV_PCT,TOT_PT_MNTS,INDVDL_PT_MNTS,CNCRNT_GRP_PT_MNTS,COTRT_PT_MNTS,TOT_OT_MNTS,INDVDL_OT_MNTS,CNCRNT_GRP_OT_MNTS,COTRT_OT_MNTS,TOT_SLP_MNTS,INDVDL_SLP_MNTS,CNCRNT_GRP_SLP_MNTS,COTRT_SLP_MNTS
2024,FY,NATION,IRF,NATIONAL TOTAL,NATIONAL TOTAL,NATIONAL TOTAL,NATIONAL TOTAL,NATIONAL TOTAL,377403,434556,5348816,24958018679,11021437293,10822889016,10796423499,361242272,15,7,78,46,54,83,7,2,5,0,1,1,2.45,2,15,28,48,11,48,53,2,3,4,17,42,74,15,22,50,34,49,46,89,95,54,27,7,40,0,1,0,0,19,0,17,1,0,5,0,0,16,24,15,261638622,223450665,36196209,1991748,260369334,224479972,33891770,1997592,59054173,55378653,3509966,165554
2024,FY,STATE,IRF,STATE TOTAL,STATE TOTAL,STATE TOTAL,AK,STATE TOTAL,494,510,7336,70435069,16963613,16669709,14552147,3103105,21,21,75,51,49,74,*,4,2,13,*,4,1.85,*,17,19,32,7,31,33,*,3,*,22,39,69,14,18,35,26,41,36,77,91,40,23,5,53,*,*,*,*,9,0,32,*,0,3,*,0,9,30,14,294735,294174,163,398,277991,277241,0,750,73329,73056,90,183
2024,FY,STATE,IRF,STATE TOTAL,STATE TOTAL,STATE TOTAL,AL,STATE TOTAL,6919,7764,95695,303829686,167167535,163862709,196639061,2603753,13,7,78,44,56,84,14,0,1,*,1,*,2.58,1,14,32,48,10,47,52,2,2,4,20,46,76,15,21,56,37,53,50,90,98,57,23,6,39,0,0,0,*,25,*,16,1,0,3,0,*,14,24,15,5137615,3679451,1416378,41786,5168880,3775367,1352962,40551,1038623,941566,94385,2672
2024,FY,STATE,IRF,STATE TOTAL,STATE TOTAL,STATE TOTAL,AR,STATE TOTAL,10185,12006,140135,495887574,260441618,254243966,278520627,1299787,16,20,79,40,60,91,6,0,1,1,1,0,2.31,1,14,28,47,9,50,52,2,2,4,19,45,75,14,21,49,39,45,50,86,96,59,26,6,36,0,0,1,0,26,*,14,2,1,6,1,*,13,22,13,8041979,6310406,1639315,92258,7824938,6079521,1654635,90782,1735066,1420891,311296,2879
2024,FY,STATE,IRF,STATE TOTAL,STATE TOTAL,STATE TOTAL,AZ,STATE TOTAL,10951,12559,150913,598928960,306600356,300565428,296801567,3999086,10,3,78,46,54,84,2,1,7,3,1,1,2.25,1,17,27,44,9,46,50,2,3,3,14,41,73,16,22,49,31,43,38,88,94,51,31,8,40,0,1,0,0,17,*,16,1,0,6,0,0,13,29,15,6563426,5604310,900914,58202,6031765,5177650,795866,58249,1471926,1336511,134402,1013
2024,FY,STATE,IRF,STATE TOTAL,STATE TOTAL,STATE TOTAL,CA,STATE TOTAL,20523,22525,291987,2417489177,816026146,807774202,593945639,50209091,33,1,77,47,53,67,5,9,14,0,2,2,2.49,2,18,26,41,8,44,48,2,3,6,13,39,74,18,21,47,29,51,44,90,94,52,30,7,45,1,1,0,0,14,*,22,1,0,6,0,*,10,25,18,12131181,11095883,886867,148431,11574447,10647711,777409,149327,2934884,2763542,163190,8152
2024,FY,STATE,IRF,STATE TOTAL,STATE TOTAL,STATE TOTAL,CO,STATE TOTAL,5981,6858,81994,455506453,179662057,176231585,169833998,7812272,13,7,77,48,52,88,3,1,6,0,2,1,2.11,2,19,25,43,10,47,51,3,5,4,15,34,75,15,21,44,29,35,36,81,88,43,30,8,34,0,0,1,*,17,*,15,0,0,6,0,*,14,26,21,3417063,3155923,241630,19510,3259659,2995727,244965,18967,1011516,973896,35871,1749
2024,FY,STATE,IRF,STATE TOTAL,STATE TOTAL,STATE TOTAL,CT,STATE TOTAL,926,1021,13334,85504319,29340292,29008188,25228495,1359203,18,*,78,49,51,84,6,2,4,*,3,*,2.25,3,13,23,48,8,43,48,4,3,3,12,40,69,15,25,41,26,44,39,91,94,50,24,6,54,*,2,*,0,8,*,30,*,*,3,*,0,18,24,11,513067,488862,17780,6425,495553,468243,20070,7240,155931,149111,3685,3135
2024,FY,STATE,IRF,STATE TOTAL,STATE TOTAL,STATE TOTAL,DC,STATE TOTAL,750,813,10961,61787549,24679228,24245236,20806373,524766,22,*,74,49,51,42,49,2,3,*,3,*,2.43,2,12,27,34,9,35,46,1,4,4,16,33,67,18,22,49,23,55,38,85,94,49,18,6,51,0,*,*,*,6,0,28,*,*,4,*,0,12,10,38,106632,105992,0,640,112153,106497,5016,640,22813,19838,2975,0
2024,FY,STATE,IRF,STATE TOTAL,STATE TOTAL,STATE TOTAL,DE,STATE TOTAL,3744,4244,42663,145509321,101677801,99509681,97406791,948548,11,4,79,42,58,85,10,1,1,*,2,*,2.18,2,13,24,46,21,47,50,2,3,3,15,41,75,15,23,50,33,49,40,93,95,55,24,6,37,*,1,1,0,24,*,16,1,1,6,0,0,13,23,13,2198088,2020335,157558,20195,2394478,2188933,185461,20084,439955,421747,18158,50
2024,FY,STATE,IRF,STATE TOTAL,STATE TOTAL,STATE TOTAL,FL,STATE TOTAL,40094,46797,570534,2856144064,1134052084,1112773636,1195638801,56962629,15,2,79,46,54,84,6,1,7,0,2,1,2.73,2,21,36,54,13,53,59,3,3,7,16,48,77,15,25,55,41,51,50,93,97,62,29,9,42,0,0,0,0,21,0,14,1,0,4,0,*,19,26,13,29018904,23190655,5552701,275548,29493413,24092190,5118638,282585,5928727,5501691,382185,44851
2024,FY,STATE,IRF,STATE TOTAL,STATE TOTAL,STATE TOTAL,GA,STATE TOTAL,9179,10279,125015,530647378,249386987,246030299,258379371,9620914,12,6,78,45,55,79,17,1,1,*,1,*,2.47,1,14,30,47,10,46,50,2,2,3,17,43,72,14,22,54,34,52,49,89,97,54,24,6,41,1,1,0,*,20,*,16,1,0,3,0,*,17,26,15,6375508,5135721,1210260,29527,6558196,5473088,1053383,31725,1038529,951518,84035,2976
2024,FY,STATE,IRF,STATE TOTAL,STATE TOTAL,STATE TOTAL,HI,STATE TOTAL,328,343,4663,16417666,10196084,10040956,7649389,116998,7,*,77,49,51,27,*,55,6,0,*,10,1.82,0,12,13,18,*,18,23,*,*,*,8,27,58,15,17,47,18,43,26,93,91,31,32,*,43,0,0,0,0,4,0,23,0,0,*,0,0,12,30,29,114010,109475,4535,0,103230,100800,2430,0,21750,21750,0,0
2024,FY,STATE,IRF,STATE TOTAL,STATE TOTAL,STATE TOTAL,IA,STATE TOTAL,3513,3863,43420,157601580,84080287,82673452,87942561,1551894,10,17,77,50,50,94,1,1,1,*,2,*,2.21,2,13,18,41,13,44,47,2,2,2,17,40,66,13,21,48,28,43,42,87,93,46,23,7,40,1,1,*,*,7,*,16,1,0,3,1,0,12,21,36,2008261,1880506,93789,33966,2045109,1933469,77775,33865,570536,546948,22881,707
2024,FY,STATE,IRF,STATE TOTAL,STATE TOTAL,STATE TOTAL,ID,STATE TOTAL,1316,1425,17830,71745650,34644177,34023665,35513695,2451896,14,10,76,49,51,93,*,*,3,1,2,*,2.15,2,19,24,42,8,45,47,2,3,3,19,37,67,15,18,39,26,44,39,80,92,40,26,6,45,*,*,*,*,10,*,25,*,*,6,*,*,12,26,18,765657,685503,78979,1175,750955,671183,78315,1457,277507,263304,14133,70
2024,FY,STATE,IRF,STATE TOTAL,STATE TOTAL,STATE TOTAL,IL,STATE TOTAL,12025,13436,174467,858265901,370829032,365624216,346474263,16187907,18,3,77,50,50,81,9,2,5,*,2,*,2.60,2,13,26,45,9,44,53,2,2,4,17,43,74,14,23,52,33,50,50,90,95,57,24,7,46,1,1,1,*,15,*,23,1,1,4,1,*,13,20,20,8088609,7488776,583111,16722,7972304,7362282,594964,15058,2363419,2244008,115731,3680
2024,FY,STATE,IRF,STATE TOTAL,STATE TOTAL,STATE TOTAL,IN,STATE TOTAL,10176,11643,137626,542849305,280705480,275770368,283064780,6727110,15,9,77,46,54,91,5,1,2,*,2,*,2.46,2,13,26,52,8,52,55,2,2,3,19,44,74,15,22,53,38,50,49,89,96,56,25,7,39,0,1,0,0,20,*,18,2,0,5,1,*,19,21,14,7176322,6290253,832831,53238,7405488,6652317,699789,53382,1634208,1571281,58910,4017
2024,FY,STATE,IRF,STATE TOTAL,STATE TOTAL,STATE TOTAL,KS,STATE TOTAL,5652,6522,75762,299276494,148978240,145640037,152756549,3206958,12,10,77,47,53,90,5,1,2,0,1,0,2.36,2,14,24,47,9,51,54,3,3,4,17,42,75,15,21,48,32,46,41,88,94,51,25,9,35,0,0,0,0,21,*,15,1,0,4,0,*,18,24,15,3672788,3280984,331962,59842,3552791,3187316,306042,59433,934688,880385,52705,1598
2024,FY,STATE,IRF,STATE TOTAL,STATE TOTAL,STATE TOTAL,KY,STATE TOTAL,6021,6963,84680,309365096,160440273,157623263,160494724,1945045,12,15,77,44,56,93,4,0,1,*,1,*,2.38,2,15,28,57,19,52,54,2,2,4,22,43,77,14,21,51,41,49,48,90,96,56,26,6,36,0,1,0,*,19,*,17,1,0,4,*,*,19,21,17,4227833,3766969,411770,49094,4456637,3971002,435821,49814,1347755,1263030,82836,1889
2024,FY,STATE,IRF,STATE TOTAL,STATE TOTAL,STATE TOTAL,LA,STATE TOTAL,9162,10730,137460,543329289,244464634,237921538,263988988,6218337,26,14,77,44,56,77,19,1,2,0,1,0,2.41,2,15,31,52,10,53,56,2,2,9,22,40,75,13,20,49,36,52,48,88,97,57,24,7,37,1,1,1,0,19,*,18,2,1,7,1,*,17,22,12,7180316,6437531,710062,32723,7271527,6601792,637309,32426,2017332,1891375,123142,2815
2024,FY,STATE,IRF,STATE TOTAL,STATE TOTAL,STATE TOTAL,MA,STATE TOTAL,8643,9629,119229,334421438,264302997,260124965,230835960,2498132,22,0,78,47,53,90,3,1,3,*,2,*,2.37,3,16,28,51,14,48,57,3,5,5,15,41,71,18,23,47,31,42,41,88,94,50,30,10,43,0,0,0,0,13,0,19,1,0,4,0,*,12,30,20,5143499,4210675,865621,67203,5938960,4741419,1129304,68237,1217896,1156001,59145,2750
2024,FY,STATE,IRF,STATE TOTAL,STATE TOTAL,STATE TOTAL,MD,STATE TOTAL,3417,3882,46968,129056937,92611862,90962974,91530850,205277,15,3,78,46,54,71,20,4,2,*,1,*,2.06,6,12,27,41,8,42,46,2,2,3,14,39,73,14,22,48,28,50,38,91,95,50,23,7,45,*,1,0,*,13,*,22,0,0,2,*,*,16,26,19,2204339,1812135,380693,11511,2118907,1769973,338151,10783,586333,522992,62751,590
2024,FY,STATE,IRF,STATE TOTAL,STATE TOTAL,STATE TOTAL,ME,STATE TOTAL,1090,1217,13875,42018380,30013527,29518807,29392481,875644,25,17,79,46,54,96,*,*,*,0,3,*,2.32,2,17,23,50,7,47,51,3,5,3,15,39,69,13,22,49,31,41,42,84,91,46,31,6,36,*,*,*,*,14,0,20,*,*,9,0,0,14,30,12,704571,539085,161877,3609,736890,639912,93952,3026,170249,155370,14595,284
2024,FY,STATE,IRF,STATE TOTAL,STATE TOTAL,STATE TOTAL,MI,STATE TOTAL,7233,8005,96672,429744979,196182669,193779213,195846120,5360448,18,7,77,48,52,84,10,1,2,0,2,1,2.70,2,17,26,48,10,46,52,3,2,4,20,46,74,16,24,53,39,52,53,89,96,60,22,7,45,1,1,0,*,17,*,21,1,0,4,0,*,24,19,12,4808045,4678799,48971,80275,4624373,4518330,27436,78607,1022023,1019502,1665,856
2024,FY,STATE,IRF,STATE TOTAL,STATE TOTAL,STATE TOTAL,MN,STATE TOTAL,1403,1483,19700,109633734,44971047,44120423,39938840,4849277,19,17,73,56,44,89,3,2,2,*,2,*,2.38,3,18,18,40,8,43,50,5,4,3,19,37,57,12,20,42,22,43,35,84,89,42,18,4,55,*,*,*,*,10,*,38,*,*,2,*,0,15,17,17,761115,756940,4085,90,762270,760465,1685,120,281697,281422,175,100
2024,FY,STATE,IRF,STATE TOTAL,STATE TOTAL,STATE TOTAL,MO,STATE TOTAL,9006,10211,115902,550870122,244859730,241462242,249664407,10629408,11,11,78,45,55,91,7,1,1,0,1,0,2.42,2,13,27,49,13,48,52,2,2,4,18,42,76,15,23,51,35,48,46,88,95,52,26,7,36,1,1,1,0,14,*,17,2,1,5,0,*,17,25,16,6047873,5578567,419656,49650,6035843,5578344,407501,49998,1560744,1496963,63343,438
2024,FY,STATE,IRF,STATE TOTAL,STATE TOTAL,STATE TOTAL,MS,STATE TOTAL,3056,3373,40532,152029316,73685616,72642936,84973721,998614,16,12,77,44,56,81,17,1,1,*,1,*,2.45,1,15,26,46,10,46,48,2,2,4,21,41,74,12,21,47,34,50,46,88,97,53,25,6,42,1,0,0,0,21,*,18,1,0,4,*,0,14,26,13,2217543,1707059,448291,62193,2240282,1742077,437934,60271,536103,484899,31954,19250
2024,FY,STATE,IRF,STATE TOTAL,STATE TOTAL,STATE TOTAL,MT,STATE TOTAL,775,828,9385,38090646,19386260,19092044,20263671,177473,12,30,76,53,47,90,*,*,*,5,2,*,1.82,2,17,17,40,6,45,47,2,3,2,21,38,69,16,19,38,30,40,32,82,90,42,24,6,45,*,*,*,*,10,0,29,1,*,6,*,*,5,29,17,467395,427393,20083,19919,433435,388528,24554,20353,124407,122706,1111,590
2024,FY,STATE,IRF,STATE TOTAL,STATE TOTAL,STATE TOTAL,NC,STATE TOTAL,6393,6933,89237,367558096,170863942,168082254,170815362,4610012,11,8,76,49,51,81,13,1,2,0,2,1,2.42,2,15,24,46,8,45,48,2,4,3,19,41,69,13,22,50,30,49,42,89,95,51,25,5,44,0,1,0,*,7,0,24,1,1,4,0,*,17,24,19,4302076,4042928,237190,21958,4258682,3993213,244244,21225,900278,830601,67785,1892
2024,FY,STATE,IRF,STATE TOTAL,STATE TOTAL,STATE TOTAL,ND,STATE TOTAL,1853,2100,23255,82676925,44726028,43547076,48131258,464981,15,24,78,46,54,93,*,*,1,3,1,1,2.31,2,14,21,45,18,48,50,4,3,3,18,37,68,14,21,46,32,39,47,85,91,48,30,6,30,*,*,*,*,28,0,15,1,1,4,*,0,13,24,14,1149136,1004975,144101,60,1113091,970903,142186,2,211726,211446,235,45
2024,FY,STATE,IRF,STATE TOTAL,STATE TOTAL,STATE TOTAL,NE,STATE TOTAL,1630,1723,22850,109998401,44202570,43345794,42345936,3453745,10,24,75,51,49,92,2,*,2,1,3,*,2.12,2,15,18,40,7,45,48,2,2,3,18,40,70,11,19,40,26,40,36,84,93,44,20,6,51,1,1,*,*,6,*,28,1,*,3,*,0,11,23,26,1042578,1033866,3338,5374,1114511,1097375,11638,5498,359382,355881,3027,474
2024,FY,STATE,IRF,STATE TOTAL,STATE TOTAL,STATE TOTAL,NH,STATE TOTAL,2864,3175,38304,117261417,80609922,79584602,74953089,2157424,12,4,78,46,54,95,1,0,1,*,2,*,2.16,3,16,24,51,10,46,51,3,4,3,16,40,72,17,22,43,31,40,41,86,93,48,28,9,38,*,1,*,*,9,*,18,1,*,5,*,*,16,32,16,966207,844457,119358,2392,1011220,899162,109651,2407,199345,173853,25482,10
2024,FY,STATE,IRF,STATE TOTAL,STATE TOTAL,STATE TOTAL,NJ,STATE TOTAL,9887,11297,146149,790635319,322444583,317552783,280819072,3575454,10,0,79,44,56,85,6,3,4,*,2,*,2.44,1,11,28,49,11,46,53,3,2,4,15,44,74,17,25,47,33,51,46,94,96,61,25,9,49,1,2,0,*,16,0,23,2,1,7,1,*,12,26,10,5059513,4146686,851983,60844,4917340,4129284,727218,60838,1187718,1113823,71437,2458
2024,FY,STATE,IRF,STATE TOTAL,STATE TOTAL,STATE TOTAL,NM,STATE TOTAL,2281,2499,31163,128617078,62672876,61464980,60468561,768586,16,5,78,45,55,69,1,1,21,7,2,1,2.10,1,17,22,37,8,42,45,6,5,2,16,33,70,16,18,38,28,44,35,80,89,41,32,6,36,*,*,1,1,13,*,17,1,1,8,*,*,13,32,13,1543890,1255164,276236,12490,1447103,1197725,236422,12956,419485,373067,45240,1178
2024,FY,STATE,IRF,STATE TOTAL,STATE TOTAL,STATE TOTAL,NV,STATE TOTAL,6649,8516,104868,851488589,246159919,241660479,206495658,1718940,23,2,77,46,54,72,10,5,9,1,1,2,2.73,2,24,31,49,11,49,52,3,5,7,24,45,69,18,20,55,43,56,50,89,97,55,22,8,37,0,0,0,0,32,*,14,2,0,4,0,*,17,19,11,5220333,4982301,237407,625,5043689,4782140,260960,589,932728,922432,10236,60
2024,FY,STATE,IRF,STATE TOTAL,STATE TOTAL,STATE TOTAL,NY,STATE TOTAL,7973,8664,119179,961077964,316220337,312452033,235988264,26704961,20,1,77,48,52,78,10,3,5,*,3,*,2.28,2,12,25,43,8,41,48,3,2,4,13,39,72,16,23,42,30,48,40,90,94,56,25,8,50,0,1,0,*,8,*,27,2,0,4,*,*,14,24,20,4829987,4592691,207699,29597,4529129,4309260,188907,30962,1116640,1109710,5130,1800
2024,FY,STATE,IRF,STATE TOTAL,STATE TOTAL,STATE TOTAL,OH,STATE TOTAL,12856,14699,179564,862065996,343251427,336411419,357124116,7483881,11,3,77,47,53,87,8,1,1,*,2,*,2.46,2,13,25,48,10,50,54,2,2,4,17,42,77,15,23,50,34,49,47,89,95,54,25,7,40,0,1,0,0,12,0,16,1,1,5,0,*,25,22,16,9289902,8105252,1027859,156791,9221008,8243839,820895,156274,2283285,2162760,111821,8704
2024,FY,STATE,IRF,STATE TOTAL,STATE TOTAL,STATE TOTAL,OK,STATE TOTAL,8134,9215,107790,420235158,207808356,203993435,222743369,3522877,13,11,78,42,58,86,5,1,2,6,1,1,2.41,1,17,26,48,11,52,54,2,3,3,21,42,75,18,19,51,36,47,47,88,96,54,27,6,34,0,1,0,*,18,*,16,2,1,5,1,*,14,27,16,5730101,5218991,447389,63721,6021466,5449257,509352,62857,1432266,1390125,39276,2865
2024,FY,STATE,IRF,STATE TOTAL,STATE TOTAL,STATE TOTAL,OR,STATE TOTAL,809,858,10455,53794231,27088270,26852398,23156163,2714471,18,4,75,56,44,90,*,*,3,*,3,*,2.01,3,20,23,42,10,45,51,3,6,3,18,37,63,15,21,33,24,35,38,81,90,38,23,5,55,*,*,*,*,9,0,38,*,*,4,*,0,18,17,12,460874,456678,700,3496,432385,427297,1650,3438,213267,212894,360,13
2024,FY,STATE,IRF,STATE TOTAL,STATE TOTAL,STATE TOTAL,PA,STATE TOTAL,19204,22359,286966,1312920876,577798400,567177648,574436429,22772696,12,2,78,47,53,91,4,1,1,*,2,*,2.45,2,13,27,50,10,48,54,3,2,4,16,43,75,15,23,51,32,48,46,91,94,55,27,8,41,0,1,0,0,21,0,18,1,0,5,0,*,14,24,15,15031029,12251198,2713550,66281,15184398,12765008,2352777,66613,2787717,2732543,50687,4487
2024,FY,STATE,IRF,STATE TOTAL,STATE TOTAL,STATE TOTAL,PR,STATE TOTAL,407,422,4616,9442232,5718618,5493146,10408210,68547,+,*,78,39,61,*,*,0,98,0,*,*,1.56,*,6,19,21,6,22,26,*,*,3,8,19,57,17,19,36,15,63,27,75,93,30,25,4,35,0,*,*,0,11,0,18,0,0,19,0,0,4,27,21,194380,167329,27041,10,165104,143594,21495,15,56368,38988,17360,20
2024,FY,STATE,IRF,STATE TOTAL,STATE TOTAL,STATE TOTAL,RI,STATE TOTAL,656,711,8666,34118880,18193548,17947884,17411430,579853,12,*,78,50,50,90,3,*,3,0,3,*,1.99,*,15,20,51,11,47,54,3,3,3,14,39,69,17,22,41,30,41,38,90,94,50,24,9,44,*,*,*,*,7,*,25,*,*,5,*,0,27,22,10,424806,396228,24566,4012,415926,395197,16787,3942,104929,101054,3675,200
2024,FY,STATE,IRF,STATE TOTAL,STATE TOTAL,STATE TOTAL,SC,STATE TOTAL,12591,14271,171675,615169077,324124554,318774666,344273311,4406024,7,6,78,44,56,85,12,0,1,0,1,0,2.32,2,15,29,50,10,49,51,2,3,3,16,43,74,15,23,52,34,48,47,91,96,52,28,7,37,0,0,0,0,17,*,14,1,0,5,0,*,21,26,15,9103752,7210539,1859263,33950,9259280,7424377,1800089,34814,1704314,1534222,167742,2350
2024,FY,STATE,IRF,STATE TOTAL,STATE TOTAL,STATE TOTAL,SD,STATE TOTAL,1158,1286,17387,66324500,27444277,26614365,30311652,1242000,13,21,76,50,50,92,*,*,1,4,1,*,2.24,3,13,19,47,9,47,51,3,2,3,18,38,70,14,24,43,29,45,40,85,93,49,26,7,36,0,1,*,0,38,0,19,*,*,2,0,0,9,17,13,695556,566883,128519,154,797871,578986,218766,119,129506,126406,3100,0
2024,FY,STATE,IRF,STATE TOTAL,STATE TOTAL,STATE TOTAL,TN,STATE TOTAL,10620,11859,142977,552555806,249924384,245573544,282156302,3477531,11,9,78,43,57,88,9,1,1,*,1,*,2.36,2,15,27,52,8,50,54,2,2,4,18,43,75,14,22,51,35,50,46,89,96,54,24,7,39,0,1,0,*,17,*,16,1,0,4,0,0,18,26,15,7634739,6166550,1406156,62033,7267541,6067660,1137578,62303,1670583,1507190,158269,5124
2024,FY,STATE,IRF,STATE TOTAL,STATE TOTAL,STATE TOTAL,TX,STATE TOTAL,56731,68726,850339,3709989491,1697862598,1657007360,1716746073,34168850,13,8,78,43,57,78,8,2,11,0,1,1,2.55,2,14,32,48,11,50,56,2,3,5,18,42,74,17,21,52,35,52,49,89,97,56,28,7,37,0,0,0,0,26,0,14,1,1,5,0,0,15,22,15,43651274,36810869,6734045,106360,42642533,36077351,6459393,105789,8546087,8065174,473352,7561
2024,FY,STATE,IRF,STATE TOTAL,STATE TOTAL,STATE TOTAL,UT,STATE TOTAL,1934,2120,29080,136370744,57717691,56563747,59566287,6659875,10,6,76,49,51,91,*,1,4,*,1,1,2.33,3,18,26,50,8,55,57,3,4,4,13,37,67,17,17,48,23,47,39,80,92,43,26,8,42,*,*,*,*,15,*,21,1,*,3,*,0,19,23,16,1245280,1086485,118405,40390,1291943,1133045,116378,42520,429829,407626,15457,6746
2024,FY,STATE,IRF,STATE TOTAL,STATE TOTAL,STATE TOTAL,VA,STATE TOTAL,10662,11920,144882,629720888,298700683,294670595,298847113,14993147,8,9,78,47,53,82,12,2,2,*,2,*,2.24,2,12,26,46,12,45,50,3,2,3,15,41,73,16,24,47,30,47,43,90,95,51,26,7,42,0,0,0,*,15,*,19,1,0,4,*,*,19,26,16,6982625,5981770,956250,44605,6895848,6104715,749093,42040,1889359,1720783,162005,6571
2024,FY,STATE,IRF,STATE TOTAL,STATE TOTAL,STATE TOTAL,VT,STATE TOTAL,255,273,3695,19118071,8822235,8752619,8708819,1621336,24,20,75,53,47,93,*,*,*,0,*,*,1.86,5,16,15,46,10,49,57,*,*,*,15,36,64,20,24,27,21,39,25,77,88,36,23,7,53,0,0,0,0,8,0,38,0,0,*,*,0,*,26,26,125602,119390,2,6210,126589,120324,60,6205,41431,41371,0,60
2024,FY,STATE,IRF,STATE TOTAL,STATE TOTAL,STATE TOTAL,WA,STATE TOTAL,1977,2089,26952,137801013,64842723,64231411,53983729,3473177,15,5,76,54,46,87,2,3,3,1,2,1,1.89,2,15,21,40,5,39,43,1,4,3,16,38,59,14,19,36,21,42,33,86,92,39,20,6,66,*,1,*,*,9,0,49,*,*,3,*,0,8,16,13,1157549,1097383,57146,3020,1166086,1122645,40082,3359,393027,385643,7089,295
2024,FY,STATE,IRF,STATE TOTAL,STATE TOTAL,STATE TOTAL,WI,STATE TOTAL,3765,4254,52927,206251212,112833971,110800900,110746734,5822432,16,8,76,50,50,91,3,1,2,1,3,0,2.36,2,14,24,44,8,46,50,3,3,3,15,41,68,16,21,50,26,43,44,86,92,48,25,7,40,0,1,0,*,13,*,21,1,1,6,0,*,19,22,15,2653521,2487696,147350,18475,2628802,2434593,176196,18013,787953,736548,50328,1077
2024,FY,STATE,IRF,STATE TOTAL,STATE TOTAL,STATE TOTAL,WV,STATE TOTAL,4349,5010,57578,150277517,106273518,103860862,118523810,1061878,19,20,78,42,58,97,1,*,0,*,1,0,2.53,1,11,29,58,17,52,55,2,3,4,23,46,78,15,21,52,46,53,52,89,96,59,27,7,35,*,1,*,*,33,*,12,1,0,5,*,*,15,22,11,3199680,2246160,952465,1055,3289426,2344103,943156,2167,636356,554947,81159,250
2024,FY,STATE,IRF,STATE TOTAL,STATE TOTAL,STATE TOTAL,WY,STATE TOTAL,644,693,9524,26163112,18782229,18537277,19178880,1276021,12,15,78,44,56,91,*,*,5,*,*,*,1.85,*,10,20,37,7,42,45,2,2,3,16,38,77,12,17,35,35,42,39,73,91,46,27,7,30,*,*,*,*,8,0,15,*,*,10,0,0,14,30,23,557858,445834,98309,13715,487889,367542,105430,14917,102648,94263,4365,4020
2024,FY,PROVIDER,IRF,020017,Alaska Regional Hospital,Anchorage,AK,99508,120,122,1619,18404028,3969544,3894224,3315850,408274,26,25,74,53,47,63,*,*,*,23,*,*,1.80,*,26,*,25,*,32,32,*,*,*,31,33,68,10,15,38,22,37,32,78,*,38,20,*,58,0,*,0,0,*,0,48,0,0,*,0,0,*,18,20,27323,27323,0,0,26114,26114,0,0,10486,10486,0,0
2024,FY,PROVIDER,IRF,022001,St Elias Specialty Hospital,Anchorage,AK,99503,375,388,5717,52031041,12994069,12775485,11236297,2694831,19,19,75,50,50,77,*,4,*,9,*,4,1.86,*,15,23,34,7,31,33,*,3,*,20,41,69,15,19,35,27,43,38,77,91,40,25,5,51,*,*,*,*,10,0,27,*,0,*,*,0,10,34,12,267412,266851,163,398,251877,251127,0,750,62843,62570,90,183
2024,FY,PROVIDER,IRF,010011,St Vincent's East,Birmingham,AL,35235,46,48,713,2890202,1007985,981729,1162087,17757,*,0,79,57,43,93,*,0,0,0,*,0,2.74,*,*,24,28,*,*,*,0,0,0,24,41,65,*,24,54,37,57,63,*,*,59,*,*,48,*,0,*,0,0,0,*,*,0,*,0,0,27,29,*,28369,28369,0,0,29666,29666,0,0,1009,1009,0,0
2024,FY,PROVIDER,IRF,010033,University Of Alabama Hospital,Birmingham,AL,35233,151,164,2264,12807279,4602084,4509372,4638756,240599,13,*,72,52,48,81,17,*,*,0,*,0,2.39,*,14,33,48,*,48,54,*,*,*,22,44,74,13,20,43,25,52,42,89,*,44,11,*,49,*,*,0,0,10,0,21,*,*,*,0,0,*,26,33,111099,111024,75,0,108770,108410,360,0,25994,25994,0,0
2024,FY,PROVIDER,IRF,010092,Dch Regional Medical Center,Tuscaloosa,AL,35401,243,263,3887,11308158,5870092,5786466,6711653,293373,15,14,78,48,52,80,17,*,0,*,*,0,2.91,*,9,31,49,7,46,52,*,*,*,23,55,74,12,22,53,43,57,52,92,*,47,19,*,42,*,*,*,0,6,0,32,5,0,5,0,0,23,23,5,169292,157278,1905,10109,175250,160516,4080,10654,49584,46924,1750,910
2024,FY,PROVIDER,IRF,010100,Thomas Hospital,Fairhope,AL,36532,90,90,1484,4630222,2352809,2340601,2878960,544175,*,*,80,48,52,94,*,0,*,0,*,0,2.10,*,*,37,37,*,43,46,*,0,*,12,58,68,13,28,51,22,48,49,*,*,66,24,*,51,0,*,0,0,*,0,37,*,*,*,0,0,*,14,23,72386,72386,0,0,72888,72888,0,0,11628,11628,0,0
2024,FY,PROVIDER,IRF,010104,Grandview Medical Center,Birmingham,AL,35243,172,193,2229,21926396,3942518,3908934,4606461,94750,*,*,79,41,59,94,*,0,*,0,0,*,2.53,*,14,33,60,11,56,60,*,*,*,15,48,80,17,23,56,36,46,47,90,*,52,30,6,41,0,0,0,0,9,0,15,0,0,*,0,0,35,28,10,130806,130631,105,70,125056,124661,350,45,8440,8440,0,0
2024,FY,PROVIDER,IRF,010113,Mobile Infirmary Medical Center,Mobile,AL,36607,93,99,2138,7179879,2492921,2311049,2825822,157508,*,12,76,47,53,81,16,0,*,0,*,0,2.37,*,17,35,42,*,42,47,*,*,*,23,51,68,*,20,55,26,57,42,*,*,65,27,*,49,0,*,*,0,*,0,31,*,*,*,0,0,*,31,21,77419,77374,0,45,80044,80044,0,0,19205,19205,0,0
2024,FY,PROVIDER,IRF,010114,"Medical West, An Affiliate Of Uab Health System",Bessemer,AL,35022,55,60,819,3126754,1440450,1437186,1635639,62007,*,*,76,44,56,71,27,*,0,0,*,0,2.69,*,22,36,38,*,40,49,*,*,*,33,35,76,*,*,51,56,38,53,*,*,36,22,*,22,0,0,0,*,*,0,*,22,0,0,0,0,*,33,*,45387,42575,2812,0,46756,44115,2641,0,885,855,30,0
2024,FY,PROVIDER,IRF,010139,Brookwood Baptist Medical Center,Vestavia,AL,35216,274,296,3655,43166430,6344205,6306805,7390149,33630,10,6,77,39,61,77,22,0,*,0,*,0,2.60,*,13,32,43,7,49,52,5,*,*,19,48,76,16,24,57,32,50,52,89,*,57,22,*,46,0,*,*,0,21,0,26,5,0,4,0,0,14,18,11,39380,39380,0,0,39670,39640,30,0,4578,4518,60,0
2024,FY,PROVIDER,IRF,010144,Springhill Memorial Hospital,Mobile,AL,36608,155,165,1903,5946603,4047013,3984453,4875178,678003,*,11,79,40,60,91,8,0,0,0,*,*,2.25,*,12,32,41,*,41,43,*,*,*,21,46,71,13,23,52,30,52,52,*,*,66,25,14,41,*,0,0,0,11,0,25,*,*,*,*,0,7,29,18,95353,83020,7223,5110,94005,83881,5235,4889,40199,31225,8370,604
2024,FY,PROVIDER,IRF,010157,North Alabama Shoals Hospital,Muscle Shoals,AL,35661,406,448,5164,21738372,8010010,7897378,10401576,49708,14,7,79,40,60,93,5,*,0,0,*,*,2.25,*,20,29,51,5,56,59,*,*,4,17,47,85,13,16,47,43,48,45,92,*,54,27,9,33,*,*,*,0,24,0,14,*,*,5,*,0,13,30,6,313028,201529,97743,13756,333357,222426,97575,13356,35181,35181,0,0
2024,FY,PROVIDER,IRF,010175,Eamc - Lanier,Valley,AL,36854,86,90,1005,3086004,1905624,1897528,2238428,24799,16,*,79,26,74,91,*,0,0,0,*,0,2.17,*,15,27,55,*,45,48,*,*,*,28,37,79,21,30,51,43,56,42,87,*,50,36,*,29,0,0,0,*,*,0,13,*,0,*,0,0,36,19,20,47953,35937,270,11746,47816,36351,240,11225,13598,12443,60,1095
2024,FY,PROVIDER,IRF,013025,Encompass Health Lakeshore Rehabilitation Hospital,Birmingham,AL,35209,868,958,11380,26381697,21678115,21092243,23859199,240423,12,3,78,46,54,81,17,*,*,*,*,*,2.69,3,17,35,53,11,50,55,3,2,7,18,47,78,15,19,59,37,50,52,87,98,54,26,7,39,*,*,*,*,27,0,10,1,*,2,0,0,13,26,20,642235,466775,175460,0,674993,480189,194804,0,140910,139835,1075,0
2024,FY,PROVIDER,IRF,013028,Encompass Rehabilitation Hospital Of Montgomery,Montgomery,AL,36116,650,723,9000,20052802,15641966,15333334,17869184,102362,16,8,78,43,57,74,25,*,*,0,*,*,2.67,*,14,38,42,6,40,45,*,3,4,15,43,74,15,22,61,40,52,47,88,*,56,22,7,39,0,*,0,0,20,0,14,*,*,6,*,0,18,26,15,503187,313988,189049,150,521751,333004,188540,207,74763,67975,6728,60
2024,FY,PROVIDER,IRF,013029,Encompass Health Rehabilitation Hospital North  Al,Huntsville,AL,35811,1078,1182,14946,35112887,24871287,24427455,28646290,44650,7,*,79,47,53,89,8,*,*,0,*,*,2.59,1,10,29,46,6,45,50,2,1,3,18,49,74,14,23,55,32,54,47,91,97,59,22,7,42,*,*,0,0,15,0,16,0,*,3,0,0,18,30,17,841759,554098,287661,0,869282,634722,234560,0,149331,135931,13400,0
2024,FY,PROVIDER,IRF,013030,Encompass Health Rehabilitation Hospital Of Dothan,Dothan,AL,36301,897,1022,11375,27152284,20488509,20018381,26681539,10000,19,21,77,47,53,85,14,0,*,*,*,*,2.47,*,12,30,51,8,49,57,2,4,6,27,44,72,17,21,47,39,56,49,88,97,53,20,5,39,*,*,*,0,42,*,18,*,*,2,2,0,4,17,14,721834,516079,205755,0,639727,469311,170386,30,115390,86015,29375,0
2024,FY,PROVIDER,IRF,013031,Encompass Health Rehabilitation Hospital Of Shelby,Pelham,AL,35124,410,459,5165,13952594,9410920,9232760,10866619,10009,8,3,78,41,59,90,7,*,*,*,*,*,2.57,3,16,32,56,7,48,56,*,*,5,21,47,78,18,19,62,37,52,54,92,*,59,28,9,43,0,0,*,0,30,0,11,*,0,0,*,0,17,25,17,302445,210240,91705,500,300155,209903,90167,85,71470,69500,1970,0
2024,FY,PROVIDER,IRF,013032,Encompass Health Rehabilitation Hospital Gadsden,Gadsden,AL,35903,586,652,8219,19616913,13665598,13393622,17113175,0,14,5,78,41,59,91,8,*,*,0,*,*,2.71,*,13,30,51,42,52,54,2,*,5,22,50,80,19,23,63,46,53,56,90,*,64,24,5,36,0,*,*,0,45,0,13,*,*,4,0,0,4,21,12,470114,324255,145559,300,488515,328754,159701,60,89675,62408,27267,0
2024,FY,PROVIDER,IRF,013033,Regional Rehabilitation Hospital,Phenix City,AL,36867,758,852,10349,23754209,19395428,19003412,22238347,0,19,2,77,42,58,72,26,*,1,*,0,*,2.79,1,14,30,46,5,45,54,3,4,3,20,43,81,13,17,67,39,56,53,89,98,59,25,5,37,0,0,*,*,28,0,14,*,0,2,*,*,18,21,15,525569,314513,211056,0,521179,316886,204293,0,186783,182480,4300,3
2024,FY,PROVIDER,IRF,040002,Johnson Regional Medical Center,Clarksville,AR,72830,46,46,483,898362,934099,924371,1017759,484,*,*,80,48,52,98,0,0,*,0,*,0,1.51,0,*,26,*,*,24,26,0,*,*,*,46,67,*,*,33,28,35,43,*,*,52,*,*,37,0,0,0,0,*,0,*,0,0,*,0,0,28,43,*,32355,32355,0,0,29183,29183,0,0,1650,1650,0,0
2024,FY,PROVIDER,IRF,040014,Unity Health White County Medical Center,Searcy,AR,72143,258,283,3367,9882212,6291722,6157538,6671713,3730,13,18,80,37,63,97,*,0,*,0,*,*,2.07,*,8,25,46,*,45,45,*,*,4,22,45,68,10,23,39,35,43,38,81,*,53,26,7,29,*,*,*,0,25,0,13,*,*,6,*,0,7,36,*,198601,173243,24100,1258,194726,173184,20285,1257,42130,42130,0,0
2024,FY,PROVIDER,IRF,040015,Mena Regional Health System,Mena,AR,71953,120,134,1411,3560949,2763026,2717650,2866820,7911,12,*,79,45,55,98,0,0,*,*,0,0,1.89,*,10,35,62,12,60,62,*,*,*,21,45,*,19,25,53,48,44,61,80,*,63,36,9,20,*,0,0,*,31,0,16,11,0,*,*,0,13,18,*,81082,51008,0,30074,81380,51336,0,30044,13948,13903,0,45
2024,FY,PROVIDER,IRF,040022,Northwest Medical Center,Springdale,AR,72764,152,164,2194,21986946,3846002,3737762,4258538,561582,18,9,76,40,60,91,*,0,*,*,*,*,2.81,*,19,25,49,11,50,51,*,*,*,22,41,72,16,17,47,45,45,45,84,*,51,23,*,23,0,0,0,0,23,0,9,0,0,*,0,0,33,24,7,83460,83460,0,0,86982,86982,0,0,17555,17555,0,0
2024,FY,PROVIDER,IRF,040027,Baxter Health,Mountain Home,AR,72653,276,300,4184,11947330,6803737,6718545,7226964,19749,11,34,79,42,58,99,0,0,0,*,*,0,2.06,*,26,38,42,5,40,42,4,*,*,20,41,81,13,14,46,45,34,49,81,93,55,35,6,32,*,0,*,0,7,0,18,*,*,7,*,0,6,32,26,223971,223971,0,0,189461,189288,0,173,76338,76338,0,0
2024,FY,PROVIDER,IRF,040036,Baptist Health Medical Center North Little Rock,North Little Rock,AR,72117,435,491,4942,27755249,9612136,9504408,10321580,5735,8,11,80,34,66,90,9,*,*,*,0,0,2.39,*,12,25,43,24,47,48,*,*,*,15,50,77,21,24,50,42,47,48,85,*,63,23,6,34,0,*,*,0,35,0,10,*,*,2,*,0,8,25,14,311080,265815,45220,45,306858,257688,49125,45,28488,27378,1110,0
2024,FY,PROVIDER,IRF,040039,Arkansas Methodist Medical Center,Paragould,AR,72450,141,153,1577,4014480,3193289,3120265,3440744,44579,18,27,81,36,64,99,0,0,*,0,*,0,1.99,*,8,41,59,*,46,51,*,*,*,18,45,84,12,16,40,40,50,48,84,*,55,28,9,33,*,*,0,0,34,0,18,*,*,14,*,0,*,20,*,111943,94822,17061,60,92893,71856,20917,120,1830,1830,0,0
2024,FY,PROVIDER,IRF,040041,St Marys Regional Medical Center,Russellville,AR,72801,226,254,2517,14969570,5144886,5063262,5750861,272953,15,9,80,43,57,99,*,0,*,0,0,0,1.97,0,12,30,35,6,38,39,0,*,*,15,42,63,8,19,45,35,42,58,82,95,54,23,5,36,0,*,0,*,12,0,11,*,*,*,0,*,28,30,12,144045,122943,21012,90,143690,121968,21722,0,16057,15067,960,30
2024,FY,PROVIDER,IRF,040071,Jefferson Regional Medical Center,Pine Bluff,AR,71603,224,251,2734,11407133,5002955,4935859,5960539,14043,23,28,77,38,62,70,27,*,*,0,*,*,2.99,*,13,26,39,10,43,45,*,*,*,25,47,58,13,25,54,40,56,61,93,*,67,17,*,47,*,*,*,0,18,0,25,7,*,*,*,0,*,21,6,158980,122220,36625,135,158380,115920,42325,135,40240,37775,2465,0
2024,FY,PROVIDER,IRF,040078,National Park Medical Center,Hot Springs,AR,71901,325,371,3602,32713891,7079439,6925247,7379542,112147,12,9,79,40,60,93,6,0,*,*,*,*,2.25,*,11,27,63,12,54,54,*,*,5,16,47,83,16,18,47,42,39,51,82,93,54,29,5,31,*,*,*,*,39,0,9,*,*,11,*,0,7,15,11,212221,196811,8445,6965,208345,173655,27695,6995,46338,46218,30,90
2024,FY,PROVIDER,IRF,040084,Saline Memorial Hospital,Benton,AR,72015,238,266,2856,11364091,5536561,5432529,6069387,158232,5,*,80,41,59,94,*,*,*,0,*,*,2.33,*,12,26,40,6,51,51,*,*,5,19,52,64,11,26,50,34,44,45,81,*,63,26,9,39,0,0,*,*,26,0,16,*,*,5,0,0,18,26,6,165204,82764,79786,2654,172391,109068,60669,2654,20345,20253,90,2
2024,FY,PROVIDER,IRF,040088,South Arkansas Regional Hospital Llc,El Dorado,AR,71730,166,184,2010,19129956,3555746,3464738,3791064,16656,13,*,80,42,58,87,13,0,0,0,*,*,1.75,*,7,22,34,*,42,45,*,*,*,19,42,64,13,16,42,39,37,46,83,*,61,21,*,36,0,*,*,*,15,0,21,*,*,13,*,0,*,21,14,115588,115588,0,0,116366,115911,455,0,2986,2986,0,0
2024,FY,PROVIDER,IRF,040118,Nea Baptist Memorial Hospital,Jonesboro,AR,72405,270,284,3267,20407571,5332440,5279688,6282840,12243,13,20,79,40,60,95,*,0,*,0,*,*,2.38,0,9,27,49,6,52,54,*,*,*,19,46,77,10,22,53,39,49,68,89,95,56,31,7,41,*,*,0,0,*,*,17,*,*,*,*,0,34,24,11,198928,185244,13414,270,185447,173649,11483,315,40221,40221,0,0
2024,FY,PROVIDER,IRF,040119,White River Medical Center,Batesville,AR,72503,271,297,3377,10713482,6329778,6266290,6697157,2264,17,41,81,38,62,100,0,0,*,0,*,0,2.28,0,8,29,44,10,48,50,*,*,5,20,49,72,16,21,64,40,41,68,87,94,58,36,9,34,*,*,*,0,24,*,23,*,*,11,*,0,*,26,*,217493,214389,0,3104,202220,199116,0,3104,53977,53977,0,0
2024,FY,PROVIDER,IRF,040154,Baptist Health Medical Center- Conway,Conway,AR,72032,195,206,1963,11918557,3951695,3888399,4255443,0,9,23,79,47,53,97,*,*,*,0,0,0,2.06,*,16,28,42,14,45,47,*,*,*,19,44,69,14,21,45,42,49,50,88,*,57,21,6,34,*,0,*,0,34,0,11,*,*,*,*,0,12,22,15,135979,123269,12710,0,128301,117241,11060,0,12638,12158,480,0
2024,FY,PROVIDER,IRF,043026,Baptist Health Rehabilitation Institute,Little Rock,AR,72205,657,724,8093,43625499,17078870,16783782,17008181,4750,10,12,77,42,58,83,14,*,*,0,*,*,2.36,2,12,19,44,8,45,48,*,*,3,17,43,70,14,23,42,35,41,46,83,98,58,24,5,44,*,*,*,0,12,0,19,*,*,4,*,0,12,27,21,494367,424100,70177,90,501850,411883,89967,0,84929,72910,12019,0
2024,FY,PROVIDER,IRF,043028,Encompass Health Rehabilitation Hospital Ft Smith,Fort Smith,AR,72901,847,1040,12418,28942410,22923304,22050352,23985208,10952,29,32,77,44,56,88,2,*,*,7,*,*,2.90,2,21,33,57,13,63,64,2,4,7,24,41,86,17,19,58,45,53,58,88,98,58,32,7,36,*,0,*,0,34,0,14,*,*,4,0,0,19,17,11,717449,475588,241556,305,717245,501132,215888,225,130930,127045,3795,90
2024,FY,PROVIDER,IRF,043029,Encompass Health Rehabilitation Hospital,Jonesboro,AR,72401,1025,1227,15858,37944187,26716171,25804555,29204740,1654,22,23,78,38,62,93,6,*,*,0,*,*,2.31,*,15,29,53,8,58,62,1,2,4,18,47,77,11,18,49,39,46,51,86,96,54,26,7,36,0,0,0,0,34,0,11,*,*,6,*,*,12,20,15,872456,616106,237902,18448,713160,479840,215559,17761,378827,190861,185831,2135
2024,FY,PROVIDER,IRF,043031,Chi St Vincent Sherwood Rehabilitation Hospital,Sherwood,AR,72120,1091,1253,16365,36881803,28793898,28099746,29751942,0,18,12,77,42,58,83,15,*,*,0,*,*,2.49,4,17,29,46,10,50,51,2,2,4,21,45,73,14,22,51,39,51,51,87,99,79,19,6,45,*,*,*,0,41,0,14,*,*,2,0,*,8,18,15,777661,551338,223238,3085,865915,620392,242493,3030,298504,204354,94150,0
2024,FY,PROVIDER,IRF,043032,Encompass Health Rehab Hosp A Partner Of Wash Reg,Fayetteville,AR,72703,925,1070,13237,31192242,24134326,23385286,25781383,30273,15,12,78,42,58,96,*,*,1,*,*,*,2.37,2,20,30,46,10,48,49,2,3,2,24,45,75,16,22,50,38,44,48,81,95,57,28,7,36,0,*,*,*,23,*,14,*,*,13,*,*,10,22,15,755290,585789,168961,540,743929,560231,183293,405,112640,110075,2565,0
2024,FY,PROVIDER,IRF,043033,Conway Regional Rehabilitation Hospital,Conway,AR,72034,242,279,3262,6971933,5734284,5649900,6171227,4634,7,21,80,36,64,94,*,*,*,0,*,*,1.90,*,12,27,45,5,49,50,*,*,*,18,43,79,16,21,42,32,49,49,92,*,56,29,7,36,0,0,0,0,6,0,10,0,0,*,0,0,28,28,28,186416,149091,37325,0,178430,154115,24285,30,24900,24015,885,0
2024,FY,PROVIDER,IRF,043034,Southeast Rehabilitation Hospital,Lake Village,AR,71653,144,164,2013,9147863,3770643,3611647,4004516,5351,35,86,79,42,58,78,21,*,0,0,0,*,1.86,*,*,43,38,*,51,56,*,*,*,13,40,81,*,16,43,31,47,67,83,*,59,17,16,40,*,0,*,*,14,0,29,*,*,22,7,0,0,16,*,100455,100455,0,0,90409,90409,0,0,51285,51285,0,0
2024,FY,PROVIDER,IRF,043035,"Chi St Vincent Hs Rehab Hosp, A Part Of Encompass",Hot Springs,AR,71913,883,1027,12104,30713685,23548535,23004703,24078168,0,12,12,80,42,58,93,5,*,1,0,*,*,2.26,*,10,25,52,7,47,49,2,3,3,14,48,77,12,20,46,38,42,49,90,97,59,26,6,35,0,*,*,0,28,*,14,0,*,4,0,0,16,20,17,714524,513128,201216,180,764962,527201,237641,120,98259,91984,6275,0
2024,FY,PROVIDER,IRF,043036,Mercy  Rehabilitation Hospital Northwest Ar,Rogers,AR,72758,573,638,6752,17874044,13448373,13200093,15358563,9867,11,11,79,43,57,95,*,*,*,*,*,*,2.38,*,15,35,48,7,49,52,*,3,4,19,44,75,16,24,52,35,43,42,86,94,61,29,8,33,*,*,*,*,22,*,16,3,*,8,*,0,9,27,8,398241,365363,32053,825,397455,355163,42022,270,63849,63448,401,0
2024,FY,PROVIDER,IRF,043037,Mercy Rehabilitation Hospital,Fort Smith,AR,72916,737,817,8759,36656041,17422848,17048976,19362185,0,13,30,79,36,64,93,*,*,1,4,*,*,2.19,*,15,26,50,8,55,56,*,2,5,17,42,73,14,20,55,37,45,50,90,97,55,35,6,32,1,*,*,0,23,0,12,3,*,4,2,0,14,24,14,587677,401066,162574,24037,507138,354528,128601,24009,70762,70275,0,487
2024,FY,PROVIDER,IRF,043038,Jefferson Regional Specialty Hospital,White Hall,AR,71602,76,81,748,3136617,1397186,1372706,1715106,0,14,28,79,51,49,89,*,0,0,0,*,0,1.77,*,*,24,43,*,45,46,*,0,*,24,57,62,*,24,46,41,37,64,*,100,66,18,*,26,0,0,0,0,28,0,21,*,0,*,0,0,14,21,*,44788,38755,5940,93,46065,36825,9150,90,5235,4995,240,0
2024,FY,PROVIDER,IRF,030010,St. Mary's Hospital,Tucson,AZ,85745,148,154,2083,21598341,3501542,3461670,3776367,383873,12,*,78,47,53,78,*,*,11,*,*,*,2.47,*,15,22,43,*,43,45,*,*,*,20,46,59,14,25,54,32,53,40,91,*,51,22,*,45,*,0,0,*,*,0,30,*,0,*,0,0,22,29,9,48406,48406,0,0,49437,49437,0,0,6453,6453,0,0
2024,FY,PROVIDER,IRF,030024,St. Joseph's Hospital And Medical Center,Phoenix,AZ,85013,192,205,3492,23054400,7205782,7003670,6976927,1489946,*,8,74,54,46,79,*,*,6,6,*,*,1.98,*,21,26,45,9,39,46,*,7,*,12,36,73,19,23,38,30,44,24,82,91,45,32,7,53,*,*,*,0,15,0,20,*,0,11,*,0,11,7,28,54938,54818,120,0,55822,54577,1245,0,25572,25572,0,0
2024,FY,PROVIDER,IRF,030038,Honorhealth Scottsdale Osborn Medical Center,Scottsdale,AZ,85251,114,117,1501,10302458,2679251,2669051,2625694,102669,*,*,78,51,49,92,0,*,*,0,*,0,1.80,*,11,16,46,*,43,44,*,*,0,11,44,63,11,25,29,24,25,25,89,90,46,25,*,62,0,15,0,0,*,0,38,0,0,*,0,0,0,32,0,57357,57357,0,0,56690,56690,0,0,27931,27931,0,0
2024,FY,PROVIDER,IRF,030114,Oro Valley Hospital,Oro Valley,AZ,85755,398,434,4484,27165351,9130171,9086331,10031028,36315,6,*,80,45,55,90,*,*,5,*,*,*,2.14,*,11,26,40,3,44,45,*,*,*,12,40,73,23,24,46,32,38,39,90,96,47,32,8,34,*,*,0,0,11,0,14,0,0,*,*,0,25,36,11,109985,107440,930,1615,111538,108723,1260,1555,24836,24276,560,0
2024,FY,PROVIDER,IRF,030117,Valley View Medical Center,Fort Mohave,AZ,86426,149,156,1457,16084507,3253624,3212024,3425756,228423,13,*,77,50,50,89,*,0,10,*,0,0,1.83,*,26,23,34,7,34,36,*,*,*,24,44,64,*,20,44,34,48,44,93,*,46,17,9,48,*,0,*,0,*,0,19,*,0,11,0,0,32,28,*,53248,53248,0,0,43484,43479,0,5,24380,24380,0,0
2024,FY,PROVIDER,IRF,033025,Encompass Health Rehab Hospital Of Scottsdale,Scottsdale,AZ,85260,640,707,7549,18753307,16241064,15941112,15408440,4994,6,2,79,53,47,89,2,2,4,2,*,*,2.53,3,16,24,44,12,43,51,2,3,*,12,43,76,16,25,41,28,40,39,90,93,52,32,10,43,*,*,0,0,15,0,15,*,0,3,0,0,14,26,25,261584,219745,41664,175,186541,154945,31203,393,61671,50367,11176,128
2024,FY,PROVIDER,IRF,033028,Encompass Health Rehabilitation Institute Of Tucso,Tucson,AZ,85712,838,930,10518,25505671,19300820,18933276,20268679,641,9,1,79,46,54,86,2,*,8,1,1,*,2.30,2,16,26,57,6,59,69,3,5,2,12,44,72,18,22,49,31,41,41,86,93,49,34,7,37,0,*,0,*,6,0,12,*,*,4,0,0,25,31,20,466634,338403,124965,3266,422605,317094,102354,3157,118596,102264,15835,497
2024,FY,PROVIDER,IRF,033029,Encompass Health Rehabilitation Hospital Of Northw,Tucson,AZ,85704,610,667,7480,18521425,14115418,13846810,14837515,0,6,*,79,43,57,87,2,*,7,*,*,*,2.30,2,16,27,49,6,55,58,2,5,3,12,37,74,17,20,46,30,39,36,87,92,48,31,9,36,0,*,*,*,23,0,13,*,*,12,0,0,6,30,16,314707,272802,41635,270,338223,293792,44281,150,92568,77113,15405,50
2024,FY,PROVIDER,IRF,033032,Encompass Health Valley Of The Sun Rehab Hospital,Glendale,AZ,85304,519,572,7126,17421148,14272451,13961075,13206691,2612,12,2,77,46,54,87,*,*,7,*,*,*,2.45,*,23,30,52,13,54,57,13,2,4,18,40,76,21,21,51,37,45,39,87,93,55,33,7,39,*,*,*,*,20,0,14,*,*,3,0,0,15,28,19,306141,259390,46691,60,331579,273901,57678,0,90129,76544,13585,0
2024,FY,PROVIDER,IRF,033034,"Yuma Rehabilitation Hospital,an Affiliation Of Enc",Yuma,AZ,85364,1036,1241,13292,33157908,28003132,26593364,25873478,7040,21,4,79,46,54,75,*,*,21,2,*,*,2.11,*,17,35,38,5,40,44,2,5,3,13,38,77,15,19,67,34,49,44,90,97,55,34,6,36,0,0,*,*,46,0,12,*,*,2,0,0,*,23,16,776586,624861,149210,2515,673560,576656,93954,2950,155472,138542,16930,0
2024,FY,PROVIDER,IRF,033036,Mountain Valley Regional Rehabilitation Hospital,Prescott Valley,AZ,86314,496,539,8085,19048423,14691716,14504340,14482806,19629,4,*,79,43,57,94,*,*,*,*,*,*,1.84,*,18,19,40,7,40,44,*,3,3,13,37,76,16,21,36,31,36,32,90,97,53,38,10,41,0,*,0,0,6,0,16,0,0,5,0,0,5,40,27,404361,307436,96760,165,351593,284100,67118,375,75514,70669,4845,0
2024,FY,PROVIDER,IRF,033037,Encompass Health Rehabilitation Hospital Of East V,Mesa,AZ,85206,731,792,9242,23175027,18888491,18491667,17735458,0,9,4,79,46,54,87,2,*,5,2,*,*,2.30,2,17,25,46,10,48,55,*,3,3,14,44,76,16,21,49,33,44,39,89,96,53,30,9,40,*,*,0,0,14,0,15,*,0,10,0,0,13,28,19,418104,310120,103239,4745,360020,269250,86540,4230,83350,68623,14547,180
2024,FY,PROVIDER,IRF,033038,"Globalrehab - Scottsdale, Llc",Scottsdale,AZ,85258,589,626,7793,67814552,16476006,16207254,15075344,95345,5,*,79,53,47,90,*,*,4,*,3,*,2.06,*,16,21,39,10,38,44,*,*,3,9,42,72,15,24,40,24,33,34,88,91,50,33,11,40,4,3,*,0,8,*,25,*,*,17,*,0,3,34,*,159504,134517,24987,0,145574,121692,23882,0,39558,36253,3305,0
2024,FY,PROVIDER,IRF,033039,Pam Health Rehabilitation Hospital Of Surprise,Surprise,AZ,85378,600,681,8165,32431209,17590436,17131388,16528998,167158,8,2,80,46,54,90,4,*,5,*,*,*,2.50,*,20,35,54,16,53,55,4,2,5,16,47,80,16,23,55,36,43,41,90,97,53,32,8,40,*,*,*,*,25,*,15,0,*,3,0,0,15,26,13,449169,427923,20586,660,365780,349327,15543,910,58421,58386,35,0
2024,FY,PROVIDER,IRF,033040,Dignity Health East Valley Rehabilitation Hospital,Chandler,AZ,85224,890,990,11595,47182177,24955984,24696240,24579137,0,6,2,79,45,55,85,4,2,4,3,*,*,2.50,2,18,28,43,14,46,51,2,2,4,13,43,72,18,23,54,33,49,43,90,95,57,28,9,40,*,2,*,*,19,*,16,4,1,9,*,0,5,33,8,623215,554433,48640,20142,543563,465755,57553,20255,107282,106165,1010,107
2024,FY,PROVIDER,IRF,033041,Rehabilitation Hospital Of Northern Arizona,Flagstaff,AZ,86001,405,442,6327,13602165,12592903,12374103,11082546,20652,27,12,76,45,55,62,*,*,4,31,*,*,1.76,*,19,20,29,10,36,39,*,*,*,13,27,64,15,12,29,19,41,25,75,82,34,27,7,39,0,*,0,*,6,0,17,0,0,11,0,0,10,31,23,304368,260555,43813,0,269920,223555,46335,30,80505,68240,12265,0
2024,FY,PROVIDER,IRF,033042,Banner Rehabilitation Hospital-west,Peoria,AZ,85381,1462,1576,20261,117871120,40431959,40027039,38695491,296723,9,2,78,47,53,85,3,*,6,2,2,*,2.40,1,17,25,42,9,41,47,2,3,3,15,43,69,16,23,52,31,48,39,90,95,54,32,6,47,*,*,0,0,8,*,19,*,*,3,0,0,23,31,15,801701,702067,99634,0,834762,711974,122788,0,240085,227437,12648,0
2024,FY,PROVIDER,IRF,033043,Reunion Rehabilitation Hospital Phoenix Llc,Phoenix,AZ,85006,294,323,3916,12866584,8944129,8709449,8200512,673592,25,*,75,51,49,75,8,*,7,5,*,*,2.57,*,24,32,49,20,55,59,6,4,6,20,35,72,18,18,47,32,48,39,82,92,49,27,8,41,*,0,*,0,23,0,11,*,*,4,0,0,32,20,8,107649,102332,4023,1294,99658,96388,1957,1313,33914,32801,1080,33
2024,FY,PROVIDER,IRF,033044,Dignity Health East Valley Rehabilitation Hospital,Gilbert,AZ,85295,564,617,6781,25084795,14374816,14199824,14399675,0,8,*,79,44,56,89,3,*,2,2,*,*,2.16,*,16,29,48,11,51,57,*,4,4,15,44,71,16,25,55,32,47,37,88,96,55,27,10,40,2,*,*,*,17,*,18,5,*,9,*,0,4,32,7,364897,320736,20916,23245,345109,306675,15608,22826,60005,58756,1231,18
2024,FY,PROVIDER,IRF,033045,Reunion Rehabilitation Hospital Peoria Llc,Peoria,AZ,85381,442,482,5776,19090939,12159347,11847939,11833639,469473,10,*,78,43,57,86,3,*,6,*,*,*,2.41,*,21,38,52,18,56,62,3,3,6,15,40,81,19,25,52,35,46,39,91,95,53,35,7,39,0,0,0,*,18,0,12,*,0,3,0,0,25,29,12,318528,301962,16516,50,274424,263607,10717,100,24959,23964,995,0
2024,FY,PROVIDER,IRF,033046,Clearsky Rehabilitation Hospital Of Avondale,Avondale,AZ,85392,274,313,3990,9197453,7791313,7667801,7757386,0,14,*,76,51,49,71,9,*,13,*,*,*,2.38,*,19,34,38,8,41,43,*,*,*,16,38,72,15,26,52,30,47,44,89,95,54,24,10,47,0,*,*,*,15,0,22,*,*,4,0,0,17,24,15,162344,145759,16585,0,171883,156033,15850,0,40725,31775,8950,0
2024,FY,PROVIDER,IRF,050006,Providence St Joseph Hospital,Eureka,CA,95501,169,180,2121,20192481,6574445,6529989,5299804,1110292,30,*,77,46,54,92,0,*,0,*,0,*,2.37,*,34,21,48,11,49,55,*,*,*,22,40,63,14,17,38,39,46,46,76,90,40,42,*,38,0,0,*,0,6,0,23,*,*,*,0,0,10,36,21,175500,175355,145,0,116883,116832,51,0,14169,14169,0,0
2024,FY,PROVIDER,IRF,050008,California Pacific Medical Ctr-davies Campus Hosp,San Francisco,CA,94117,253,264,4054,36268040,13528472,13451320,7880984,2278186,25,*,75,55,45,64,6,15,8,*,4,*,2.14,*,18,21,36,5,38,44,*,*,*,11,40,66,19,24,39,18,38,30,89,91,38,28,8,64,*,4,0,0,8,0,44,0,*,20,0,*,*,13,7,162957,161451,45,1461,159405,156512,1440,1453,62982,62884,0,98
2024,FY,PROVIDER,IRF,050009,Providence Queen Of The Valley Medical Center,Napa,CA,94558,138,142,1529,17514015,5597965,5550325,3953598,738443,18,*,78,56,44,78,*,*,10,0,*,*,2.23,*,18,22,40,*,37,41,*,*,*,9,37,70,20,21,41,14,38,44,91,*,51,19,9,56,0,*,0,0,15,0,32,0,0,*,0,0,0,30,18,64405,64405,0,0,61625,61625,0,0,38910,38910,0,0
2024,FY,PROVIDER,IRF,050017,Mercy General Hospital,Sacramento,CA,95819,126,128,1624,18259581,5498663,5484823,3298771,59563,32,*,74,56,44,73,*,10,*,0,*,*,1.71,*,19,11,33,*,33,36,0,*,*,17,31,63,12,17,33,21,46,33,*,*,40,13,*,68,0,*,*,0,*,0,54,0,0,9,*,0,*,25,0,25685,22895,2730,60,27857,22255,5542,60,25689,20498,5191,0
2024,FY,PROVIDER,IRF,050024,Paradise Valley Hospital,National City,CA,91950,30,31,353,2334859,1153196,1146668,925347,254049,*,0,75,63,37,53,*,*,*,*,*,0,2.55,0,*,*,*,*,53,57,0,*,*,*,43,50,*,*,43,*,63,43,*,*,37,*,*,*,*,*,0,0,*,0,*,*,0,*,0,0,*,*,0,14115,10665,285,3165,13515,10560,30,2925,5730,4785,120,825
2024,FY,PROVIDER,IRF,050026,Grossmont Hospital,La Mesa,CA,91942,72,73,1168,11867649,4059314,4047514,3319562,1310398,28,0,75,51,49,64,*,*,22,0,*,*,1.69,*,19,25,26,*,47,49,*,*,*,*,28,65,*,*,35,*,51,35,*,*,36,15,*,75,0,0,0,0,*,0,64,0,0,*,0,0,*,*,25,44032,44032,0,0,42833,42833,0,0,25641,25641,0,0
2024,FY,PROVIDER,IRF,050038,Santa Clara Valley Medical Center,San Jose,CA,95128,186,198,3553,49557778,15874777,15775121,9125430,3682051,24,0,75,52,48,50,*,27,11,0,*,*,1.90,*,13,25,37,*,34,41,0,*,*,12,34,65,15,16,30,13,42,28,88,87,45,23,8,55,*,*,0,0,30,0,35,0,0,9,0,0,*,20,*,112615,88005,24550,60,85270,80795,4385,90,44212,39802,4410,0
2024,FY,PROVIDER,IRF,050039,Enloe Health,Chico,CA,95926,351,371,4585,46994931,10722191,10648287,9600789,179904,20,13,79,48,52,89,0,*,7,*,*,*,2.15,*,21,19,36,7,36,43,*,4,*,14,44,57,13,20,38,32,38,40,83,93,41,23,7,44,*,*,0,0,9,0,23,*,*,4,*,0,*,34,25,240432,238769,0,1663,225565,223966,39,1560,133665,133563,0,102
2024,FY,PROVIDER,IRF,050043,Alta Bates Summit Medical Center,Oakland,CA,94609,313,323,5504,51078612,16300108,16104060,9143829,1636449,31,*,75,50,50,58,17,13,8,*,*,*,2.36,5,22,21,44,7,46,51,*,4,*,12,39,64,19,18,42,19,44,35,85,90,50,27,8,49,*,4,*,*,11,0,38,*,0,14,*,*,*,17,11,222823,220453,2370,0,214625,212045,2580,0,87930,86805,1125,0
2024,FY,PROVIDER,IRF,050057,Kaweah Health Medical Center,Visalia,CA,93291,213,216,2627,11531601,5377701,5349693,5260850,83766,34,0,76,51,49,60,*,*,33,*,*,0,2.61,0,15,19,38,*,36,36,*,*,*,13,38,66,16,19,52,25,54,39,91,*,58,22,5,50,*,*,0,0,*,0,31,*,0,*,0,0,0,36,29,142131,134058,3303,4770,120614,115931,1098,3585,40535,39335,0,1200
2024,FY,PROVIDER,IRF,050058,Glendale Mem Hospital & Hlth Center,Glendale,CA,91204,289,317,2959,27161261,10930653,10865541,7525663,149372,80,0,80,36,64,60,*,7,21,0,9,*,2.77,*,21,43,53,10,57,60,*,*,12,17,39,92,21,23,56,39,70,60,*,*,73,46,6,39,0,*,*,0,18,0,10,*,*,5,*,0,38,20,6,78555,77475,1080,0,77095,76315,780,0,15915,15870,45,0
2024,FY,PROVIDER,IRF,050060,Community Regional Medical Center,Fresno,CA,93721,200,212,2791,19449975,6822579,6748451,5586571,48654,40,*,74,52,48,56,*,8,32,*,*,*,2.44,*,13,18,24,*,32,34,*,0,*,15,34,52,16,22,50,19,57,48,90,94,51,26,6,55,0,*,*,0,*,0,29,*,*,*,*,0,*,32,26,164520,164520,0,0,111877,111877,0,0,44105,44105,0,0
2024,FY,PROVIDER,IRF,050063,Hollywood Presbyterian Medical Center,Los Angeles,CA,90027,236,246,2988,22463534,8085592,8063720,5644675,59462,82,0,80,36,64,31,9,41,12,0,*,*,3.25,*,19,48,45,6,51,56,*,*,14,14,39,86,19,18,69,42,71,59,*,*,67,48,11,32,0,0,*,*,39,0,10,0,0,7,0,0,7,23,11,169485,169485,0,0,122175,122175,0,0,8781,8781,0,0
2024,FY,PROVIDER,IRF,050073,Kaiser Foundation Hospital And Rehab Center,Vallejo,CA,94589,18,18,305,2863167,1103508,1101908,621805,32933,*,0,73,*,*,*,*,*,*,0,*,*,1.19,0,0,*,*,0,*,*,0,0,*,*,*,*,*,*,*,*,*,*,*,*,*,*,0,*,0,0,0,0,*,0,*,0,0,0,0,0,0,*,*,*,*,*,*,*,*,*,*,*,*,*,*
2024,FY,PROVIDER,IRF,050078,Providence Little Co Of Mary Med Ctr San Pedro,San Pedro,CA,90732,112,115,1673,12590042,4290751,4239847,3239128,26337,27,0,76,56,44,58,11,*,16,0,*,*,2.77,*,12,23,38,*,31,46,*,*,*,*,38,60,12,22,38,15,58,38,*,*,42,25,*,68,0,0,*,0,19,0,53,0,0,0,0,0,*,*,12,67344,67199,145,0,67860,67635,225,0,28141,27916,225,0
2024,FY,PROVIDER,IRF,050082,St Johns Regional Medical Center,Oxnard,CA,93030,217,236,3295,37558005,7983796,7875900,6184272,560091,29,0,78,51,49,59,*,7,26,*,*,*,2.44,*,19,23,42,*,38,41,*,*,5,12,47,69,14,16,47,26,52,46,90,*,52,29,7,51,0,*,*,0,*,0,39,*,0,9,0,0,0,31,14,76565,74825,1740,0,75030,73260,1770,0,27771,27771,0,0
2024,FY,PROVIDER,IRF,050100,Sharp Memorial Hospital,San Diego,CA,92123,67,69,1119,11394985,3006225,2940833,2382984,443271,25,0,76,60,40,67,*,*,18,0,*,*,2.37,*,*,30,45,*,43,45,0,0,*,*,49,64,*,19,46,18,46,39,*,*,60,18,*,64,0,0,0,0,*,0,43,0,0,0,0,0,*,17,26,34815,34815,0,0,34560,34425,135,0,20431,20176,255,0
2024,FY,PROVIDER,IRF,050103,Adventist Health White Memorial,Los Angeles,CA,90033,77,85,982,12229445,3259764,3216484,2354006,363570,81,0,77,42,58,16,0,*,77,0,0,*,3.75,*,22,39,47,*,38,42,*,0,*,14,39,77,21,18,56,27,82,56,*,100,58,29,*,48,0,0,0,0,34,0,13,0,*,18,0,0,*,16,15,65213,65213,0,0,57645,57645,0,0,3845,3845,0,0
2024,FY,PROVIDER,IRF,050107,Marian Regional Medical Center,Santa Maria,CA,93454,380,395,4154,42764798,12350878,12312054,9539348,525140,18,*,78,46,54,82,*,*,12,0,3,*,1.97,*,22,25,39,8,41,43,*,3,3,10,37,65,11,19,43,26,37,35,83,91,39,32,7,50,*,3,*,0,10,0,35,*,*,8,*,0,*,35,*,123336,107002,4095,12239,142353,127824,3185,11344,70150,60070,8460,1620
2024,FY,PROVIDER,IRF,050116,Northridge Hospital Medical Center,Northridge,CA,91325,143,150,2024,40978252,5706947,5686643,4297932,305459,52,0,78,43,57,64,*,17,13,0,*,*,2.30,*,10,28,45,8,52,55,*,*,8,9,34,80,17,20,40,28,59,55,*,*,60,34,10,54,0,*,0,0,9,0,30,*,0,*,*,0,*,37,11,52560,52560,0,0,50575,49855,720,0,16263,16263,0,0
2024,FY,PROVIDER,IRF,050126,Valley Presbyterian Hospital,Van Nuys,CA,91406,137,146,1518,6808303,4987492,4959468,3485975,54405,69,*,78,47,53,61,*,8,23,0,*,*,3.35,*,15,42,48,12,56,59,*,*,13,20,45,82,23,16,53,38,72,61,91,*,68,37,*,39,0,0,*,0,14,0,12,0,0,*,0,0,28,34,9,35517,34287,1170,60,35630,31060,4465,105,12925,12250,630,45
2024,FY,PROVIDER,IRF,050128,Tri-city Medical Center,Oceanside,CA,92056,69,70,658,3268752,1908713,1897361,1487912,43764,*,*,78,49,51,84,*,*,*,0,*,0,1.41,*,*,*,26,*,32,38,*,*,0,*,30,67,*,19,26,*,35,20,83,81,35,22,*,51,0,0,0,0,*,0,31,0,0,*,0,0,*,*,44,24554,24554,0,0,22553,22553,0,0,5852,5852,0,0
2024,FY,PROVIDER,IRF,050135,Southern California Hospital At Hollywood,Hollywood,CA,90028,129,135,1543,14430639,4823275,4796355,3787965,840145,66,0,75,41,59,36,32,*,24,0,*,*,3.49,*,33,44,60,18,68,68,0,*,29,20,29,*,34,24,60,50,70,64,*,*,68,28,*,40,*,0,*,0,18,0,13,*,*,*,0,0,17,14,22,64950,64950,0,0,46440,46440,0,0,12120,12120,0,0
2024,FY,PROVIDER,IRF,050145,Community Hospital Of The Monterey Peninsula,Monterey,CA,93940,140,147,2090,26854327,7871516,7833892,5027314,2172974,21,0,77,45,55,70,*,*,16,*,*,*,2.45,*,21,22,40,15,35,38,*,*,*,16,41,65,16,15,38,30,47,44,91,*,60,30,9,59,0,*,0,0,*,0,38,0,0,*,0,0,8,19,28,90086,90086,0,0,75256,75256,0,0,59069,59069,0,0
2024,FY,PROVIDER,IRF,050152,Saint Francis Memorial Hospital,San Francisco,CA,94109,51,54,828,10728375,3649033,3563977,2108499,1404983,43,*,73,57,43,63,*,24,*,0,0,*,2.39,*,*,29,41,*,47,51,*,*,*,*,37,69,*,*,55,29,51,41,*,*,43,31,*,51,0,0,*,0,*,0,31,0,0,0,0,0,0,*,54,16116,14826,0,1290,15395,14060,60,1275,4335,4320,0,15
2024,FY,PROVIDER,IRF,050158,Encino Hospital Medical Center,Encino,CA,91436,178,187,2297,16285560,6046817,6020465,4469501,120378,46,0,82,35,65,74,*,11,6,0,*,*,2.49,*,17,49,53,20,61,61,*,*,22,20,34,91,17,22,48,40,57,61,*,*,63,39,13,35,9,*,0,0,7,0,10,11,*,*,*,0,8,34,16,139055,139055,0,0,135385,135385,0,0,31740,31740,0,0
2024,FY,PROVIDER,IRF,050168,Providence St. Jude Medical Center,Fullerton,CA,92835,148,153,2077,16824975,5355836,5311844,4467266,510199,20,*,78,50,50,63,*,16,14,0,*,*,2.71,*,17,28,34,*,41,42,*,*,*,*,33,72,15,21,46,22,45,39,91,91,39,29,*,59,0,*,0,0,8,0,27,0,0,*,0,*,*,24,32,80785,80785,0,0,65895,65895,0,0,32055,31935,120,0
2024,FY,PROVIDER,IRF,050169,Pih Health Hospital-whittier,Whittier,CA,90602,105,115,1342,12598359,3757697,3741569,2729887,8720,47,0,75,51,49,41,*,11,45,0,0,*,3.90,0,18,24,37,*,37,40,*,0,*,15,48,55,14,23,66,35,72,60,*,*,62,23,*,51,*,0,*,0,*,0,35,*,0,*,*,0,*,27,17,76395,76395,0,0,79170,79170,0,0,13664,13664,0,0
2024,FY,PROVIDER,IRF,050174,Providence Santa Rosa Memorial Hospital,Santa Rosa,CA,95405,123,130,1808,17362300,7069031,7051943,4373326,1142157,20,0,76,50,50,87,*,*,*,*,*,0,2.18,*,21,15,37,*,38,44,*,*,*,16,39,62,18,21,28,26,33,37,83,90,44,20,*,70,*,*,0,0,*,0,55,*,0,*,0,0,0,18,13,54190,53710,0,480,47860,47470,0,390,19755,19755,0,0
2024,FY,PROVIDER,IRF,050180,John Muir Medical Center - Walnut Creek Campus,Walnut Creek,CA,94598,219,231,2914,45095551,11352840,11323688,6750168,2311577,19,*,76,51,49,72,6,13,7,0,*,*,1.80,*,14,20,32,*,32,34,*,*,*,13,38,73,14,18,42,19,34,26,89,90,41,23,*,62,0,6,0,0,10,0,42,0,0,13,0,0,*,22,7,144084,143205,0,879,148757,147801,0,956,43733,43456,0,277
2024,FY,PROVIDER,IRF,050191,St Mary Medical Center,Long Beach,CA,90813,92,99,1361,10408296,3240683,3227251,2445097,193751,49,0,78,46,54,64,16,*,15,0,0,*,2.89,*,25,34,34,*,49,63,*,*,*,21,41,70,16,22,52,42,64,47,*,*,59,29,*,52,*,*,*,0,*,0,26,*,*,*,*,0,*,31,14,73509,73509,0,0,63867,63867,0,0,7066,7066,0,0
2024,FY,PROVIDER,IRF,050204,Palmdale Regional Medical Center,Palmdale,CA,93552,341,386,5097,67988217,13908428,13806812,10479583,322908,42,*,73,43,57,61,17,*,16,*,*,*,2.95,3,21,28,44,12,47,51,*,5,10,21,37,78,23,15,48,42,63,50,86,93,53,33,5,42,*,*,*,0,13,0,17,5,*,12,*,0,6,32,7,151580,149750,1830,0,150314,150314,0,0,19115,19115,0,0
2024,FY,PROVIDER,IRF,050224,Hoag Memorial Hospital Presbyterian,Newport Beach,CA,92663,382,399,4523,41010342,14078202,13917282,11949715,3259548,11,*,79,51,49,82,*,10,4,*,*,*,2.26,*,14,23,38,5,44,52,3,*,3,9,43,70,18,25,36,24,39,33,90,93,44,32,10,46,0,*,0,0,3,0,18,0,0,*,0,0,43,35,0,265884,264914,970,0,199356,199326,30,0,61563,61503,60,0
2024,FY,PROVIDER,IRF,050235,Providence Saint Joseph Medical Ctr,Burbank,CA,91505,178,179,2276,20249470,6113410,6089154,4578811,187463,37,0,77,47,53,82,*,*,8,0,*,*,2.35,0,10,26,40,8,54,60,*,0,6,12,39,83,22,22,42,31,49,44,93,*,60,43,12,53,*,0,*,0,9,0,30,*,0,*,0,0,6,41,11,120151,113550,75,6526,124395,117731,18,6646,17405,17405,0,0
2024,FY,PROVIDER,IRF,050238,Usc Arcadia Hospital,Arcadia,CA,91006,453,485,5541,41303608,15507663,15435639,11704437,1945,39,*,82,40,60,50,3,27,15,*,*,3,2.57,0,11,39,30,5,36,39,*,*,7,10,42,92,13,25,58,36,61,48,90,97,59,40,9,38,0,*,*,2,30,0,10,0,*,4,0,0,24,18,9,308998,308158,390,450,340753,340213,450,90,46385,46385,0,0
2024,FY,PROVIDER,IRF,050239,Glendale Adventist Medical Center,Glendale,CA,91206,404,435,5280,56084676,14576213,14489269,10599637,820852,71,*,79,36,64,66,*,10,11,0,10,*,2.71,*,11,36,46,6,55,58,*,*,5,21,37,92,23,18,51,39,68,62,*,*,74,44,10,40,4,3,*,0,6,0,20,4,*,15,*,0,3,29,13,242110,242050,0,60,229830,229770,0,60,18655,18655,0,0
2024,FY,PROVIDER,IRF,050242,Dominican Hospital,Santa Cruz,CA,95065,252,261,3081,47658111,11288143,11259879,7017720,1017522,23,*,77,47,53,86,*,*,10,*,*,0,2.26,*,23,17,42,6,43,46,*,*,*,11,46,67,15,22,40,22,33,41,81,92,39,28,9,49,0,5,*,0,22,*,34,*,*,7,*,*,*,15,15,74131,73291,840,0,75779,70784,4995,0,48680,44625,4055,0
2024,FY,PROVIDER,IRF,050243,Desert Regional Medical Center,Palm Springs,CA,92262,81,83,1149,17616029,2804354,2790546,2335287,465989,28,0,77,44,56,72,*,*,20,*,*,0,1.69,0,19,15,40,*,46,47,*,*,*,21,36,73,*,14,30,22,43,38,85,*,42,36,*,44,0,*,0,0,*,0,28,*,*,*,0,0,0,49,13,25042,25042,0,0,25186,25186,0,0,4830,4830,0,0
2024,FY,PROVIDER,IRF,050248,Natividad Medical Center,Salinas,CA,93906,314,345,4789,60143629,16624269,16564205,9622250,10420,49,*,76,49,51,44,*,5,45,0,*,*,2.49,0,19,21,32,6,33,35,0,*,4,15,39,56,17,19,49,25,54,42,92,94,45,29,6,37,*,*,*,0,10,0,26,*,*,7,*,0,*,37,12,226229,181351,42237,2641,146249,125899,17530,2820,50156,44726,5430,0
2024,FY,PROVIDER,IRF,050278,Providence Holy Cross Medical Center,Mission Hills,CA,91346,63,65,904,7850728,2341557,2338733,1725932,0,51,0,76,48,52,52,*,*,29,0,*,*,2.60,*,*,32,30,*,48,49,*,*,*,*,27,75,*,19,54,22,63,56,*,*,56,30,*,68,*,0,0,0,*,0,37,0,*,*,0,0,*,40,*,42545,40790,0,1755,42740,40775,0,1965,8180,7520,0,660
2024,FY,PROVIDER,IRF,050281,Alhambra Hospital Medical Center,Alhambra,CA,91801,119,127,1906,15594121,5420387,5385147,3827630,204736,78,0,82,38,62,*,0,76,14,0,0,*,3.64,0,10,59,39,*,39,39,0,*,18,*,39,76,13,24,73,41,75,52,*,*,66,45,9,48,0,*,0,0,13,0,16,0,*,*,0,0,43,21,*,86500,86500,0,0,89070,89070,0,0,20492,20492,0,0
2024,FY,PROVIDER,IRF,050308,El Camino Hospital,Mountain View,CA,94040,344,358,4253,35261129,15969767,15889207,9346023,1966759,16,*,79,47,53,65,*,19,9,0,*,3,2.02,*,9,19,34,7,34,36,*,*,*,6,35,71,16,25,40,16,40,35,90,91,42,34,5,42,*,*,*,*,5,*,24,*,*,4,*,0,7,21,33,86651,77536,4055,5060,74249,65319,3870,5060,16714,16714,0,0
2024,FY,PROVIDER,IRF,050309,Sutter Roseville Medical Center,Roseville,CA,95661,311,329,4385,40346809,14582620,14516716,9251745,837906,14,4,78,47,53,86,*,4,5,*,*,*,2.32,*,11,18,41,7,41,46,*,*,*,9,45,75,16,20,50,23,44,40,90,95,48,27,6,52,*,*,0,0,5,0,27,*,0,*,0,*,8,29,26,148658,130778,3675,14205,144490,127795,2085,14610,52860,51960,300,600
2024,FY,PROVIDER,IRF,050320,Highland Hospital,Oakland,CA,94602,136,141,1859,20083736,7223760,7188016,3684807,6936,58,0,73,53,47,38,23,21,15,*,*,*,2.26,*,26,21,26,*,39,42,*,*,8,17,32,61,20,18,41,21,57,28,82,*,32,15,*,63,0,*,0,0,10,0,44,*,0,*,0,0,*,23,17,48716,45716,0,3000,47024,42604,60,4360,28702,27012,210,1480
2024,FY,PROVIDER,IRF,050327,Loma Linda University Medical Center,Loma Linda,CA,92354,131,136,1911,20064058,5909849,5810065,4448465,318285,43,*,73,56,44,52,12,*,27,*,*,*,2.90,*,21,26,31,*,32,35,*,*,*,13,31,66,12,22,50,20,69,49,85,*,49,19,*,43,0,0,0,0,*,0,22,0,0,*,0,0,23,24,26,112005,92830,0,19175,100242,80882,0,19360,10710,10695,15,0
2024,FY,PROVIDER,IRF,050336,Adventist Health Lodi Memorial,Lodi,CA,95240,64,68,675,10394778,2720205,2707557,1719145,7779,33,*,77,45,55,61,0,*,30,0,*,0,1.95,*,*,*,38,*,31,38,0,*,*,*,42,55,*,*,30,19,47,36,*,*,38,25,*,58,0,0,0,0,*,0,40,0,0,*,0,0,*,22,28,22710,22710,0,0,21280,21250,30,0,6075,6045,30,0
2024,FY,PROVIDER,IRF,050348,Uci Health-orange,Orange,CA,92868,155,166,1824,11866475,6124298,6096010,4707635,778297,39,*,74,46,54,55,*,22,14,0,*,*,2.62,*,15,17,39,8,41,43,*,*,*,8,29,79,14,23,40,16,49,29,85,86,37,36,*,37,0,0,*,0,7,0,12,*,0,*,0,0,*,20,57,97443,97443,0,0,88393,88393,0,0,12844,12844,0,0
2024,FY,PROVIDER,IRF,050380,Good Samaritan Hospital,San Jose,CA,95124,194,209,3030,65777603,9742423,9733039,5672948,318815,13,0,79,43,57,65,0,17,13,0,*,*,1.77,*,7,23,40,*,32,38,*,*,*,7,39,65,19,18,39,20,43,40,91,92,44,31,6,50,0,0,0,0,*,0,32,*,*,*,0,0,9,32,19,85225,85165,60,0,94496,94496,0,0,21035,21035,0,0
2024,FY,PROVIDER,IRF,050382,Emanate Health Inter-community Hospital,Covina,CA,91723,101,108,1562,11377340,3787646,3763486,2725705,7375,51,0,76,44,56,29,*,26,37,0,*,*,3.29,*,*,27,29,*,32,35,*,0,*,11,32,74,13,14,59,35,71,49,*,*,50,25,*,53,0,*,0,0,*,0,21,0,0,*,0,0,26,23,15,68725,68575,0,150,69720,69570,0,150,28019,27869,0,150
2024,FY,PROVIDER,IRF,050396,Santa Barbara Cottage Hospital,Santa Barbara,CA,93105,389,420,5420,53401053,14244910,14116502,10177405,1469960,17,*,77,49,51,81,*,*,11,*,*,*,1.91,*,17,17,41,8,43,48,*,3,*,13,38,76,15,23,44,21,31,29,87,86,38,29,8,44,*,*,0,0,8,*,20,*,*,*,0,0,6,19,41,279477,275367,3990,120,266460,264255,2205,0,93125,84135,8990,0
2024,FY,PROVIDER,IRF,050417,Sutter Coast Hospital,Crescent City,CA,95531,75,81,861,6366256,2710303,2678951,2008843,141697,45,*,76,33,67,87,0,*,*,*,0,0,1.88,*,20,21,47,*,48,53,0,*,0,20,36,72,16,*,39,36,36,40,76,*,31,33,*,44,*,0,0,0,*,0,25,*,*,*,*,0,*,37,15,15226,13945,0,1281,16299,14958,60,1281,2422,2422,0,0
2024,FY,PROVIDER,IRF,050438,Huntington Hospital,Pasadena,CA,91109,196,207,2942,29562484,7138168,7112936,5565788,469822,35,0,77,43,57,65,*,13,10,0,*,*,2.10,*,13,21,38,6,46,50,*,*,6,11,37,85,18,21,39,28,48,43,92,*,60,34,7,42,0,0,*,*,5,0,22,0,0,*,*,0,10,20,39,132813,132693,0,120,128057,128057,0,0,24180,24180,0,0
2024,FY,PROVIDER,IRF,050457,St Mary's Medical Center,San Francisco,CA,94117,83,84,966,10702887,3734172,3710380,2104659,339880,30,0,73,53,47,66,*,14,*,0,*,*,2.22,*,22,*,41,*,51,52,*,*,*,*,31,80,18,24,37,22,42,20,87,*,35,31,*,47,0,*,0,0,*,0,29,0,0,*,0,0,*,*,55,33010,33010,0,0,31146,31146,0,0,10390,10390,0,0
2024,FY,PROVIDER,IRF,050471,Pih Health Good Samaritan Hospital,Los Angeles,CA,90017,334,376,4300,30670713,13988267,13844939,10035344,305459,79,*,78,41,59,16,12,34,36,*,*,*,3.79,*,17,37,34,7,42,45,*,*,10,12,45,79,22,19,67,38,79,63,93,*,66,34,3,38,*,*,3,0,39,0,28,4,*,7,*,0,*,12,0,244875,237765,1680,5430,216849,210969,600,5280,25930,25840,0,90
2024,FY,PROVIDER,IRF,050485,Memorialcare Long Beach Medical Center,Long Beach,CA,90806,172,185,2340,23890879,6810992,6783776,4538012,41038,32,0,77,48,52,58,10,12,16,0,*,*,2.71,0,13,25,31,*,41,44,*,*,*,15,38,69,22,25,51,26,55,38,93,*,44,25,6,64,*,*,0,0,*,0,32,*,*,*,0,0,6,24,28,105699,105699,0,0,90080,89855,225,0,44698,44698,0,0
2024,FY,PROVIDER,IRF,050549,Los Robles Hospital & Medical Center,Thousand Oaks,CA,91360,649,720,8851,82692094,21328851,21197987,16607930,330863,13,0,81,44,56,87,*,4,5,0,2,*,2.26,2,15,29,43,10,46,49,2,2,6,10,43,77,17,26,47,33,45,42,91,95,53,34,12,43,0,*,*,*,11,0,17,*,*,4,0,0,17,36,13,440047,440047,0,0,325035,325035,0,0,40805,40805,0,0
2024,FY,PROVIDER,IRF,050567,Providence Mission Hospital,Mission Viejo,CA,92691,157,163,2086,14980083,5415783,5371031,4530966,393545,*,0,80,54,46,83,*,*,8,0,*,*,2.13,*,18,22,33,*,37,45,*,*,*,8,45,70,15,23,40,27,33,36,*,*,50,25,11,58,*,*,0,0,18,0,32,*,*,*,0,0,*,25,17,103217,103187,0,30,87310,87220,90,0,56130,56040,60,30
2024,FY,PROVIDER,IRF,050624,Henry Mayo Newhall  Hospital,Valencia,CA,91355,202,220,2370,30988266,6806023,6734967,5287002,275594,26,0,79,44,56,80,*,*,10,0,*,*,2.69,*,22,36,50,7,53,55,*,*,*,16,47,78,19,28,57,37,51,56,92,*,70,33,12,46,*,*,0,0,15,0,17,*,0,7,0,0,22,32,*,121743,120198,1545,0,127018,125893,1125,0,22006,21946,60,0
2024,FY,PROVIDER,IRF,050696,Keck Hospital Of Usc,Los Angeles,CA,90033,165,179,2424,18394266,6646369,6577105,5038541,534808,41,*,73,46,54,53,*,13,22,0,*,*,2.74,*,19,21,32,*,36,38,*,*,*,12,40,84,13,30,49,25,56,42,87,*,58,32,7,30,0,0,0,0,11,0,9,0,0,17,0,0,*,21,40,25945,25945,0,0,25127,25127,0,0,4440,4440,0,0
2024,FY,PROVIDER,IRF,050717,Lac/rancho Los Amigos National Rehabilitation  Ctr,Downey,CA,90242,122,127,2188,29560620,8763553,8604129,6839544,3860321,85,0,66,68,32,17,15,9,57,0,*,*,2.27,*,16,16,32,*,39,46,*,*,10,16,18,52,12,11,31,20,61,30,80,88,29,13,*,43,0,0,0,0,10,*,30,0,*,*,*,0,*,24,25,46983,44348,2635,0,49983,46663,3320,0,420,0,420,0
2024,FY,PROVIDER,IRF,050737,Garfield Medical Center,Monterey Park,CA,91754,132,139,1912,17007491,5023087,4999991,3419377,12228,83,0,81,44,56,*,0,75,15,0,*,*,3.10,0,10,48,27,*,32,35,0,*,9,*,43,75,22,20,67,46,71,56,*,*,61,44,10,55,0,0,*,0,22,0,35,0,*,9,0,0,0,14,17,94850,94850,0,0,98770,98770,0,0,10050,10050,0,0
2024,FY,PROVIDER,IRF,050739,Centinela Hospital Medical Center,Inglewood,CA,90301,185,198,2478,17565727,6638606,6592686,4814548,165467,66,*,75,50,50,16,65,*,14,0,0,*,3.44,*,21,52,45,25,50,55,*,*,18,39,40,81,28,22,66,52,74,66,92,*,62,15,*,50,*,0,*,0,35,0,24,*,0,16,0,0,*,14,0,109570,92225,6510,10835,148890,132270,5610,11010,29870,29870,0,0
2024,FY,PROVIDER,IRF,050782,Casa Colina Hospital,Pomona,CA,91767,401,428,6441,30353541,15468766,15375062,10510869,19367,32,0,75,43,57,59,11,7,19,0,*,*,2.64,*,17,25,43,6,44,51,*,5,8,16,39,69,14,19,45,30,62,50,88,96,51,31,7,45,5,3,*,0,15,0,25,4,*,9,3,0,*,24,9,161364,154069,7280,15,159590,155960,3630,0,60195,60135,60,0
2024,FY,PROVIDER,IRF,052046,Kindred Hospital Paramount,Paramount,CA,90723,27,30,419,3363302,1181879,1091711,857817,92347,*,0,70,*,*,*,*,*,*,0,*,0,4.49,0,*,*,41,*,*,*,0,0,*,*,*,*,*,*,*,56,*,*,*,*,*,*,0,*,*,*,*,0,*,0,*,*,*,*,0,0,*,*,0,18159,16639,0,1520,20116,18231,285,1600,5106,4912,0,194
2024,FY,PROVIDER,IRF,053031,Encompass Health Rehabilitaton Hospital Of Bakers,Bakersfield,CA,93309,920,1039,12831,39614515,32328737,31886689,25658348,15339,40,*,77,43,57,66,5,4,23,*,*,*,2.66,*,24,23,44,7,42,47,2,3,6,19,39,73,22,17,48,40,60,52,91,96,61,22,8,41,0,*,*,*,21,*,14,*,*,11,0,0,9,26,18,572843,445882,126901,60,576652,483424,92823,405,109564,86349,23185,30
2024,FY,PROVIDER,IRF,053032,San Joaquin Valley Rehabilitation Hosp,Fresno,CA,93720,845,942,12268,57195526,26775685,26273285,23266303,516190,22,*,78,42,58,73,2,5,18,*,*,*,2.22,*,14,18,41,4,42,44,2,2,3,12,40,77,26,20,54,27,53,47,92,96,57,29,5,26,*,2,*,0,29,0,11,*,*,7,*,*,3,22,22,515957,449009,22372,44576,381245,326114,9480,45651,37580,36801,73,706
2024,FY,PROVIDER,IRF,053034,Encompass Health Rehabilitation Hospital Of Tustin,Tustin,CA,92782,759,824,10462,33632245,24363355,23925659,19292982,0,23,*,79,49,51,74,*,16,5,*,1,2,2.45,2,18,32,45,6,46,50,3,1,6,9,43,76,20,22,44,27,44,42,90,95,51,34,13,46,0,*,*,0,9,0,17,0,*,3,0,0,19,30,21,320719,260158,60546,15,314289,255058,59231,0,79928,59882,20046,0
2024,FY,PROVIDER,IRF,053037,Ballard Rehabilitation Hospital,San Bernardino,CA,92411,184,199,2548,10566629,6437427,6354707,4783260,582,54,0,72,48,52,50,14,*,29,*,*,*,3.27,*,28,21,38,*,47,51,*,*,*,22,34,64,20,21,55,38,64,51,88,*,48,19,*,49,0,*,0,0,6,0,26,*,*,*,*,0,14,26,21,117352,102742,13545,1065,116967,102829,13058,1080,8405,8405,0,0
2024,FY,PROVIDER,IRF,053039,"California Rehabilitation Institute, Llc",Los Angeles,CA,90067,1843,2050,27254,374279880,70581225,69588809,54581835,5616633,28,*,78,51,49,70,10,8,7,*,3,*,2.99,3,15,34,49,16,52,60,3,2,6,10,42,81,18,27,55,29,51,51,93,94,65,34,9,45,*,1,*,*,20,0,15,1,*,3,*,0,21,20,18,1193651,1104915,88601,135,1343763,1286317,57259,187,281353,272086,9237,30
2024,FY,PROVIDER,IRF,053040,Encompass Health Rehabilitation Hospital Of Modest,Modesto,CA,95355,612,668,8185,24985227,21151096,20875320,15350463,25341,27,10,76,48,52,81,2,2,14,*,*,*,2.02,2,19,20,38,6,43,45,3,4,4,16,37,74,16,20,42,29,46,35,86,94,43,26,5,35,0,*,0,0,9,*,16,0,0,3,*,0,11,28,34,421732,316305,105420,7,385387,278800,106587,0,104085,83335,20750,0
2024,FY,PROVIDER,IRF,053041,Rehabilitation Hospital Of Southern California,Rancho Mirage,CA,92270,533,587,8038,29102491,18577837,18311301,14989972,272403,12,*,80,44,56,90,*,*,5,*,*,*,2.24,*,22,19,44,6,45,48,3,3,*,11,39,82,15,23,46,31,42,36,90,96,49,35,7,34,0,*,0,0,5,0,11,0,0,7,0,0,12,39,25,316253,268213,47970,70,333020,255012,78008,0,56328,56268,60,0
2024,FY,PROVIDER,IRF,053042,Encompass Health Rehabilitation Hospital Of Murrie,Murrieta,CA,92563,448,500,5980,18797811,16314152,16124216,12419517,37002,24,*,76,45,55,74,6,5,12,*,*,*,2.48,*,22,20,40,9,41,44,*,3,6,17,41,68,16,16,45,34,49,44,87,95,49,23,5,39,*,*,0,0,20,0,20,*,0,*,0,0,8,25,27,249968,200786,49182,0,272143,222463,49680,0,38846,31691,7155,0
2024,FY,PROVIDER,IRF,053043,Palomar Rehabilitation Institute,Escondido,CA,92029,686,760,8578,52705586,22698251,22300675,17791301,305189,17,*,78,45,55,81,*,5,7,*,2,2,2.33,*,18,31,48,7,48,55,2,5,5,13,43,70,15,22,47,27,44,41,88,96,48,30,9,43,*,2,*,*,19,0,20,3,*,7,2,*,6,31,9,421959,384277,36262,1420,409086,382741,25066,1279,89295,89205,90,0
2024,FY,PROVIDER,IRF,053044,Bakersfield Rehabilitation Hospital,Bakersfield,CA,93306,497,583,8587,23087294,19391948,18991100,16466151,1476740,47,*,75,44,56,67,5,2,25,*,0,*,2.84,*,30,31,47,10,52,57,2,4,11,16,35,72,19,18,48,35,58,43,88,95,57,21,7,39,*,*,*,*,28,0,8,*,*,5,*,0,23,19,14,322431,259098,63048,285,336401,292356,43820,225,62290,59787,2503,0
2024,FY,PROVIDER,IRF,053045,Sacramento Rehabilitation Hospital,Sacramento,CA,95834,455,494,7673,30693376,22878109,22619269,14476003,40456,26,5,75,51,49,77,7,5,8,*,*,*,2.30,*,18,23,47,8,47,50,*,5,4,15,38,70,20,23,45,29,48,40,86,94,45,27,4,45,*,*,*,*,11,0,28,*,*,6,*,*,6,23,21,274695,202665,71895,135,266550,207141,59394,15,79460,63235,16225,0
2024,FY,PROVIDER,IRF,053046,Uc Davis Rehabilitation Hospital,Sacramento,CA,95820,358,388,4859,29763538,15211310,15042638,9855367,196681,27,3,75,52,48,76,5,8,9,*,*,*,1.96,*,20,17,40,9,43,46,*,4,3,14,35,72,20,18,37,25,42,37,84,91,45,28,4,40,*,*,*,0,11,0,22,0,*,13,*,*,8,26,18,147515,137354,8028,2133,159269,144249,12885,2135,31562,26927,4635,0
2024,FY,PROVIDER,IRF,053047,Stockton Regional Rehabilitation Hospital,Stockton,CA,95202,368,423,6837,27176089,16403629,16040621,10961759,70160,39,7,77,46,54,71,8,4,13,0,*,*,2.40,*,21,24,46,10,50,52,*,4,7,20,42,66,18,13,49,34,52,43,93,*,48,21,5,42,0,*,*,0,18,0,15,0,*,5,*,0,18,24,17,266266,192569,73667,30,277286,180301,96670,315,94570,75610,18960,0
2024,FY,PROVIDER,IRF,060006,Montrose Regional Health,Montrose,CO,81401,80,83,974,4697205,2321749,2302197,1958957,59975,*,26,80,55,45,92,0,*,*,0,*,0,1.73,*,*,25,36,*,40,41,*,*,*,*,39,71,*,15,39,31,22,40,72,*,39,30,14,35,*,*,*,0,13,0,16,*,*,*,*,0,*,39,*,56421,56166,150,105,50313,50238,0,75,13120,13090,0,30
2024,FY,PROVIDER,IRF,060010,Poudre Valley Hospital,Fort Collins,CO,80524,172,183,1944,10033442,4297083,4232467,4163271,147369,8,8,76,53,47,93,*,*,*,*,*,0,1.69,*,13,14,35,7,38,42,*,*,*,15,35,74,13,17,39,29,33,33,78,88,44,25,*,38,0,0,0,0,*,0,21,0,0,*,*,0,*,27,45,100066,99388,0,678,97734,97261,0,473,38017,37812,0,205
2024,FY,PROVIDER,IRF,060015,St Anthony Hospital,Lakewood,CO,80228,208,225,2614,18982831,5412118,5338150,5190973,204405,9,5,76,52,48,91,*,*,*,*,*,*,2.24,*,16,23,40,9,46,49,*,*,*,14,38,71,13,22,41,29,33,35,79,82,46,31,9,37,*,*,0,0,6,0,19,*,0,9,0,0,16,28,20,97916,97916,0,0,99523,99523,0,0,17227,17227,0,0
2024,FY,PROVIDER,IRF,060020,"Parkview Medical Center, Inc",Pueblo,CO,81003,129,133,1785,11545387,3390570,3351178,3476302,8189,18,24,78,53,47,81,*,0,17,*,0,0,1.86,*,16,24,31,*,40,40,*,*,*,23,31,74,16,17,44,30,46,30,81,91,44,21,*,33,0,0,*,0,*,0,19,*,*,11,0,0,*,35,30,91494,89674,1820,0,89559,87304,2255,0,20588,20553,35,0
2024,FY,PROVIDER,IRF,060022,University Colo Health Memorial Hospital Central,Colorado Springs,CO,80909,222,232,2782,18897495,6080471,6033367,5909047,74275,15,16,75,53,47,85,7,*,*,*,*,*,2.18,*,13,15,37,13,36,37,*,*,*,18,40,68,16,18,40,30,38,37,83,91,42,25,7,37,*,*,0,0,6,0,18,*,*,5,*,0,0,38,30,149560,149560,0,0,152045,152045,0,0,49972,49972,0,0
2024,FY,PROVIDER,IRF,060023,Intermountain Health St. Mary's Regional Hospital,Grand Junction,CO,81501,209,218,2423,12754122,4605885,4558877,5068731,34432,9,22,76,52,48,92,0,0,*,*,*,0,1.63,*,15,12,36,*,42,45,*,*,0,16,33,66,11,15,28,23,31,27,69,82,33,23,*,42,*,0,0,0,*,0,27,0,*,*,0,0,8,32,29,132441,132441,0,0,138491,138491,0,0,24536,24536,0,0
2024,FY,PROVIDER,IRF,060024,University Of Colorado Hospital Authority,Aurora,CO,80045,87,95,1064,13443274,2806266,2779634,2241843,2466,*,*,75,60,40,76,*,*,*,*,*,*,2.16,*,16,22,59,*,53,62,*,*,*,15,30,80,21,28,54,25,44,28,80,*,39,34,*,43,0,*,0,0,*,*,22,0,0,*,0,0,*,18,38,25611,24668,105,838,18676,17663,85,928,5544,5454,0,90
2024,FY,PROVIDER,IRF,060031,Penrose Hospital,Colorado Springs,CO,80907,252,266,3027,21683898,6485720,6407888,6416324,627555,13,5,77,48,52,88,*,*,6,*,*,*,1.90,*,13,20,35,7,37,44,*,5,*,13,32,74,13,15,42,25,38,36,86,87,44,31,8,35,*,*,*,0,10,0,15,*,*,*,*,0,7,30,29,38000,38000,0,0,36052,35992,60,0,13569,13569,0,0
2024,FY,PROVIDER,IRF,060034,Hca Healthone Swedish,Englewood,CO,80113,342,363,4665,66751852,9146599,9082143,8871516,181648,10,11,77,50,50,88,*,*,5,*,3,*,1.75,4,16,20,38,16,40,46,*,3,4,12,35,65,11,25,37,27,30,31,81,86,40,28,7,46,0,*,0,*,7,0,22,0,*,*,0,0,20,33,15,141750,141750,0,0,140660,140600,60,0,53145,53145,0,0
2024,FY,PROVIDER,IRF,060112,Hca Healthone Sky Ridge,Lone Tree,CO,80124,228,245,2697,36403223,10603727,10553327,10665710,5240334,5,5,77,48,52,91,*,*,*,*,*,*,2.37,*,17,22,50,9,42,47,*,*,*,12,32,79,16,24,44,29,32,38,86,84,50,32,5,38,0,*,0,0,9,0,19,*,*,*,0,0,11,36,21,111674,108089,3315,270,115392,108885,6237,270,35919,35919,0,0
2024,FY,PROVIDER,IRF,060129,Uchealth Broomfield Hospital,Broomfield,CO,80021,231,245,2551,17521918,5876305,5776881,5645882,511880,9,*,76,46,54,91,0,*,*,0,*,*,1.86,*,14,22,37,6,39,42,*,*,*,10,33,70,16,28,29,23,26,29,77,84,42,35,9,43,*,0,0,*,7,0,20,0,0,*,0,0,15,27,27,83208,76307,628,6273,84596,78123,70,6403,21491,21116,240,135
2024,FY,PROVIDER,IRF,062009,Kindred Hospital-denver,Denver,CO,80218,40,45,479,1690281,1354638,1332326,1317243,385372,28,0,78,45,55,78,*,0,*,0,*,0,1.91,*,*,40,42,*,70,72,*,*,*,*,28,*,*,*,42,32,38,38,72,*,50,42,*,42,*,0,*,0,*,*,*,*,*,24,0,0,*,*,0,24105,22872,0,1233,20357,19412,130,815,8322,7837,0,485
2024,FY,PROVIDER,IRF,063027,Hca Healthone Spalding Rehabilitation,Aurora,CO,80011,303,331,3807,58410152,7727925,7651445,7183167,220,13,8,75,47,53,81,10,*,4,0,*,*,2.01,*,23,16,46,11,47,51,*,4,4,20,28,74,14,25,43,26,33,33,81,88,37,29,6,31,0,*,*,0,8,*,10,*,0,*,*,0,23,28,26,124646,116876,7707,63,126442,122374,4015,53,41920,41920,0,0
2024,FY,PROVIDER,IRF,063030,Encompass Health Rehabilitation Hospital Of Co Spg,Colorado Springs,CO,80910,596,678,8108,19549150,16762202,16240962,15093764,27357,18,14,77,45,55,84,4,*,9,*,*,*,2.14,2,20,33,44,11,55,60,3,8,4,17,33,78,16,19,46,33,41,39,83,90,46,28,10,32,0,*,*,*,22,0,16,*,*,7,0,0,12,21,21,304150,237788,66347,15,337572,264584,72973,15,104293,94878,9415,0
2024,FY,PROVIDER,IRF,063033,"Northern Colorado Rehabilitation Hospital, Inc",Johnstown,CO,80534,487,534,7580,18274279,14515306,14241266,14004812,18341,11,7,77,45,55,93,*,*,4,*,*,*,2.18,*,15,23,47,9,51,54,3,5,2,13,37,79,18,21,45,29,37,39,84,88,45,30,7,36,*,0,0,0,11,0,15,*,*,4,0,0,16,32,20,196957,148816,48141,0,166560,115915,50645,0,39041,36701,2340,0
2024,FY,PROVIDER,IRF,063034,Encompass Health Rehab Hospital Of Littleton,Littleton,CO,80120,597,683,7892,20929286,16109857,15758097,14898055,15602,9,3,78,49,51,93,2,*,3,0,2,*,2.22,3,22,28,42,10,47,51,3,4,4,12,33,78,17,22,49,30,30,40,84,89,46,31,11,31,*,*,*,*,20,0,12,*,0,9,*,*,10,25,23,374898,327484,47414,0,367435,325364,42071,0,99331,92305,7016,10
2024,FY,PROVIDER,IRF,063035,Denver Regional Rehabilitation Hospital,Thornton,CO,80229,176,197,2922,8351156,6377958,6247782,5535975,25012,23,*,74,45,55,81,*,*,12,*,*,*,2.66,*,27,25,43,11,52,53,*,*,*,26,32,77,18,15,50,36,44,41,82,91,43,27,6,38,0,*,*,0,26,*,12,0,0,7,0,0,16,20,15,113666,84721,24445,4500,95987,74467,17070,4450,40503,39978,480,45
2024,FY,PROVIDER,IRF,063036,Reunion Rehabilitation Hospital Denver,Denver,CO,80238,394,446,5322,19991513,12254341,11920493,11079229,8831,22,4,76,46,54,76,12,*,7,0,*,*,2.43,*,22,33,47,13,55,61,*,6,6,21,36,78,17,22,50,28,38,39,77,89,38,34,10,30,0,*,*,0,26,0,10,0,*,5,0,0,22,22,12,213179,202065,8298,2816,199661,188941,7878,2842,94456,88368,5578,510
2024,FY,PROVIDER,IRF,063037,Pam Health Rehabilitation Hospital Of Westminster,Westminster,CO,80020,730,814,9861,39352326,22943934,22300718,21101472,198501,17,2,78,45,55,88,*,2,6,*,2,*,2.28,2,25,31,52,11,54,59,2,6,4,16,39,77,18,18,46,31,35,36,77,87,43,33,11,30,0,*,*,*,38,0,11,*,*,7,*,*,9,18,14,559140,554299,4340,501,489912,482858,6635,419,133490,128839,4621,30
2024,FY,PROVIDER,IRF,063038,Reunion Rehabilitation Hospital Inverness,Englewood,CO,80112,453,507,6024,21480800,13005723,12739035,12268918,10416,12,4,77,47,53,89,3,*,2,*,*,*,2.37,4,21,29,46,11,53,56,4,5,6,15,36,73,15,22,49,32,37,40,83,91,47,31,8,34,*,0,*,*,16,0,11,0,*,6,0,0,29,21,16,289627,262504,24905,2218,233206,199459,31553,2194,104990,99950,4831,209
2024,FY,PROVIDER,IRF,063039,Pam Health Rehabilitation Hospital Of Greeley,Greeley,CO,80634,306,339,3473,14762864,7583681,7383353,7742807,30091,15,5,77,46,54,93,*,*,*,0,*,*,1.84,*,22,25,51,12,55,58,*,4,*,16,33,78,17,17,49,38,36,41,75,91,45,27,8,25,*,*,*,*,29,0,9,*,*,5,*,0,15,17,18,188554,184539,4015,0,199486,196228,3228,30,52042,50727,1315,0
2024,FY,PROVIDER,IRF,070006,Stamford Hospital,Stamford,CT,06904,204,223,2768,18962417,5625621,5560037,4813857,119527,9,*,82,40,60,87,*,*,*,0,*,0,2.15,*,6,32,46,8,43,47,*,*,*,8,45,74,14,29,31,21,40,38,91,93,49,29,11,46,*,*,0,0,14,*,21,*,*,*,*,0,22,31,*,42965,42965,0,0,52908,52083,825,0,9915,9600,315,0
2024,FY,PROVIDER,IRF,070007,Lawrence & Memorial Hospital,New London,CT,06320,57,62,1041,6248271,2820864,2785400,2647669,1061917,*,0,77,49,51,88,*,*,*,0,*,0,2.39,*,*,26,51,*,39,49,0,0,0,*,47,81,*,25,46,39,58,47,*,*,53,23,*,74,*,*,0,0,*,0,53,0,0,*,0,0,*,*,18,37955,33590,0,4365,39032,34662,0,4370,14445,14445,0,0
2024,FY,PROVIDER,IRF,070022,Yale-new Haven Hospital,New Haven,CT,06504,131,147,1770,11981885,3978403,3939971,3277596,0,15,0,77,43,57,82,*,*,*,0,*,*,1.94,*,14,15,45,*,40,44,*,*,*,12,31,72,15,24,40,27,44,34,92,*,44,30,*,46,*,*,*,0,9,0,25,0,0,*,0,0,*,32,20,126103,126103,0,0,82795,82795,0,0,22215,22215,0,0
2024,FY,PROVIDER,IRF,070025,Hartford Hospital,Hartford,CT,06102,161,178,2378,16522255,5142282,5098210,4544937,58564,22,0,74,54,46,81,7,*,*,0,*,*,2.65,*,17,18,53,8,46,53,*,*,*,13,38,66,17,28,50,24,47,37,93,*,51,16,*,54,0,0,*,0,12,0,33,0,*,*,0,0,42,9,*,103802,84457,17780,1565,114778,92723,19185,2870,46450,39945,3370,3135
2024,FY,PROVIDER,IRF,070028,St Vincent's Medical Center,Bridgeport,CT,06606,53,56,804,6016934,1915700,1912436,1634284,20807,30,0,76,32,68,75,*,*,*,0,*,0,1.98,*,*,23,53,*,38,43,0,*,*,*,42,66,25,21,28,32,53,42,*,*,55,32,*,66,0,0,0,0,*,0,45,0,0,0,0,0,*,*,21,35200,35200,0,0,39150,39090,60,0,15155,15155,0,0
2024,FY,PROVIDER,IRF,070033,Danbury Hospital,Danbury,CT,06810,110,122,1584,8693269,3402706,3373090,2856601,73822,16,0,77,65,35,88,*,0,*,0,*,*,2.04,*,11,20,45,13,44,44,*,*,*,18,45,62,10,27,43,31,47,36,86,*,53,19,*,63,0,*,*,0,*,0,39,*,*,*,*,0,9,17,25,8687,8687,0,0,8315,8315,0,0,2615,2615,0,0
2024,FY,PROVIDER,IRF,073025,Mount Sinai Rehabilitation Hospital Inc,Hartford,CT,06112,211,233,2989,17079288,6454715,6339043,5453552,24565,25,0,78,52,48,83,9,*,*,0,*,0,2.36,*,15,24,51,8,46,52,*,*,*,11,36,68,17,21,46,26,40,43,89,93,52,22,*,55,*,*,*,0,*,0,28,*,*,5,0,0,17,33,10,158355,157860,0,495,158575,158575,0,0,45136,45136,0,0
2024,FY,PROVIDER,IRF,090001,George Washington Univ Hospital,Washington,DC,20037,155,164,1925,26015829,4069172,4039924,3751360,28992,23,*,75,46,54,58,32,*,*,0,*,*,1.91,*,16,21,37,7,35,43,*,*,*,20,31,77,15,24,39,25,52,34,88,92,54,25,*,42,0,*,*,0,8,0,25,*,*,13,*,0,*,32,13,23387,22747,0,640,23887,23247,0,640,3558,3558,0,0
2024,FY,PROVIDER,IRF,093025,Medstar National Rehabilitation Hospital,Washington,DC,20010,596,649,9036,35771720,20610056,20205312,17055013,495774,22,*,73,50,50,38,53,2,3,*,3,*,2.56,*,11,29,33,9,35,47,*,4,4,15,33,64,19,21,52,22,56,39,85,94,48,16,7,54,0,0,0,*,5,0,29,0,0,*,0,0,15,5,45,83245,83245,0,0,88266,83250,5016,0,19255,16280,2975,0
2024,FY,PROVIDER,IRF,080001,Christianacare,Newark,DE,19718,334,353,3891,16497624,7854739,7765571,7192361,218878,11,0,77,47,53,80,11,*,*,0,*,*,2.07,*,14,16,48,8,45,50,*,*,4,15,38,68,15,22,40,26,41,28,90,90,46,29,4,43,0,0,0,0,0,0,24,0,0,*,0,0,29,33,11,164094,164034,60,0,162664,162664,0,0,29346,29346,0,0
2024,FY,PROVIDER,IRF,080009,"Bayhealth Hospital, Sussex Campus",Milford,DE,19963,667,749,7364,32983839,17561052,17145204,17705632,524559,12,2,79,44,56,88,8,*,*,0,*,*,2.65,2,14,27,51,27,51,54,2,3,4,13,45,75,15,24,58,41,49,43,95,97,60,26,7,34,*,2,2,*,20,*,15,4,2,15,2,0,15,22,*,441718,438860,2296,562,466594,465041,1085,468,77759,77678,81,0
2024,FY,PROVIDER,IRF,083026,Encompass Health Rehab Hospital Of Middletown,Middletown,DE,19709,997,1080,11513,30258327,28200795,27704795,26028899,0,10,7,78,42,58,85,10,*,1,0,2,*,1.84,2,14,21,51,18,49,53,2,3,2,16,38,75,15,23,45,27,50,40,91,96,50,24,5,39,0,*,0,0,27,*,16,0,*,3,0,0,6,26,21,552278,380898,151807,19573,618407,488065,110726,19616,189413,171391,17972,50
2024,FY,PROVIDER,IRF,083027,Pam Rehabilitation Hospital Of Dover,Dover,DE,19904,868,954,8911,28307715,23393851,22773795,20825191,0,15,8,79,40,60,79,17,*,*,*,*,*,2.31,*,13,26,41,23,44,47,*,3,3,14,40,74,14,24,54,36,51,42,93,96,57,22,7,35,*,*,*,*,30,*,16,1,*,5,0,0,14,18,14,459806,456411,3335,60,496905,464025,32880,0,54795,54795,0,0
2024,FY,PROVIDER,IRF,083028,Pam Health Rehabilitation Hospital Of Georgetown L,Georgetown,DE,19947,985,1110,10984,37461816,24667364,24120316,25654708,205111,9,2,80,43,57,91,6,*,*,0,2,*,2.21,2,12,27,45,25,46,49,2,2,3,14,45,79,14,23,50,33,49,42,96,95,59,25,7,36,*,*,*,*,28,0,16,*,*,6,0,0,12,22,12,580192,580132,60,0,649908,609138,40770,0,88642,88537,105,0
2024,FY,PROVIDER,IRF,100002,Bethesda Hospital East,Boynton Beach,FL,33435,370,399,4655,33689701,8918528,8781872,9395153,642348,6,*,82,44,56,92,*,*,*,0,*,*,2.62,*,19,29,51,13,48,52,4,*,5,8,46,84,17,26,52,35,47,43,96,96,64,34,9,38,*,*,*,0,9,*,13,*,*,5,*,0,3,41,23,115265,113945,1320,0,118331,116701,1630,0,27430,27220,210,0
2024,FY,PROVIDER,IRF,100006,Orlando Health Orlando Regional Medical Center,Orlando,FL,32806,366,404,4377,48569023,8882188,8737836,9186184,61287,15,*,77,48,52,72,10,4,10,0,*,*,2.44,*,15,34,48,7,40,49,*,*,4,13,43,69,17,26,52,30,51,44,92,92,60,25,8,48,*,*,*,0,5,0,19,0,0,*,*,0,28,32,12,239656,230105,3506,6045,226405,208954,9759,7692,66004,62113,400,3491
2024,FY,PROVIDER,IRF,100007,Adventhealth Orlando,Orlando,FL,32803,622,680,8530,75349823,17123942,16889422,18514677,1769015,9,*,79,46,54,79,6,2,9,*,2,*,2.80,*,18,28,47,8,46,53,3,2,3,13,50,75,16,28,59,36,57,53,95,96,65,28,6,47,*,*,*,0,5,0,16,*,*,13,*,0,2,30,30,471122,411658,48284,11180,461635,398906,50038,12691,133441,122154,6785,4502
2024,FY,PROVIDER,IRF,100012,Lee Memorial Hospital,Fort Myers,FL,33901,433,451,5688,26322635,11773000,11650344,12032794,663937,9,*,77,52,48,89,3,*,4,0,*,*,2.62,*,25,35,50,18,47,54,*,4,3,16,44,72,12,24,39,32,46,38,92,94,55,25,8,45,*,*,0,0,8,0,20,0,0,3,0,0,24,33,10,321188,254984,28844,37360,337643,281239,18468,37936,59593,59533,0,60
2024,FY,PROVIDER,IRF,100017,Halifax Health Medical Center,Daytona Beach,FL,32114,402,438,5903,31140428,11354742,11219126,13024469,980877,8,*,78,49,51,91,4,*,*,0,*,*,2.57,*,21,30,53,11,50,55,*,3,4,17,44,76,15,25,55,40,48,44,89,95,53,24,10,50,0,*,0,0,16,0,18,*,*,*,0,0,7,30,23,303520,295810,7590,120,316005,301890,14010,105,60420,55395,4860,165
2024,FY,PROVIDER,IRF,100022,Jackson Memorial Hospital,Miami,FL,33136,488,525,6629,33463163,14510252,14230540,13021352,210712,33,2,74,56,44,56,14,*,26,*,2,*,2.92,3,23,20,52,12,51,54,*,2,6,15,33,75,14,23,45,30,52,39,88,93,51,27,7,41,0,0,0,0,*,0,10,0,*,*,0,0,54,19,15,332552,324147,6285,2120,326056,323151,565,2340,56012,54562,30,1420
2024,FY,PROVIDER,IRF,100032,Orlando Health Bayfront Hospital,Saint Petersburg,FL,33701,231,254,3116,32831074,5727775,5679567,6016955,59322,12,*,79,47,53,86,8,*,*,0,*,*,2.83,*,19,26,46,15,47,51,*,*,*,16,46,66,16,28,47,37,36,43,93,94,48,26,10,42,*,*,0,0,9,0,21,*,*,7,*,0,20,30,8,153448,150671,359,2418,153410,150556,240,2614,48495,48465,0,30
2024,FY,PROVIDER,IRF,100034,"Mount Sinai Medical Center Of Florida, Inc",Miami Beach,FL,33140,338,375,4223,29697896,8864859,8728907,8771627,136879,22,*,80,52,48,74,5,*,17,0,*,*,2.93,*,14,31,57,7,51,54,4,*,6,16,47,75,18,28,54,38,51,53,93,94,67,32,8,36,0,0,3,0,20,0,9,0,*,*,*,0,14,26,26,149343,135808,180,13355,161204,147279,120,13805,7688,7688,0,0
2024,FY,PROVIDER,IRF,100038,Memorial Regional Hospital,Hollywood,FL,33021,618,687,8295,70210943,17738743,17432615,16368411,511108,23,*,78,48,52,72,11,*,12,0,3,*,2.89,3,18,34,46,16,47,60,2,3,7,15,47,66,13,24,59,33,53,48,92,98,57,29,8,41,0,0,0,0,7,0,13,0,0,2,0,0,36,30,13,443826,434344,9452,30,486766,478210,8526,30,56771,48406,8365,0
2024,FY,PROVIDER,IRF,100057,Adventhealth Waterman,Tavares,FL,32778,185,200,2203,13087585,4532878,4500006,4922945,436092,*,*,79,42,58,90,*,*,*,*,*,0,2.46,*,15,31,41,10,46,49,*,*,*,12,47,84,12,23,55,44,48,47,92,94,67,25,7,52,0,*,0,0,7,0,23,*,*,*,*,0,12,22,26,105880,98495,235,7150,108143,101408,950,5785,72625,69550,1500,1575
2024,FY,PROVIDER,IRF,100068,Adventhealth Daytona Beach,Daytona Beach,FL,32117,397,417,4863,26770206,8040135,7941647,9198386,434821,5,*,78,46,54,90,5,*,*,0,*,*,2.54,*,19,23,47,9,45,47,*,*,3,16,51,72,13,27,59,38,49,52,96,96,64,29,6,45,*,*,0,0,6,0,27,6,*,3,*,0,12,27,14,283995,283995,0,0,303109,302239,870,0,43874,43829,45,0
2024,FY,PROVIDER,IRF,100073,Holy Cross Hospital,Fort Lauderdale,FL,33308,615,706,9570,42450282,16625635,16444443,16537045,126522,12,*,82,50,50,89,5,*,3,0,*,*,2.69,*,19,35,49,11,56,58,3,2,9,17,48,77,16,29,58,41,48,48,94,97,67,31,10,38,0,*,*,0,32,0,9,*,*,2,0,0,21,25,10,588631,588566,65,0,490732,490299,433,0,43027,43027,0,0
2024,FY,PROVIDER,IRF,100080,Hca Florida Jfk Hospital,Atlantis,FL,33462,249,269,3495,54049826,16272297,16185625,17437279,9939920,15,*,78,49,51,85,8,*,5,0,*,*,2.58,*,24,21,47,10,47,51,*,*,6,18,41,73,16,26,55,36,53,49,94,*,63,32,4,40,0,0,*,0,5,0,14,*,0,6,0,0,32,24,18,163116,163116,0,0,162567,162567,0,0,12290,12290,0,0
2024,FY,PROVIDER,IRF,100086,Broward Health North,Pompano Beach,FL,33064,284,311,4101,16730482,8102829,8041661,7807604,279424,16,4,80,45,55,86,10,*,*,0,*,0,2.45,*,23,25,44,10,47,53,6,*,7,17,51,74,15,22,52,33,49,40,94,*,58,32,11,45,*,*,*,0,13,0,16,*,0,4,*,0,5,44,9,94776,94476,270,30,83041,82891,120,30,37935,37935,0,0
2024,FY,PROVIDER,IRF,100087,Sarasota Memorial Hospital,Sarasota,FL,34239,1239,1318,15552,93979581,29088142,28835526,30440692,385477,5,1,80,49,51,94,1,*,2,0,2,*,2.26,4,18,22,50,7,47,53,2,3,4,12,50,82,13,28,44,31,38,39,92,94,62,30,8,42,*,0,0,*,9,0,14,*,*,3,0,0,30,36,8,694490,687970,1795,4725,653478,648253,515,4710,204290,204290,0,0
2024,FY,PROVIDER,IRF,100110,Hca Florida Osceola Hospital,Kissimmee,FL,34741,220,237,3167,57079406,5968641,5912545,6346444,22508,16,*,79,49,51,63,10,*,20,*,*,*,2.79,0,15,43,46,18,48,56,*,*,6,15,43,78,17,25,60,35,58,49,93,*,56,25,8,53,0,0,0,0,8,0,22,*,*,*,0,0,16,37,11,172227,151787,20395,45,177856,157162,20649,45,11310,10230,1080,0
2024,FY,PROVIDER,IRF,100125,Homestead Hospital,Homestead,FL,33033,215,232,3355,23495715,6958954,6910202,7270123,1198025,16,*,79,47,53,68,6,*,21,0,*,*,2.73,*,14,34,37,7,35,66,*,*,10,11,40,73,14,28,53,39,51,42,90,93,60,26,*,44,0,*,*,0,*,0,14,0,0,*,0,0,32,31,17,184413,184413,0,0,186448,186448,0,0,47135,47135,0,0
2024,FY,PROVIDER,IRF,100126,Hca Florida Pasadena Hospital,Saint Petersburg,FL,33707,131,137,1806,20276541,3546744,3516088,3784574,166207,14,*,80,40,60,89,*,*,0,0,*,*,2.81,*,27,27,47,10,45,53,*,*,*,18,49,76,12,28,56,45,36,34,88,*,56,25,*,44,0,0,0,0,15,0,21,*,0,*,0,0,18,31,10,100749,99184,0,1565,99393,97813,0,1580,23892,23827,0,65
2024,FY,PROVIDER,IRF,100131,Hca Florida Aventura Hospital,Aventura,FL,33180,265,286,3417,46898174,12971298,12933202,13742587,6326368,20,*,81,42,58,77,8,*,10,0,*,*,2.60,*,14,32,48,10,48,51,*,*,4,14,43,79,14,24,45,49,48,46,92,94,62,38,7,42,0,0,0,0,14,*,10,*,0,7,0,0,14,35,16,155606,155606,0,0,158556,158361,195,0,30823,30783,40,0
2024,FY,PROVIDER,IRF,100157,Lakeland Regional Medical Center,Lakeland,FL,33805,319,333,4120,15052700,7279819,7213227,7951496,83923,9,*,79,42,58,85,5,*,6,0,*,*,2.55,*,13,27,48,9,48,51,*,*,5,13,51,71,22,23,62,39,53,47,92,95,54,34,5,36,0,*,0,0,8,0,14,0,0,7,0,0,34,31,7,239824,235101,3155,1568,224806,221985,540,2281,40344,37664,660,2020
2024,FY,PROVIDER,IRF,100161,Hca Florida Lake Monroe Hospital,Sanford,FL,32771,213,227,2767,21501830,5262189,5229805,5644180,175432,9,*,80,44,56,84,8,*,5,*,*,0,2.49,*,19,35,52,8,43,46,*,*,*,22,42,76,17,22,54,44,56,46,94,*,63,25,6,44,0,*,*,0,10,*,13,*,0,*,0,0,23,36,12,146744,144965,1779,0,151394,141766,9628,0,33911,33367,544,0
2024,FY,PROVIDER,IRF,100167,Hca Florida Mercy Hospital,Miami,FL,33133,151,160,2015,41249438,4985121,4950601,4758782,53870,28,*,81,46,54,50,*,*,42,0,0,*,2.88,*,14,39,59,11,60,64,*,*,*,20,40,88,16,21,56,48,57,60,91,*,60,40,12,40,0,0,0,0,25,0,14,*,0,*,*,0,9,29,16,85001,82706,60,2235,83619,81624,15,1980,10741,10741,0,0
2024,FY,PROVIDER,IRF,100173,Adventhealth Tampa,Tampa,FL,33613,223,236,2769,18101829,5551038,5481982,5743159,77166,14,*,76,49,51,78,12,*,6,0,*,*,2.79,*,23,24,50,13,47,51,*,*,6,16,41,73,18,21,50,37,56,46,91,*,58,28,7,60,*,*,*,0,8,*,25,5,0,*,*,0,5,20,27,150040,149665,375,0,157809,157374,435,0,36375,36375,0,0
2024,FY,PROVIDER,IRF,100212,Hca Florida Ocala Hospital,Ocala,FL,34471,407,446,6162,46565897,12694826,12587994,13532496,2214110,9,*,80,44,56,93,3,*,*,0,*,*,2.32,*,20,32,61,13,58,62,*,3,5,17,47,76,12,26,49,44,49,49,97,*,65,26,7,44,0,*,*,0,6,0,16,*,*,5,*,0,30,35,4,245839,231702,13802,335,272089,263754,8035,300,41301,41301,0,0
2024,FY,PROVIDER,IRF,100213,Hca Florida Blake Hospital,Bradenton,FL,34209,320,340,4180,44043282,8651295,8598095,8971691,245535,6,*,79,49,51,91,*,*,*,0,*,*,2.26,*,18,19,44,14,42,44,*,*,3,16,48,76,11,25,48,39,43,39,95,*,64,26,8,43,0,0,*,*,10,0,20,*,*,*,0,0,11,41,13,201269,200191,0,1078,196191,195023,90,1078,33968,33968,0,0
2024,FY,PROVIDER,IRF,100223,Hca Florida Fort Walton-destin Hospital,Fort Walton Beach,FL,32547,398,442,5773,44409954,11299941,11190293,11864281,90301,6,*,79,43,57,91,3,*,*,*,*,*,2.06,*,14,25,54,8,48,51,*,*,3,17,48,75,12,23,56,40,47,46,89,*,53,31,7,35,0,0,*,0,12,0,15,0,*,2,*,0,9,43,17,233484,233379,105,0,217104,217104,0,0,67314,67224,90,0
2024,FY,PROVIDER,IRF,100224,Hca Florida Woodmont Hospital,Tamarac,FL,33321,223,245,3235,43702230,9182463,9139287,9277636,2871002,18,0,81,34,66,75,12,*,9,0,*,*,2.97,*,16,33,52,13,49,55,*,*,13,12,48,75,19,27,65,45,68,50,94,*,64,35,9,41,0,0,0,0,20,0,18,*,0,*,*,0,19,28,9,154381,154216,165,0,162050,162050,0,0,17063,17063,0,0
2024,FY,PROVIDER,IRF,100226,Hca Florida Orange Park Hospital,Orange Park,FL,32073,197,215,2908,37074204,5840894,5791470,6212139,56164,7,*,80,46,54,85,7,*,*,0,*,*,2.88,*,20,34,44,11,47,50,*,*,7,22,54,74,14,19,60,47,55,53,93,*,69,31,6,52,0,*,0,0,8,0,20,*,0,8,0,0,8,46,7,147265,145249,1986,30,165759,158889,6825,45,42168,39876,2232,60
2024,FY,PROVIDER,IRF,100231,Hca Florida West Hospital,Pensacola,FL,32514,352,383,5105,43499452,9802156,9706140,10551555,145191,11,5,76,45,55,85,9,*,*,*,*,*,2.17,*,16,24,43,6,44,47,*,*,4,24,43,78,13,24,49,37,51,50,89,97,55,30,6,47,*,*,*,0,3,0,21,*,*,4,*,0,13,32,25,182098,181228,630,240,191136,190671,465,0,52694,52574,60,60
2024,FY,PROVIDER,IRF,100236,Hca Florida Fawcett Hospital,Port Charlotte,FL,33952,190,201,2442,33960851,5337007,5262631,5994024,1104663,6,*,79,57,43,94,*,*,*,0,*,*,2.76,*,19,24,47,7,48,50,*,*,*,20,53,73,15,25,64,52,45,49,*,*,73,26,*,45,0,0,0,0,7,0,24,*,0,*,0,0,11,31,21,110663,110067,0,596,108941,108345,0,596,22199,22199,0,0
2024,FY,PROVIDER,IRF,100242,Hca Florida Gulf Coast Hospital,Panama City,FL,32405,222,238,3316,32976764,9735376,9683536,10633723,4099608,10,9,78,41,59,91,5,*,*,*,*,*,2.35,*,17,25,76,*,49,52,*,*,*,22,36,73,15,22,50,45,55,45,94,*,58,25,9,32,0,*,0,*,9,0,15,0,0,*,0,0,29,28,15,149131,147466,1425,240,139922,139397,375,150,31131,31131,0,0
2024,FY,PROVIDER,IRF,100243,Hca Florida Brandon Hospital,Brandon,FL,33511,194,207,2612,25920672,7512952,7496320,8217705,2786145,11,*,79,40,60,80,7,*,7,0,*,*,3.13,*,24,36,47,18,52,57,*,*,7,19,48,80,18,22,61,43,61,53,*,*,65,29,6,60,0,*,0,0,12,0,25,*,0,6,*,0,20,16,17,119910,117810,135,1965,119084,116854,105,2125,24438,23023,45,1370
2024,FY,PROVIDER,IRF,100246,Hca Florida Lawnwood Hospital,Fort Pierce,FL,34950,422,483,6848,74688302,12450307,12329251,13006962,76081,15,*,79,42,58,84,9,*,5,*,*,*,2.45,3,26,30,53,14,49,80,3,*,5,22,52,76,12,20,53,47,55,62,93,97,68,24,6,47,*,*,0,0,15,0,16,*,0,4,0,0,18,40,6,330749,301388,29361,0,326555,291505,35050,0,32566,32536,30,0
2024,FY,PROVIDER,IRF,100248,Hca Florida Largo Hospital,Largo,FL,33770,172,187,2267,21189079,4076178,4028890,4278275,76449,14,*,78,45,55,87,*,*,*,*,*,*,2.67,*,21,30,58,15,52,57,*,*,*,23,47,72,8,20,60,38,53,51,*,*,62,25,*,44,0,0,0,0,10,0,18,*,0,*,0,0,30,20,16,119856,116351,1115,2390,122314,116714,3280,2320,27890,27890,0,0
2024,FY,PROVIDER,IRF,100254,Hca Florida Capital Hospital,Tallahassee,FL,32308,148,156,1879,13631185,3680011,3658491,4205184,468335,11,14,78,38,62,76,19,0,*,0,*,*,2.33,*,14,32,40,7,45,49,0,*,*,20,39,73,18,16,50,32,57,44,90,*,51,34,*,39,0,0,*,0,17,0,15,*,0,*,*,0,15,29,17,62733,60333,2365,35,64617,62948,1574,95,30825,27840,2985,0
2024,FY,PROVIDER,IRF,100256,Hca Florida Bayonet Point Hospital,Hudson,FL,34667,305,340,4374,37763471,11198304,11131760,12231167,3719749,9,*,80,42,58,94,*,*,*,*,*,*,2.63,*,26,27,50,12,55,60,*,7,4,26,50,80,11,26,64,47,54,54,96,*,69,28,6,47,0,*,0,*,16,0,19,*,0,*,*,0,14,31,15,232332,194346,37776,210,221592,190044,31413,135,46870,46870,0,0
2024,FY,PROVIDER,IRF,100258,Delray Medical Center,Delray Beach,FL,33484,517,551,7040,105785233,12341925,12238301,13114609,392600,3,*,81,52,48,93,*,*,*,0,*,*,2.48,*,18,24,63,10,52,56,3,*,4,10,52,76,15,30,58,31,45,43,97,97,67,31,9,50,0,0,*,*,12,0,19,*,*,3,*,0,8,36,20,256073,253676,1315,1082,225122,223398,642,1082,77019,77019,0,0
2024,FY,PROVIDER,IRF,100286,Physicians Regional Medical Center - Pine Ridge,Naples,FL,34119,516,570,5462,75903263,15679831,15534135,17667064,4771614,3,*,80,48,52,92,*,*,*,0,3,*,2.59,3,19,31,55,7,50,53,*,*,3,16,49,84,15,31,48,33,42,46,94,95,66,34,10,32,0,0,0,0,12,0,10,0,0,4,0,0,26,31,18,182961,164220,100,18641,202851,183210,1080,18561,34053,30938,3040,75
2024,FY,PROVIDER,IRF,100288,St Mary's Medical Center,West Palm Beach,FL,33407,99,104,1197,10635036,2666090,2651242,2827866,548703,*,0,78,45,55,88,*,*,0,0,*,*,2.10,0,26,20,52,14,48,57,*,*,*,17,42,77,14,21,44,27,39,39,*,*,43,33,*,49,0,*,0,0,*,0,28,0,0,*,0,0,*,41,15,35981,35981,0,0,37864,37864,0,0,11815,11815,0,0
2024,FY,PROVIDER,IRF,100290,Uf Health Spanish Plaines Hospital,The Villages,FL,32159,399,416,4569,21563120,7189155,7092499,8646758,153998,4,*,81,48,52,95,*,*,*,0,*,*,2.99,*,20,32,44,8,49,55,3,*,*,18,55,73,11,25,69,43,55,58,*,*,74,36,11,46,0,0,*,0,8,0,15,*,0,5,0,0,40,19,12,290434,190218,100121,95,317448,257435,59893,120,27554,27499,55,0
2024,FY,PROVIDER,IRF,100307,Ascension St Vincent's Southside,Jacksonville,FL,32216,158,168,2174,9645584,4022483,3967187,4419843,267857,10,*,77,44,56,85,*,*,*,0,*,*,2.61,*,27,22,47,7,44,47,*,*,*,17,51,80,16,23,47,32,49,45,93,*,61,34,*,39,0,0,0,0,*,0,8,0,0,*,0,0,37,32,15,109356,106266,3060,30,133855,130235,3590,30,24820,24820,0,0
2024,FY,PROVIDER,IRF,102009,Kindred Hospital-bay Area-tampa,Tampa,FL,33611,93,103,1258,6994375,2650194,2506194,2665807,256813,31,0,75,49,51,80,13,*,*,0,0,0,3.49,*,27,35,67,19,62,69,*,*,*,27,53,73,13,25,58,56,44,61,*,*,68,16,*,45,*,*,*,0,18,0,19,17,*,14,0,0,*,16,0,58469,55063,1754,1652,56554,54803,120,1631,21186,21186,0,0
2024,FY,PROVIDER,IRF,102010,Kindred Hospital-south Florida-ft Lauderdale,Fort Lauderdale,FL,33301,91,91,1210,5095671,2571100,2429716,2411629,146146,44,*,75,53,47,78,15,*,*,0,0,0,4.06,*,27,45,49,12,51,53,*,*,13,29,48,66,13,20,68,59,57,59,*,*,65,20,*,38,0,*,*,*,41,0,*,*,*,*,*,0,*,26,0,52617,42065,3425,7127,48975,40062,2132,6781,15776,15616,0,160
2024,FY,PROVIDER,IRF,102015,Kindred Hospital-north Florida,Green Cove Springs,FL,32043,94,102,1207,6454431,2930748,2794060,3097368,489580,12,*,76,53,47,88,*,*,*,0,0,*,4.02,*,26,33,62,12,57,61,*,*,*,31,59,77,*,20,70,65,72,77,*,100,63,30,*,44,*,*,*,0,14,0,17,25,*,*,*,0,*,18,*,65518,63427,761,1330,62500,60473,908,1119,12488,12288,126,74
2024,FY,PROVIDER,IRF,102024,Select Specialty Hospital Pensacola,Pensacola,FL,32504,169,176,2110,21530906,4827984,4725232,5722775,1150773,17,*,75,51,49,88,10,*,*,0,0,*,3.34,*,21,28,54,10,50,56,*,*,*,28,53,74,12,27,63,59,64,64,91,*,58,25,*,42,*,*,*,0,29,0,10,9,0,10,0,0,21,14,*,113157,111582,1575,0,117268,115544,1724,0,40388,40388,0,0
2024,FY,PROVIDER,IRF,102025,Kindred Hospital The Palm Beaches,Riviera Beach,FL,33418,58,62,797,4223421,1539352,1421824,1540062,120522,*,0,73,67,33,78,*,*,*,0,0,*,3.68,*,26,36,47,*,53,53,*,*,*,29,60,57,*,26,60,45,55,57,*,*,53,19,*,38,0,0,0,0,40,0,*,*,0,*,*,0,0,19,0,27914,26049,525,1340,23416,21698,363,1355,15989,15254,300,435
2024,FY,PROVIDER,IRF,102027,Kindred Hospital Melbourne,Melbourne,FL,32901,184,199,2091,7467969,4194003,4099491,4458155,66504,7,0,78,45,55,92,*,*,*,0,*,0,2.94,*,35,39,55,14,54,62,*,*,*,17,47,79,14,25,59,43,59,51,92,94,65,29,8,46,*,*,*,0,18,0,17,14,*,13,*,0,*,21,*,118918,100431,9584,8903,119907,105312,5552,9043,12466,11756,0,710
2024,FY,PROVIDER,IRF,103026,St Catherine's Rehabilitation Hospital,North Miami,FL,33161,235,269,3924,8989874,8028695,7943791,7453919,0,81,0,80,33,67,14,*,*,82,0,0,0,3.75,0,17,65,66,12,69,75,5,*,21,12,43,76,22,17,55,47,65,57,93,*,61,31,14,38,*,*,0,0,32,0,13,*,0,7,0,0,17,28,*,164935,161130,3805,0,173928,170358,3570,0,96711,96711,0,0
2024,FY,PROVIDER,IRF,103027,St Anthony's Rehabilitation Hospital,Lauderdale Lakes,FL,33311,140,163,2088,4825735,4211357,4123845,3938044,0,46,0,78,53,47,63,25,0,10,*,*,*,3.16,*,29,50,56,18,61,69,10,*,26,27,46,66,18,16,58,49,69,50,*,*,71,24,8,41,0,*,*,0,46,0,10,*,0,*,0,0,16,21,0,110205,102495,5850,1860,102400,91835,8225,2340,32510,32510,0,0
2024,FY,PROVIDER,IRF,103028,Encompass Health Rehab Hospital Of Sunrise,Sunrise,FL,33351,1437,1640,20061,50561300,40064124,38885268,38351231,179049,29,*,79,48,52,78,11,1,6,*,3,*,3.14,2,24,48,56,16,59,66,3,3,17,17,45,75,16,22,60,38,58,51,92,97,62,29,10,41,0,*,1,*,34,0,10,*,*,4,*,0,16,26,8,1060415,799520,260210,685,1111378,843517,267391,470,207573,190048,17525,0
2024,FY,PROVIDER,IRF,103031,Encompass Health Rehab Hospital Of Sarasota,Sarasota,FL,34240,2096,2362,28534,67000526,54756216,53646432,57057347,9470,10,1,80,47,53,93,1,1,2,*,1,*,2.91,3,21,39,59,12,61,68,3,3,6,14,52,81,15,25,61,49,56,52,94,98,66,29,12,40,*,*,*,*,33,0,14,1,1,2,0,0,19,19,10,1558125,1027308,530417,400,1614430,1112076,501874,480,100517,99507,1010,0
2024,FY,PROVIDER,IRF,103032,Encompass Health Rehab Hospital Of Treasure Coast,Vero Beach,FL,32960,1189,1319,16003,36160130,27165498,26573698,31362260,69514,9,*,82,44,56,93,3,*,2,*,1,*,2.38,2,23,45,53,8,51,55,4,3,5,13,47,79,12,27,54,36,44,48,93,96,58,32,9,39,*,*,*,*,16,0,9,*,*,6,0,0,16,34,17,803465,493915,309328,222,965271,654851,310288,132,91405,76222,15183,0
2024,FY,PROVIDER,IRF,103033,Encompass Health Rehabilitation Hospital Of Tallah,Tallahassee,FL,32308,587,685,7665,18157026,13277429,12912581,14935032,9586,18,12,79,39,61,83,13,*,*,*,*,*,2.56,*,20,40,51,8,50,54,*,2,4,17,45,70,16,19,52,40,52,49,91,96,51,36,8,41,0,*,*,*,18,0,11,0,0,3,0,0,32,27,8,402584,272804,126734,3046,448784,332594,113705,2485,116526,94391,20465,1670
2024,FY,PROVIDER,IRF,103034,Sea Pines Rehab Hosp Affiliate Of Encompass Health,Melbourne,FL,32901,1294,1459,17365,40778717,31340777,30898897,34020936,13444,7,*,80,41,59,89,5,1,3,*,1,*,2.37,3,25,54,52,12,51,56,3,3,4,17,47,82,15,23,55,40,48,46,94,97,59,37,9,42,*,*,0,0,18,*,12,1,*,2,0,0,16,30,20,963266,696482,266619,165,1012199,863610,148004,585,146334,132674,13660,0
2024,FY,PROVIDER,IRF,103036,West Gables Rehabilitation Hospital,Miami,FL,33155,925,1086,15710,122734164,34235728,33054928,31626654,1244464,70,*,78,47,53,24,9,*,66,0,*,*,4.14,1,19,63,76,21,76,80,5,2,44,24,41,69,14,20,66,49,70,61,94,99,66,20,13,42,*,*,0,0,31,0,15,9,*,4,0,0,27,13,*,673420,630610,42750,60,717663,699506,18157,0,227229,227229,0,0
2024,FY,PROVIDER,IRF,103037,Encompass Health Rehabilitation Hospital Of Largo,Largo,FL,33770,1032,1186,15699,34497746,28994400,28281568,30721386,3747,20,*,79,46,54,91,3,*,3,0,1,*,3.11,2,25,39,64,27,59,66,2,3,7,22,51,84,15,25,58,46,48,56,93,98,65,31,11,44,0,*,*,*,17,0,14,*,*,4,0,0,28,23,14,783283,468954,313839,490,800062,487022,311703,1337,233022,168903,62977,1142
2024,FY,PROVIDER,IRF,103038,Encompass Health Rehabilitation Hospital Of Miami,Miami,FL,33189,719,808,9707,23562114,21244274,20721058,20793635,6223,39,*,79,46,54,57,9,*,31,0,2,*,2.92,*,22,44,57,12,55,71,8,2,17,20,43,77,15,23,53,39,55,50,87,95,60,29,8,41,*,*,*,*,33,*,13,*,0,3,0,*,12,24,14,464476,309944,154517,15,469866,296220,173646,0,151793,143503,8265,25
2024,FY,PROVIDER,IRF,103039,Brooks Rehabilitation Hospital University Campus,Jacksonville,FL,32216,1687,1935,25790,140756602,50286182,49087510,53872885,984094,12,2,77,51,49,83,10,1,3,*,2,*,2.92,3,19,30,52,9,51,56,2,2,5,16,47,74,16,24,53,36,53,52,92,96,60,26,8,49,*,1,*,*,14,*,17,2,1,3,*,*,14,25,21,851605,746520,24140,80945,903302,777426,42474,83402,355568,335948,1510,18110
2024,FY,PROVIDER,IRF,103040,Encompass Health Rehabilitation Hospital Of Panama,Panama City,FL,32405,742,838,10366,24734769,19876155,19500875,21132736,117723,14,10,78,42,58,92,5,*,2,0,*,*,2.43,*,17,34,50,11,47,49,2,3,3,23,49,80,13,19,50,49,53,53,90,98,58,30,7,35,*,0,0,*,16,0,9,*,0,2,0,0,21,27,25,639773,449870,188978,925,607006,431401,175050,555,73726,67681,6025,20
2024,FY,PROVIDER,IRF,103042,Encompass Health Rehab Hospital Of Spring Hill,Brooksville,FL,34613,971,1157,14778,35403663,27088886,26426974,28752397,28114,17,*,80,44,56,91,2,*,5,0,1,*,3.02,1,24,40,61,26,60,70,2,4,7,22,51,79,14,28,62,55,54,57,95,98,72,23,9,41,*,*,*,*,12,0,13,*,0,1,0,0,31,26,15,874968,548478,322030,4460,846282,498479,343598,4205,144094,143959,135,0
2024,FY,PROVIDER,IRF,103043,Encompass Health Rehab Hospital Of Ocala,Ocala,FL,34471,916,1083,13260,31099519,23998090,23275890,24755948,77602,14,*,79,46,54,88,6,*,3,0,2,*,2.76,2,21,53,51,17,53,71,2,4,6,15,48,77,15,24,53,48,56,53,94,97,70,27,11,45,0,*,*,0,26,0,15,*,*,4,0,0,21,21,12,789070,515089,273111,870,746036,543819,201382,835,147510,143336,4134,40
2024,FY,PROVIDER,IRF,103044,Encompass Health Rehab Hospital An Affiliate Of Ma,Stuart,FL,34997,1554,1827,20310,49491935,39190831,38556039,42739320,5300,7,1,80,45,55,91,3,*,3,*,1,*,2.47,1,23,33,52,13,51,54,2,2,5,15,49,78,15,25,52,42,45,46,92,97,58,29,8,40,0,*,*,0,17,*,12,*,*,3,0,0,24,29,14,1244642,805449,426215,12978,1211122,778305,420007,12810,162094,94528,62391,5175
2024,FY,PROVIDER,IRF,103045,Encompass Health Rehabilitation Hospital Of Altamo,Altamonte Springs,FL,32714,1160,1362,16329,41767406,30719203,29876219,32719142,58229,17,*,79,41,59,82,8,1,7,*,1,*,3.29,2,24,44,61,14,57,64,4,3,7,16,49,77,19,26,64,41,61,58,93,97,66,25,11,41,0,*,*,*,33,*,10,0,*,4,0,*,19,22,11,917986,627154,290494,338,933927,693366,239713,848,167910,128322,39020,568
2024,FY,PROVIDER,IRF,103046,Uf Health Rehabilitation Hospital,Gainesville,FL,32608,572,642,7409,63152673,16234408,15980656,15953138,265471,13,12,76,48,52,88,7,*,2,0,*,*,2.41,*,19,26,49,16,49,54,*,3,4,18,45,77,15,24,52,34,50,49,88,95,54,27,5,39,*,3,*,*,11,0,30,4,*,10,*,*,12,24,4,290019,236665,53354,0,311808,276747,35061,0,56683,56187,496,0
2024,FY,PROVIDER,IRF,103047,Encompass Health Rehabilitation Hospital Of North,Lutz,FL,33548,802,949,12467,33178739,22350894,21754822,23816355,24934,17,*,78,46,54,81,8,1,7,0,*,*,3.21,5,25,42,66,34,64,80,2,4,7,18,50,81,17,26,60,41,58,58,95,99,67,31,9,52,0,*,*,*,22,0,15,0,*,3,0,0,20,22,16,643806,389855,253001,950,712653,439967,271971,715,205781,204117,1430,234
2024,FY,PROVIDER,IRF,103048,Encompass Health Rehabilitation Hospital Of Pensac,Pensacola,FL,32504,764,846,9841,26739947,17918689,17542697,20979663,19628,7,4,79,42,58,90,7,*,*,0,*,*,2.17,2,16,30,52,6,51,55,*,3,4,18,44,84,17,23,53,36,48,45,90,97,54,38,8,36,0,0,*,*,22,*,11,0,*,4,0,0,9,29,25,599311,435932,161199,2180,541334,425036,113758,2540,200240,157340,42690,210
2024,FY,PROVIDER,IRF,103049,Encompass Health Rehabilitation Hospital Of St Aug,Saint Augustine,FL,32084,788,877,10148,28657413,18139502,17782862,19847332,236749,6,*,81,41,59,92,4,*,2,0,*,*,2.69,*,20,30,56,11,56,64,2,2,4,13,54,81,14,24,57,45,51,57,93,97,66,28,9,37,0,*,*,0,42,0,7,*,*,2,*,0,11,26,11,625529,434874,190055,600,612001,430404,181197,400,113660,111320,2175,165
2024,FY,PROVIDER,IRF,103050,Encompass Health Rehabilitation Hospital Of Lakela,Lakeland,FL,33803,562,643,8432,22223501,14905145,14534049,16643352,643549,20,*,78,47,53,87,6,*,5,*,*,*,3.05,*,17,37,53,20,59,64,*,3,9,14,48,75,21,22,62,44,61,52,93,98,59,25,8,40,0,*,0,*,30,0,14,0,0,3,0,0,20,22,10,440149,258882,180682,585,450364,286333,163566,465,118457,118277,90,90
2024,FY,PROVIDER,IRF,103051,Tampa General Rehabilitation Hospital,Tampa,FL,33606,647,753,8871,29756704,18278745,17843881,19546738,745174,12,*,77,46,54,79,8,2,8,*,2,*,2.98,3,22,33,56,19,53,59,2,4,4,13,47,83,20,22,55,35,48,47,90,94,62,30,9,47,*,1,*,0,20,0,14,4,3,10,*,*,10,24,12,502429,389696,99651,13082,462228,359703,90145,12380,92523,89102,3311,110
2024,FY,PROVIDER,IRF,103052,Encompass Health Rehabilitation Hospital Of Jackso,Jacksonville,FL,32256,553,642,7942,23321823,14998077,14548797,16222305,204806,12,*,79,49,51,79,12,*,4,*,*,*,3.20,5,22,39,61,10,58,62,5,4,7,16,48,80,15,23,61,40,55,58,93,97,69,27,12,41,0,*,*,*,29,0,8,0,*,5,0,0,19,24,15,371439,283946,86678,815,375977,301937,72665,1375,127727,118667,8415,645
2024,FY,PROVIDER,IRF,103053,Encompass Health Rehabilitation Hospital Of Cape,Cape Coral,FL,33909,749,869,9819,26886728,19667788,19263972,20454836,57810,9,*,78,54,46,93,*,*,3,0,1,*,2.83,2,26,31,47,16,52,57,2,3,5,15,47,77,13,24,46,35,46,48,94,96,58,25,11,41,*,*,*,*,28,0,13,*,*,2,0,0,13,27,14,607416,385772,221644,0,636166,423428,212658,80,119983,112973,7010,0
2024,FY,PROVIDER,IRF,103054,Rehabilitation Hospital Of Naples,Naples,FL,34119,1121,1226,13214,36220889,26614873,26360681,29049410,0,4,*,81,51,49,93,1,*,2,*,2,*,2.45,2,18,38,53,11,54,57,1,2,4,11,52,84,15,28,51,38,42,50,94,96,66,31,11,38,*,*,*,*,27,*,13,0,*,3,*,0,12,25,18,595802,458009,135968,1825,663580,502376,159594,1610,140734,124083,16506,145
2024,FY,PROVIDER,IRF,103055,Encompass Health Rehabilitation Hospital Of Clermo,Clermont,FL,34711,622,766,9585,26615933,17152966,16665934,18625593,6392,13,*,79,51,49,83,7,*,5,0,*,*,3.23,2,17,44,56,12,57,62,2,3,7,13,52,73,16,24,68,42,58,61,96,*,68,23,12,40,0,*,0,*,43,0,11,*,0,4,0,0,13,18,11,548418,395055,153308,55,556881,440310,116516,55,64924,64924,0,0
2024,FY,PROVIDER,IRF,103056,Pam Health Rehabilitation Hospital Of Tavares,Tavares,FL,32778,721,842,9039,38705024,18426621,17845965,19868448,345714,13,*,80,47,53,93,4,*,2,0,*,*,3.09,2,25,45,55,14,62,64,2,3,6,15,54,75,12,27,61,49,53,55,96,98,70,27,13,43,*,*,*,3,36,0,11,2,0,5,0,0,19,18,5,511189,503072,925,7192,521441,508755,3738,8948,33180,33015,120,45
2024,FY,PROVIDER,IRF,103057,Pam Health Rehabilitation Hospital Of Jupiter,Jupiter,FL,33458,994,1141,11538,52263484,24619539,24060651,25980925,406055,11,*,81,50,50,92,3,*,2,0,2,*,2.72,3,19,34,54,12,55,58,4,2,7,12,50,75,14,27,49,38,45,47,93,96,60,31,10,36,*,*,*,2,30,0,12,*,*,2,0,*,19,21,11,585176,575390,9291,495,559922,553352,6285,285,73191,73146,45,0
2024,FY,PROVIDER,IRF,103061,Clearsky Rehabilitation Hospital Of Lecanto,Lecanto,FL,34461,285,327,4266,11038177,7298401,7146969,7995477,46801,12,*,80,46,54,94,*,*,*,0,*,*,2.89,*,29,41,58,26,55,60,*,*,7,24,50,77,15,27,74,46,57,63,*,*,68,27,12,52,0,0,*,*,17,0,16,0,0,*,*,0,24,26,14,236248,185458,50790,0,232857,194467,38390,0,42659,28884,13775,0
2024,FY,PROVIDER,IRF,103062,Pam Health Rehabilitation Hospital Of Venice,Nokomis,FL,34275,655,722,7363,32078169,15738227,15491387,16535876,81640,7,*,81,47,53,97,*,*,*,0,*,*,2.30,3,22,31,54,14,55,59,3,3,6,16,48,82,13,29,58,44,40,45,94,96,62,32,10,38,*,0,*,*,31,0,12,*,*,4,0,*,19,24,8,423553,407502,15930,121,481172,453491,27560,121,80845,80750,55,40
2024,FY,PROVIDER,IRF,103063,Reunion Rehabilitation Hospital Jacksonville,Jacksonville,FL,32246,410,468,5617,19314845,10394999,10137711,11362645,933,11,*,79,46,54,84,10,*,*,0,*,*,2.59,3,19,38,55,9,57,61,4,3,6,18,49,78,17,25,55,37,51,56,92,97,59,31,10,44,0,*,*,0,21,0,12,0,*,2,0,0,37,19,8,300285,259729,38149,2407,291902,259405,30270,2227,38281,38026,225,30
2024,FY,PROVIDER,IRF,103064,Encompass Health Rehabilitation Hospital Of Kissim,Kissimmee,FL,34746,125,132,1631,5163555,2878951,2796127,3114899,10731,26,*,76,51,49,60,14,*,21,0,*,0,3.12,*,17,37,49,14,54,58,*,*,*,14,51,68,30,20,67,50,69,61,90,*,66,22,*,48,0,*,0,0,37,0,19,0,0,*,*,0,8,13,19,89734,75475,14259,0,87019,72957,14062,0,29328,29268,60,0
2024,FY,PROVIDER,IRF,103065,Orlando Rehabilitation Hospital,Altamonte Springs,FL,32701,54,56,591,2148330,1169348,1123244,1252692,0,*,0,77,50,50,78,*,0,*,0,*,0,2.52,0,26,46,59,20,59,67,*,0,*,*,44,78,*,24,50,35,56,67,*,*,61,22,*,52,0,0,0,0,20,0,*,0,0,*,0,0,43,*,*,35508,32087,3386,35,36754,35296,1343,115,5702,5647,0,55
2024,FY,PROVIDER,IRF,103066,North Florida Rehabilitation Hospital,Jacksonville,FL,32221,30,30,340,1434270,632738,616826,690552,0,*,0,78,47,53,70,*,0,*,0,0,0,2.11,0,*,43,47,*,47,53,0,0,*,*,43,*,*,*,37,40,47,47,*,100,63,*,*,57,0,0,0,0,*,0,*,0,0,*,0,0,*,*,*,14155,13313,360,482,14178,13433,150,595,1900,1840,0,60
2024,FY,PROVIDER,IRF,110003,Memorial Satilla Health,Waycross,GA,31501,127,138,1679,10236680,3386341,3360325,3301801,3706,20,10,77,45,55,94,*,0,0,0,*,*,2.27,0,17,26,60,*,54,56,*,*,*,28,39,76,9,23,53,42,53,42,*,*,43,28,*,39,0,0,0,0,8,0,12,0,0,*,0,0,35,33,*,82936,81734,10,1192,78914,77470,30,1414,4409,4409,0,0
2024,FY,PROVIDER,IRF,110006,St Mary's Hospital,Athens,GA,30606,272,291,3241,12228198,6797760,6721232,7162477,15196,11,14,78,44,56,89,8,*,*,0,*,0,1.87,*,12,28,52,5,49,51,*,*,*,17,41,76,11,29,42,22,40,32,88,94,44,25,8,43,0,*,0,0,*,0,18,0,0,*,0,0,22,33,21,178143,164311,9116,4716,179467,172677,2089,4701,31806,30914,877,15
2024,FY,PROVIDER,IRF,110007,Phoebe Putney Memorial Hospital,Albany,GA,31703,71,73,1123,4569157,2020712,2011736,2120447,366820,*,*,78,54,46,77,20,0,*,0,*,0,1.94,*,15,21,41,*,48,48,*,*,*,21,42,66,*,27,51,37,58,41,*,*,48,27,*,44,0,0,0,0,*,0,18,0,0,0,0,0,*,47,30,61863,61863,0,0,64215,64215,0,0,6255,6255,0,0
2024,FY,PROVIDER,IRF,110024,Candler Hospital,Savannah,GA,31412,147,155,2206,9684694,3642968,3574328,4069171,96926,11,*,79,49,51,73,25,0,*,0,*,0,2.74,*,10,29,45,8,52,53,*,0,*,16,39,69,12,32,55,37,52,44,89,*,50,22,7,34,*,*,*,0,17,0,14,12,*,8,*,0,9,20,8,119398,86781,32365,252,121100,110349,10526,225,7211,7211,0,0
2024,FY,PROVIDER,IRF,110029,"Northeast Georgia Medical Center, Inc",Gainesville,GA,30501,205,217,3283,13575200,5148523,5072099,5234292,0,8,19,78,46,54,92,*,*,*,0,*,*,2.18,0,15,25,42,8,42,44,*,*,*,20,41,70,14,22,44,27,38,39,86,94,45,27,6,49,*,*,0,0,6,0,27,*,*,*,*,0,6,38,14,165524,163509,210,1805,155989,153254,690,2045,19123,19123,0,0
2024,FY,PROVIDER,IRF,110035,Wellstar Kennestone Regional Medical Center,Marietta,GA,30060,157,167,2136,17229873,4817443,4745539,4668409,393016,*,*,77,55,45,85,10,*,*,0,*,0,2.06,*,13,31,38,*,35,39,*,*,*,15,58,59,13,21,41,23,52,46,*,*,68,21,*,72,0,*,0,0,16,0,44,*,*,*,0,0,*,23,9,120310,120280,30,0,118886,118886,0,0,45041,43961,1080,0
2024,FY,PROVIDER,IRF,110038,Archbold Memorial,Thomasville,GA,31792,82,87,1039,3124438,2006727,1961823,2103314,72078,13,*,79,46,54,87,*,0,0,0,*,*,2.44,0,15,20,38,*,37,38,0,0,*,*,44,71,17,*,56,32,46,52,85,*,49,26,*,41,0,0,0,0,56,0,*,0,0,0,0,0,*,20,*,41837,41782,55,0,42009,41868,141,0,4837,4837,0,0
2024,FY,PROVIDER,IRF,110043,St Joseph's Hospital - Savannah,Savannah,GA,31419,219,230,3279,12790792,5079933,5033141,5747101,65329,11,*,79,43,57,82,15,*,*,0,*,0,2.24,*,15,32,43,9,43,47,*,*,*,15,37,73,17,22,49,36,47,43,89,*,47,24,5,36,*,*,*,0,7,0,18,*,*,8,*,0,6,32,15,179835,124220,55528,87,180123,129672,50421,30,4866,4857,0,9
2024,FY,PROVIDER,IRF,110054,Atrium Health Floyd Medical Center,Rome,GA,30162,197,209,2453,9696116,5308112,5267072,5742778,603201,18,8,75,48,52,93,*,0,*,0,*,0,2.50,*,19,27,57,12,55,56,*,*,*,27,45,75,15,21,50,38,49,57,88,94,55,23,7,40,*,*,0,0,8,0,15,*,*,13,*,0,8,40,*,138042,132122,2437,3483,144123,137088,2567,4468,11202,8855,30,2317
2024,FY,PROVIDER,IRF,110076,Emory Decatur Hospital,Decatur,GA,30033,148,154,2039,11565135,4370693,4284045,4183023,535439,16,*,74,51,49,49,41,*,*,0,*,*,2.89,0,14,33,35,*,37,41,*,*,*,17,34,57,15,23,57,25,56,44,84,*,45,18,*,56,*,*,*,0,12,0,32,*,*,*,*,0,11,18,16,118360,117265,100,995,105948,104233,180,1535,37641,36451,840,350
2024,FY,PROVIDER,IRF,110079,Grady Memorial Hospital,Atlanta,GA,30303,11,11,137,1133265,357126,342438,340753,76497,0,0,81,*,*,*,*,0,0,0,0,*,2.83,0,*,*,*,0,*,*,0,*,0,0,*,*,*,*,*,*,*,*,*,100,*,*,*,*,0,0,0,0,*,0,*,0,0,*,0,0,*,*,0,*,*,*,*,*,*,*,*,*,*,*,*
2024,FY,PROVIDER,IRF,110122,Sgmc Health,Valdosta,GA,31602,120,122,1622,4866267,2301816,2285656,2891925,105573,*,16,79,49,51,86,12,*,*,0,0,0,2.24,*,11,30,43,12,39,44,*,*,*,22,42,67,15,26,52,38,58,42,*,*,52,22,*,48,*,*,*,0,*,0,30,*,*,*,*,0,17,26,13,91948,88787,2866,295,92900,92305,300,295,20332,20332,0,0
2024,FY,PROVIDER,IRF,110125,Fairview Park Hospital,Dublin,GA,31021,144,154,2051,16398012,3920986,3886242,3929137,4948,14,26,79,39,61,92,*,0,0,0,*,0,2.21,*,17,29,47,17,42,43,*,*,*,27,46,65,12,23,69,48,49,54,90,*,52,29,*,28,0,0,0,0,*,0,16,*,0,0,*,0,38,30,9,90370,89730,640,0,98107,98107,0,0,10419,10419,0,0
2024,FY,PROVIDER,IRF,110143,Wellstar Cobb Medical Center,Austell,GA,30106,104,107,1299,11815833,3552379,3515779,3481326,879812,*,0,76,56,44,70,25,*,*,0,*,0,3.28,*,22,24,41,*,48,49,*,0,0,18,45,57,16,22,58,33,57,58,*,*,66,19,*,62,0,0,*,0,29,0,37,0,*,*,0,0,*,15,*,73972,73972,0,0,71110,71110,0,0,30430,30430,0,0
2024,FY,PROVIDER,IRF,110164,Piedmont Macon Medical Center,Macon,GA,31217,315,341,4336,31451031,7670899,7610667,8273715,3369,14,10,79,37,63,83,16,0,*,0,*,*,2.27,*,18,25,50,11,50,53,6,*,4,16,49,71,18,19,60,38,53,57,92,*,58,27,5,38,0,*,0,*,9,0,15,*,0,*,*,0,31,20,23,244789,233738,11051,0,251190,244268,6922,0,31425,31275,150,0
2024,FY,PROVIDER,IRF,110165,Southern Regional Medical Center,Riverdale,GA,30274,28,28,321,1737136,1177574,1163814,1159213,612975,43,0,71,46,54,*,64,0,0,0,*,0,1.74,0,*,43,*,*,46,54,0,*,*,*,*,43,*,0,39,*,61,61,*,*,*,*,*,*,0,0,*,0,*,0,*,0,0,0,0,0,39,*,*,9020,9020,0,0,10657,10657,0,0,1020,1020,0,0
2024,FY,PROVIDER,IRF,110168,Adventhealth Redmond,Rome,GA,30165,191,210,2780,28099237,6212832,6182768,6786995,1147314,13,6,77,51,49,92,*,*,*,0,*,0,2.17,*,17,30,50,7,54,55,*,*,*,23,47,71,12,18,49,31,53,65,92,*,57,19,*,48,0,*,0,0,*,0,22,*,0,*,*,0,17,20,33,144246,135709,0,8537,164011,154643,149,9219,21127,21127,0,0
2024,FY,PROVIDER,IRF,110177,Doctors Hospital,Augusta,GA,30909,284,301,4243,50409761,7231652,7129284,7891498,302826,11,9,77,40,60,79,17,*,*,0,*,0,2.70,*,14,29,43,26,46,75,*,*,*,20,40,71,14,17,58,37,54,48,92,*,55,21,5,34,0,*,*,0,7,*,12,*,*,*,*,0,39,27,9,169439,161083,8284,72,210771,209725,944,102,27029,26996,33,0
2024,FY,PROVIDER,IRF,110192,Piedmont Eastside Medical Center,Snellville,GA,30078,144,161,2200,22783618,4806225,4780585,4510277,0,9,*,77,40,60,70,22,*,*,0,*,*,2.11,*,12,32,42,8,42,42,*,*,*,10,33,75,17,15,48,28,64,48,90,*,45,21,8,49,0,*,0,0,*,0,17,0,0,*,0,0,21,34,23,158521,158521,0,0,153997,153997,0,0,33835,33835,0,0
2024,FY,PROVIDER,IRF,110198,Wellstar North Fulton Medical Center,Roswell,GA,30076,175,183,2337,20506454,5950587,5927771,5872607,886000,*,*,80,46,54,89,7,*,*,0,*,*,2.23,*,13,40,46,*,47,50,*,*,*,11,48,59,9,24,48,24,39,48,87,*,54,25,9,48,*,*,0,0,*,0,26,*,*,*,0,0,6,48,8,139299,139079,220,0,138581,138581,0,0,42353,42353,0,0
2024,FY,PROVIDER,IRF,110252,Northside Hospital Duluth,Duluth,GA,30096,221,243,3076,18809738,9154854,9106430,9157757,3267455,10,*,78,37,63,80,12,*,*,0,*,*,2.49,*,10,31,45,9,45,48,*,*,*,17,44,69,16,26,45,33,45,48,89,95,52,29,*,35,0,*,0,0,*,0,12,0,0,*,0,0,28,47,7,99915,98720,1065,130,88980,87010,1800,170,13115,13115,0,0
2024,FY,PROVIDER,IRF,113028,Wellstar Roosevelt Rehab Care At Warm Springs,Warm Springs,GA,31830,79,86,1065,3778169,2267326,2188278,1974306,24580,16,*,74,48,52,73,23,0,*,*,*,0,2.80,*,20,23,57,15,47,51,0,*,*,20,49,65,19,22,52,33,58,56,86,*,59,16,*,46,0,0,0,0,*,0,24,*,0,*,0,0,24,17,19,53353,41148,12205,0,67400,53630,13770,0,3727,3727,0,0
2024,FY,PROVIDER,IRF,113029,Atrium Health Navicent Rehabilitation Hospital,Macon,GA,31210,463,503,6856,20766595,10882770,10743594,11736939,25095,11,9,78,43,57,81,16,*,*,0,*,*,2.34,*,16,26,45,12,49,51,5,*,2,18,46,73,14,20,60,33,52,44,91,96,61,27,7,39,0,*,0,*,14,0,15,*,0,7,0,0,16,35,12,364687,357529,135,7023,376981,370256,0,6725,37926,37746,45,135
2024,FY,PROVIDER,IRF,113030,"Walton Rehab Hospital, Affiliate Of Encompass Hlth",Augusta,GA,30901,1233,1395,15180,37188717,28483042,27882730,31450548,10935,12,10,78,43,57,74,23,*,1,*,*,*,2.49,2,13,30,45,11,48,50,2,2,3,18,42,71,13,20,54,37,54,52,89,97,52,19,6,33,*,*,*,*,35,*,11,*,*,3,0,0,18,17,15,852842,546412,306400,30,933924,636842,297082,0,80082,62007,18075,0
2024,FY,PROVIDER,IRF,113031,Emory Rehabilitation Hospital,Atlanta,GA,30322,270,290,4143,21036460,7746081,7619521,7359633,40663,12,4,74,51,49,61,30,*,*,*,*,*,2.54,*,13,21,37,8,36,41,*,*,*,16,34,61,11,21,45,22,40,37,84,92,42,20,*,48,0,0,0,0,*,0,22,0,0,*,0,0,40,25,10,167249,154424,12825,0,180346,164322,15934,90,69308,61753,7510,45
2024,FY,PROVIDER,IRF,113032,Rehabilitation Hospital Of Newnan,Newnan,GA,30265,847,956,11061,27462023,26134187,25787227,24423934,70461,12,3,78,45,55,79,18,*,*,0,1,*,2.74,*,16,34,46,8,45,48,2,2,5,16,47,77,14,22,58,33,58,54,90,97,57,21,8,47,1,*,*,0,21,*,22,2,1,2,0,0,13,22,15,515371,316799,198247,325,526210,351271,174879,60,64892,55642,9250,0
2024,FY,PROVIDER,IRF,113033,Encompass Health Rehab Hospital Of Savannah,Savannah,GA,31404,757,837,9668,24161656,18042313,17788249,20221169,2424,11,5,78,46,54,85,13,*,*,*,*,*,2.52,*,15,29,62,15,56,59,3,3,4,19,46,76,13,24,49,38,51,45,91,96,54,31,8,37,0,*,*,*,17,0,13,*,*,2,0,*,22,28,17,512324,388681,123258,385,516764,407050,109498,216,126586,97461,29095,30
2024,FY,PROVIDER,IRF,113034,Encompass Health Rehabilitation Hospital Cumming,Cumming,GA,30041,866,944,10852,29922778,22365932,22162812,21843406,4534,6,3,80,42,58,92,4,*,*,0,*,*,2.52,1,13,38,54,8,53,58,2,1,3,12,45,77,14,25,51,29,45,53,90,98,64,29,9,40,*,*,*,0,35,0,14,*,*,2,0,0,*,35,12,438941,360899,78042,0,406000,332176,73714,110,65911,65306,545,60
2024,FY,PROVIDER,IRF,113035,Rehabilitation Hospital Of Henry,Mcdonough,GA,30253,577,653,7149,19454150,16494760,16283016,15574026,3743,12,*,77,45,55,64,33,*,*,0,*,*,2.68,2,13,22,35,11,36,39,0,3,3,15,39,69,16,21,59,35,55,49,87,97,48,19,4,43,*,*,0,*,21,0,12,0,*,3,0,0,21,23,19,368069,249016,118913,140,405815,330733,74852,230,54380,45535,8845,0
2024,FY,PROVIDER,IRF,113036,Rehabilitation Hospital Of Columbus,Columbus,GA,31909,738,882,10503,29269236,18769028,18399724,21949817,0,14,1,79,43,57,72,26,*,2,0,*,0,2.72,*,12,36,48,7,45,49,3,4,4,16,42,75,12,22,64,35,58,54,90,97,53,25,7,41,5,*,*,0,33,0,10,*,*,2,0,*,13,20,15,593470,365022,228388,60,585781,374464,211227,90,111691,107106,4570,15
2024,FY,PROVIDER,IRF,113037,Rehabilitation Hospital Of Atlanta,Atlanta,GA,30309,146,156,1658,4896961,3285407,3212375,3217578,0,12,*,76,55,45,70,27,*,*,0,0,*,1.84,*,18,22,44,*,39,43,*,*,*,14,44,73,14,32,46,30,57,46,88,*,60,17,*,42,0,*,0,*,17,0,13,0,0,*,0,0,13,22,28,75969,68099,7870,0,81928,76260,5668,0,17620,14530,3090,0
2024,FY,PROVIDER,IRF,123025,Rehabilitation Hospital Of The Pacific,Honolulu,HI,96817,328,343,4663,16417666,10196084,10040956,7649389,116998,7,*,77,49,51,27,*,55,6,0,*,10,1.82,0,12,13,18,*,18,23,*,*,*,8,27,58,15,17,47,18,43,26,93,91,31,32,*,43,0,0,0,0,4,0,23,0,0,*,0,0,12,30,29,114010,109475,4535,0,103230,100800,2430,0,21750,21750,0,0
2024,FY,PROVIDER,IRF,160030,Mary Greeley Medical Center,Ames,IA,50010,190,197,2260,7632974,4698937,4625625,4977236,221499,8,27,79,47,53,94,*,*,*,0,*,0,2.30,0,7,16,29,15,37,38,*,*,0,11,46,59,12,23,47,18,45,38,93,93,43,24,*,44,*,*,*,0,*,0,36,*,*,10,*,0,16,23,*,76930,72902,2976,1052,78835,74972,2811,1052,26401,25949,452,0
2024,FY,PROVIDER,IRF,160033,Mercyone Genesis,Davenport,IA,52803,284,304,3106,8905875,6039133,6005429,6719530,7421,10,*,77,54,46,93,*,*,*,*,*,*,2.29,*,16,23,33,7,37,39,*,*,*,18,44,66,14,22,51,38,48,46,87,95,53,23,8,46,*,*,*,0,6,0,28,*,0,4,*,0,29,17,9,133825,113631,19919,275,135157,121122,13760,275,76827,69272,7555,0
2024,FY,PROVIDER,IRF,160045,St Lukes Hospital,Cedar Rapids,IA,52402,199,217,2313,8314768,4617520,4517672,4745674,34407,11,21,75,59,41,95,*,*,*,0,*,0,2.69,*,13,20,48,15,55,64,*,*,*,17,39,63,17,16,48,24,50,50,91,92,50,18,6,50,0,0,0,0,0,0,0,0,0,0,0,0,*,10,89,142211,142211,0,0,139832,139832,0,0,17768,17753,15,0
2024,FY,PROVIDER,IRF,160057,Southeast Iowa Regional Medical Center,West Burlington,IA,52655,90,92,1036,3286268,2085357,2060973,2046263,4542,*,23,77,48,52,94,*,0,*,0,0,*,2.13,*,*,14,39,*,36,39,*,*,*,20,41,57,13,13,38,31,44,36,*,*,43,19,*,59,*,0,0,0,*,0,32,*,0,*,0,0,14,27,*,53536,53536,0,0,52726,52726,0,0,16804,16804,0,0
2024,FY,PROVIDER,IRF,160064,Mercyone North Iowa Medical Center,Mason City,IA,50401,15,16,275,1116739,402321,400689,434477,20241,*,*,79,*,*,100,0,0,0,0,0,0,0.89,0,*,*,*,0,*,*,0,0,0,*,*,*,0,0,*,*,*,*,100,*,*,*,*,*,0,0,0,0,*,0,*,0,0,0,0,0,0,*,0,8741,7788,0,953,8453,7521,0,932,3982,3961,0,21
2024,FY,PROVIDER,IRF,160067,Mercyone Waterloo Medical Center,Waterloo,IA,50702,92,96,1251,4295424,2095466,2073194,2340133,148549,*,29,74,57,43,95,*,*,*,0,*,0,2.00,*,15,18,47,*,46,47,*,*,*,18,39,77,16,21,43,23,41,33,85,*,49,18,*,40,*,*,0,0,*,0,23,0,*,0,*,0,*,21,34,29810,27793,0,2017,30786,28769,0,2017,12500,12500,0,0
2024,FY,PROVIDER,IRF,160069,Mercyone Dubuque Medical Center,Dubuque,IA,52001,122,127,1790,6260420,2748892,2727740,3052782,82255,9,29,75,54,46,96,0,0,*,0,*,*,1.30,*,*,*,41,*,45,47,*,*,0,20,53,47,*,13,52,25,44,41,91,*,47,20,*,42,*,0,0,0,*,0,30,*,0,*,0,0,*,22,42,*,*,*,*,*,*,*,*,*,*,*,*
2024,FY,PROVIDER,IRF,160079,Mercy Medical Center - Cedar Rapids,Cedar Rapids,IA,52403,291,308,3067,10016596,6341469,6270941,6767344,49376,7,11,79,48,52,95,*,*,*,0,*,*,2.25,*,8,20,37,4,40,43,*,*,*,15,44,69,12,23,54,25,40,46,87,90,47,26,7,36,0,0,0,0,0,0,15,0,0,*,0,0,30,22,31,142011,141428,583,0,146494,145799,695,0,24315,23345,970,0
2024,FY,PROVIDER,IRF,160082,Unitypoint Health - Des Moines Iowa Methodist Medi,Des Moines,IA,50309,350,382,5342,21846643,8707103,8604615,9201749,339002,7,13,77,52,48,95,*,*,*,0,*,0,2.40,*,14,15,38,10,43,46,*,*,*,16,33,71,15,23,46,24,42,37,87,90,42,25,6,41,0,0,0,0,0,0,*,0,0,*,0,0,*,11,88,230919,217184,0,13735,246970,233235,0,13735,73245,73245,0,0
2024,FY,PROVIDER,IRF,160089,Ottumwa Regional Health Center,Ottumwa,IA,52501,108,112,1174,6171121,2761868,2729324,3053641,305574,*,31,77,45,55,95,0,0,*,0,*,*,1.83,*,15,19,41,*,44,47,*,0,*,26,46,64,21,24,54,40,54,38,89,*,51,20,*,38,*,*,*,0,10,0,29,*,*,*,*,0,*,32,*,64359,62779,927,653,70865,70119,442,304,10792,10792,0,0
2024,FY,PROVIDER,IRF,160110,Allen Hospital,Waterloo,IA,50703,65,71,819,3269162,1358684,1337564,1541260,73995,*,34,74,55,45,95,*,0,*,0,*,0,2.20,*,*,18,42,18,42,43,0,*,*,20,40,62,*,25,42,28,45,46,*,*,48,*,*,57,0,0,*,0,0,0,0,0,0,0,0,0,0,*,*,25110,25050,60,0,23917,23887,30,0,11258,11258,0,0
2024,FY,PROVIDER,IRF,160117,Finley Hospital,Dubuque,IA,52001,62,67,764,2740211,1391241,1371753,1524704,85004,*,24,75,63,37,94,*,0,0,*,*,*,2.67,0,21,*,39,*,44,45,0,*,*,27,47,74,*,*,47,23,40,35,*,100,47,*,*,50,0,0,0,0,0,0,0,0,0,0,0,0,0,*,*,39518,39518,0,0,39262,39262,0,0,8168,8168,0,0
2024,FY,PROVIDER,IRF,160146,St Lukes Regional Medical Center,Sioux City,IA,51104,108,116,1230,4011916,2266814,2257150,2377566,49374,10,11,77,44,56,94,*,*,*,*,0,0,2.45,*,15,11,43,*,39,42,*,*,*,21,39,70,13,27,53,37,47,46,*,*,42,28,*,40,0,0,0,0,0,0,0,0,0,0,0,0,0,*,*,64177,51526,0,12651,64346,51655,0,12691,3469,3469,0,0
2024,FY,PROVIDER,IRF,160153,Mercyone Siouxland Medical Center,Sioux City,IA,51101,158,173,1726,6452445,3508177,3472121,3609991,11334,21,28,75,59,41,87,*,*,*,*,*,0,2.58,*,23,16,49,12,46,49,*,*,*,34,44,63,9,20,65,41,55,47,85,*,48,20,*,44,*,*,*,0,*,0,15,*,*,6,0,0,10,25,32,95259,95259,0,0,96349,96349,0,0,12526,12526,0,0
2024,FY,PROVIDER,IRF,163025,"Mercy Rehabilitation Hospital, Llc",Clive,IA,50325,708,757,8220,33967710,16891995,16612888,17824388,39012,9,11,77,46,54,94,*,*,*,0,3,*,2.22,*,12,17,43,20,47,50,2,*,2,15,39,68,12,20,45,29,42,43,88,94,46,27,7,36,3,*,*,0,12,*,22,2,*,4,*,0,8,28,18,423936,408427,15509,0,457663,442785,14878,0,81822,80862,960,0
2024,FY,PROVIDER,IRF,163026,Eastern Iowa Rehabilitation Hospital Llc,Coralville,IA,52241,188,218,2035,8247523,4729063,4581887,4613493,68386,11,16,80,50,50,96,*,0,*,0,*,*,2.24,*,14,28,45,19,47,49,*,*,*,14,39,66,13,21,48,27,41,39,85,94,41,16,11,31,*,*,0,*,21,0,11,*,0,10,*,0,14,21,17,99533,97869,302,1362,100952,99317,60,1575,56377,56317,60,0
2024,FY,PROVIDER,IRF,163027,Univ Of Iowa Health Network Rehab Hosp,Coralville,IA,52241,539,610,7012,21065785,13436247,13023887,13112330,11922,11,21,77,48,52,94,*,*,*,0,*,*,2.05,3,13,23,43,18,45,49,3,*,3,13,38,67,14,23,45,27,40,42,80,92,42,24,9,32,*,*,*,*,9,0,12,*,*,2,0,0,21,25,29,374506,319725,53513,1268,348670,302287,45099,1284,132316,118761,12869,686
2024,FY,PROVIDER,IRF,130002,St Luke's Magic Valley Rmc,Twin Falls,ID,83301,84,88,1075,6195808,2701801,2649833,2923565,1025004,*,*,76,50,50,89,*,0,*,0,*,*,2.02,*,15,25,36,*,39,43,0,0,*,17,30,63,14,13,30,23,44,25,71,*,31,24,*,44,0,*,0,0,*,0,34,*,*,*,0,0,*,26,17,53955,53955,0,0,48137,48137,0,0,17697,17697,0,0
2024,FY,PROVIDER,IRF,130003,St Joseph Regional Medical Center,Lewiston,ID,83501,60,61,594,2796681,1015968,1002912,1125316,1000,*,*,75,42,58,95,0,*,0,*,0,*,1.36,*,18,22,33,*,45,45,*,0,*,27,27,63,*,*,27,23,48,40,78,*,33,*,*,32,*,*,*,0,*,0,23,0,*,31,*,0,0,21,0,32047,31035,42,970,32069,30996,21,1052,5460,5460,0,0
2024,FY,PROVIDER,IRF,130006,St Luke's Regional Medical Center,Boise,ID,83712,157,164,1997,10592286,4118283,4000283,4198557,573636,10,*,76,52,48,92,*,*,*,*,*,*,1.77,*,21,22,35,*,43,45,*,*,*,18,32,60,12,15,30,22,39,28,83,89,43,24,*,55,*,*,*,*,7,0,35,*,*,*,0,0,*,17,24,98052,98052,0,0,87791,87791,0,0,39916,39916,0,0
2024,FY,PROVIDER,IRF,130018,Eastern Idaho Regional Medical Center,Idaho Falls,ID,83404,177,182,2191,14551063,3931305,3891113,4249912,134181,11,14,76,42,58,95,0,0,*,*,*,*,1.85,*,16,15,46,*,51,54,*,*,*,19,42,72,14,20,38,30,43,36,76,*,43,29,6,45,0,*,*,0,7,0,22,*,0,7,0,0,13,28,21,86576,86576,0,0,85822,85822,0,0,47779,47779,0,0
2024,FY,PROVIDER,IRF,130028,Portneuf Medical Center,Pocatello,ID,83201,103,105,1029,8305392,2849687,2839927,2938634,634194,14,14,78,45,55,95,0,*,*,*,0,0,1.86,*,*,35,43,*,50,51,*,*,*,16,42,69,17,20,41,29,47,47,69,*,46,27,*,44,0,0,0,0,*,0,16,0,0,*,0,0,28,33,15,58193,57559,544,90,60331,60040,201,90,7046,7046,0,0
2024,FY,PROVIDER,IRF,133027,Rehabilitation Hospital Of The Northwest,Post Falls,ID,83854,329,363,4988,11000572,9028260,8888060,9119533,29511,14,13,76,53,47,93,*,*,*,*,*,0,2.21,*,19,25,41,10,40,42,*,5,*,23,39,63,16,15,40,26,42,40,82,93,41,24,4,50,*,0,*,0,13,*,29,*,*,6,0,*,12,19,19,211441,171521,39880,40,246335,201037,45208,90,77745,70830,6915,0
2024,FY,PROVIDER,IRF,133028,Saint Alphonsus Regional Rehabilitation Hospital,Boise,ID,83706,416,462,5956,18303848,10998873,10751537,10958178,54369,18,6,76,51,49,91,*,*,5,*,*,*,2.63,3,25,27,45,11,49,51,3,4,5,17,38,71,16,21,45,27,45,43,84,93,39,27,7,42,0,0,*,0,11,0,20,*,*,3,*,0,14,32,18,225393,186805,38513,75,190470,157360,32885,225,81864,74576,7218,70
2024,FY,PROVIDER,IRF,140007,Saint Joseph Medical Center,Joliet,IL,60435,431,490,5139,36346680,11732805,11612141,10961451,41427,17,*,80,39,61,88,5,*,5,0,*,*,2.71,*,10,35,53,7,49,52,*,*,5,16,50,84,14,21,61,42,58,59,92,*,66,28,7,42,*,*,*,0,22,0,27,4,*,9,*,0,9,9,14,285247,282852,2335,60,288235,281145,7015,75,48678,48513,165,0
2024,FY,PROVIDER,IRF,140008,Loyola Gottlieb Memorial Hospital,Melrose Park,IL,60160,171,185,2234,11791308,4391491,4303099,3955847,21986,25,*,77,47,53,65,18,*,10,*,*,*,2.81,*,9,26,40,*,37,43,*,*,*,13,43,71,14,30,54,33,50,56,91,*,58,24,*,40,*,*,*,0,15,0,19,*,*,6,0,0,11,17,19,114570,114570,0,0,109025,108935,0,90,30900,30900,0,0
2024,FY,PROVIDER,IRF,140011,Herrin Hospital,Herrin,IL,62948,259,287,3307,16555152,6303646,6208990,7063644,608139,26,37,77,43,57,93,*,0,*,0,*,*,2.75,*,12,26,57,7,53,55,*,*,*,21,42,77,14,22,49,44,49,48,88,95,58,20,5,47,*,0,*,0,8,0,22,*,*,*,*,*,24,29,10,172907,172907,0,0,169129,169129,0,0,19782,19782,0,0
2024,FY,PROVIDER,IRF,140013,Carle Health Proctor Hospital,Peoria,IL,61614,256,271,3575,20330166,6253790,6197894,7142062,822068,15,*,79,40,60,95,5,0,0,0,*,*,2.12,*,11,26,49,7,46,49,*,*,5,20,38,68,14,24,62,38,45,52,91,*,44,31,5,29,0,0,0,0,*,0,9,*,*,*,0,0,31,27,26,220075,219549,346,180,173891,173549,342,0,20003,19887,116,0
2024,FY,PROVIDER,IRF,140015,Blessing Hospital,Quincy,IL,62301,161,173,2531,11256023,7984816,7940072,4483138,13530,14,22,78,48,52,96,*,*,*,0,*,0,2.33,0,8,24,37,*,48,51,*,*,*,20,49,76,13,19,57,40,51,45,92,*,52,20,9,47,*,*,0,0,6,0,28,0,*,*,0,0,*,28,28,121240,102891,18349,0,122058,104568,17490,0,25773,22958,2815,0
2024,FY,PROVIDER,IRF,140029,Rush Copley Medical Center,Aurora,IL,60504,198,219,2827,17665926,6159241,6112977,5381467,2141,15,*,78,52,48,83,7,*,*,0,*,*,2.56,*,10,21,39,7,44,46,*,*,*,17,43,78,12,23,53,28,52,40,93,92,56,28,9,42,0,*,*,0,14,0,27,*,*,*,*,0,*,24,25,165399,165399,0,0,167062,167062,0,0,17000,17000,0,0
2024,FY,PROVIDER,IRF,140046,Good Samaritan Regional Hlth Center,Mount Vernon,IL,62864,168,177,2068,7816840,4347528,4318216,4551914,270554,29,29,79,42,58,96,*,*,0,0,0,0,2.45,*,15,45,55,*,53,55,*,*,*,27,49,68,15,23,55,59,52,53,87,*,60,27,11,46,*,*,*,0,12,*,22,*,0,*,*,0,14,32,10,107739,107669,70,0,123366,123366,0,0,42172,42172,0,0
2024,FY,PROVIDER,IRF,140054,Macneal  Hospital,Berwyn,IL,60402,103,111,1358,7731792,2769265,2759569,2549901,5613,30,*,76,46,54,69,*,*,17,0,*,*,2.60,*,17,26,40,*,34,46,*,0,*,22,39,74,17,17,49,33,63,50,88,*,57,21,*,43,0,0,*,0,*,0,11,0,*,*,0,0,13,32,30,50443,50293,0,150,51976,51826,0,150,17463,17463,0,0
2024,FY,PROVIDER,IRF,140065,Uchicago Medicine Adventhealth La Grange,La Grange,IL,60525,243,263,3175,11781533,6826567,6781159,6450758,74624,10,0,78,44,56,84,5,*,*,0,*,*,2.16,*,12,21,44,6,44,46,*,*,*,11,43,76,15,23,51,28,42,45,90,95,56,30,*,47,*,*,*,0,*,0,24,*,*,6,*,0,11,27,21,180670,180670,0,0,178270,178090,180,0,20510,20510,0,0
2024,FY,PROVIDER,IRF,140082,Louis A Weiss Memorial Hospital,Chicago,IL,60640,50,55,788,3579781,1450416,1447152,1307788,5716,56,0,79,28,72,60,24,*,*,0,*,*,3.17,0,*,34,68,*,52,54,*,*,*,*,36,*,*,28,42,34,62,58,*,*,62,34,*,38,*,*,*,*,20,0,20,*,*,*,*,0,0,*,*,31085,30980,0,105,31393,31303,0,90,14439,14439,0,0
2024,FY,PROVIDER,IRF,140091,The Carle Foundation Hospital,Urbana,IL,61801,94,101,1455,10681580,3012639,2944871,3098641,267618,19,22,74,55,45,93,*,0,*,0,*,0,2.48,*,13,13,60,*,40,41,*,0,0,20,34,67,15,19,34,27,41,44,88,*,49,17,*,65,0,*,*,0,15,0,40,0,0,*,0,0,*,20,11,71570,70660,40,870,68972,67067,1035,870,34352,33797,555,0
2024,FY,PROVIDER,IRF,140113,Osf Heart Of Mary Medical Center,Urbana,IL,61801,126,133,1593,8567786,3259956,3223020,3397024,288356,24,13,76,53,47,90,10,0,0,*,*,0,2.28,*,10,21,40,13,40,44,*,*,*,24,42,75,20,21,47,37,44,60,84,*,63,17,*,48,*,*,*,0,11,0,38,*,*,*,*,0,12,19,9,80310,80310,0,0,79374,79374,0,0,17625,17625,0,0
2024,FY,PROVIDER,IRF,140114,Swedish Hospital,Chicago,IL,60625,199,209,2837,11984718,5397345,5339873,4710351,0,33,0,77,50,50,66,7,10,11,0,*,*,2.53,*,15,29,42,13,45,50,*,*,6,14,39,72,15,20,50,21,53,50,89,93,51,23,12,50,*,*,*,0,9,0,22,*,0,5,0,0,47,7,7,124821,119043,2395,3383,120364,115391,2150,2823,38628,35908,2180,540
2024,FY,PROVIDER,IRF,140116,Northwestern Medicine Mchenry Hospital,Mchenry,IL,60050,300,324,4405,24391342,8358153,8266113,7818614,250119,11,0,78,44,56,94,*,*,*,0,*,*,2.41,*,18,24,53,18,48,57,*,*,*,17,44,78,19,23,55,36,48,47,92,*,67,37,7,45,*,*,*,0,14,*,25,*,*,10,*,0,4,25,13,200204,199004,1080,120,201412,200587,570,255,96068,93218,2730,120
2024,FY,PROVIDER,IRF,140117,Presence Resurrection Medical Center,Chicago,IL,60631,264,290,3882,28334975,7488362,7416674,7020865,271513,21,*,80,44,56,85,*,*,8,0,*,*,2.42,*,9,28,48,6,38,81,*,*,5,16,54,79,14,23,46,33,53,67,92,*,64,19,9,48,*,*,*,0,29,*,26,*,*,16,*,*,*,14,*,251575,250265,0,1310,238949,237669,0,1280,25527,25237,0,290
2024,FY,PROVIDER,IRF,140119,Rush University Medical Center,Chicago,IL,60612,140,151,1832,7723057,4092591,4058127,3518363,8776,39,0,74,53,47,40,35,*,16,0,*,*,3.62,*,18,27,34,*,39,47,0,*,*,19,36,75,11,18,61,25,67,51,90,*,64,19,*,66,*,*,*,0,7,0,36,0,0,*,0,0,11,9,30,90448,90448,0,0,89256,89256,0,0,26500,26500,0,0
2024,FY,PROVIDER,IRF,140127,Carle Bromenn Medical Center,Normal,IL,61761,125,137,1866,7134004,3317574,3292030,3569511,276913,10,*,78,41,59,94,*,*,*,0,*,0,1.92,*,12,18,58,*,49,50,0,*,*,14,38,78,16,19,42,34,47,38,86,90,55,27,*,41,0,0,0,0,15,0,16,0,0,*,0,0,13,28,26,94546,94408,93,45,93633,93528,60,45,27461,25976,30,1455
2024,FY,PROVIDER,IRF,140148,Memorial Medical Center,Springfield,IL,62702,158,162,1998,10302659,4289609,4236793,4264279,107815,17,14,75,58,42,88,8,*,*,0,*,0,2.00,*,8,16,31,*,37,39,0,*,*,23,37,63,13,23,32,34,49,32,91,*,48,13,*,68,0,0,0,0,15,0,46,0,0,*,0,0,14,9,16,101577,101577,0,0,97685,97685,0,0,39093,39093,0,0
2024,FY,PROVIDER,IRF,140172,Franciscan Health Olympia & Chicago Heights,Olympia Fields,IL,60461,190,210,2370,13112450,5566468,5522596,5182281,222952,23,0,79,37,63,58,37,*,*,0,0,0,2.60,*,10,32,46,*,40,42,*,*,*,17,47,83,16,27,61,41,56,59,91,*,57,26,9,39,0,*,*,0,19,0,19,*,0,8,0,0,21,23,8,135706,127983,7723,0,134608,127463,7145,0,18090,18090,0,0
2024,FY,PROVIDER,IRF,140180,Presence Saints Mary And Elizabeth Medical Center,Chicago,IL,60622,92,98,1240,9281764,2741182,2720958,2400322,12834,63,0,75,55,45,26,16,*,53,0,*,0,3.70,*,21,32,40,*,41,45,*,0,*,22,42,74,22,20,54,46,64,66,*,*,61,23,*,52,0,*,*,*,32,0,34,0,*,11,0,0,*,13,*,72686,72686,0,0,76269,76269,0,0,4398,4398,0,0
2024,FY,PROVIDER,IRF,140182,Advocate Illinois Masonic Medical Center,Chicago,IL,60657,106,117,1488,8721070,3023923,3013347,2797250,105467,30,0,77,51,49,67,11,*,15,0,*,0,2.78,*,25,29,35,*,36,38,*,*,*,14,49,66,15,27,52,34,56,49,89,*,62,26,14,54,0,*,*,0,*,0,12,0,0,*,0,0,26,33,15,75604,75604,0,0,74159,74069,90,0,31135,31135,0,0
2024,FY,PROVIDER,IRF,140186,Riverside Medical Center,Kankakee,IL,60901,421,473,4699,19619319,10601548,10427172,10875971,206353,20,13,79,44,56,91,5,*,*,0,*,*,2.60,*,9,26,44,*,39,44,*,*,*,20,46,77,16,27,63,44,44,55,89,96,61,21,5,36,0,*,*,0,26,0,14,*,*,3,*,0,4,17,32,316249,233513,82736,0,303826,225773,78053,0,37716,36563,1153,0
2024,FY,PROVIDER,IRF,140191,Ingalls Memorial Hospital,Harvey,IL,60426,224,244,3365,15768322,7244221,7185821,6479851,41103,41,0,75,54,46,33,58,*,5,0,*,*,3.95,*,16,36,34,6,47,49,10,0,8,24,41,75,12,26,64,38,69,62,88,*,52,17,8,49,0,0,*,0,*,*,20,0,0,*,0,0,43,14,17,160726,147220,11791,1715,183244,169309,12210,1725,40268,39018,1230,20
2024,FY,PROVIDER,IRF,140208,Advocate Christ Hospital & Medical Center,Oak Lawn,IL,60453,258,278,3709,21920411,8462590,8367438,7787001,84076,31,*,73,56,44,53,36,*,9,0,*,*,3.09,*,11,19,34,8,33,39,*,*,*,22,40,66,16,19,68,33,61,57,91,*,56,16,*,56,0,*,*,0,5,0,34,0,0,*,0,0,26,8,24,181511,178886,2625,0,185604,183264,2295,45,44923,44653,270,0
2024,FY,PROVIDER,IRF,140209,Carle Health Methodist Hospital,Peoria,IL,61636,69,72,949,4699705,1611209,1597209,1783668,108080,*,*,79,52,48,96,*,0,0,0,*,0,3.20,*,*,25,46,*,52,55,*,0,*,*,38,78,*,33,58,43,41,38,*,*,39,17,*,32,0,*,0,0,*,0,*,*,0,*,0,0,*,*,78,57797,57797,0,0,44177,43952,225,0,7211,7211,0,0
2024,FY,PROVIDER,IRF,140213,Silver Cross Hospital  And Medical Centers,New Lenox,IL,60451,376,397,5074,18426515,12342105,12244785,11717950,51845,8,*,78,56,44,89,5,*,3,0,*,0,2.51,*,10,23,41,10,34,37,*,*,3,16,47,73,13,29,55,34,52,52,91,95,59,24,5,52,*,*,*,0,11,0,28,*,*,*,*,0,12,18,20,166180,151700,14255,225,168013,152483,15530,0,42634,42184,450,0
2024,FY,PROVIDER,IRF,140217,Presence Saint Joseph Hospital - Elgin,Elgin,IL,60123,303,347,4629,36118813,9716385,9643073,9252299,68886,14,*,79,47,53,83,*,4,7,0,*,*,2.73,*,12,31,43,18,44,48,*,*,5,17,46,78,9,22,57,33,53,47,92,*,53,26,8,47,0,*,*,0,9,0,18,*,*,5,*,0,20,23,17,38367,38298,69,0,35974,35914,60,0,22611,22461,150,0
2024,FY,PROVIDER,IRF,140223,Advocate Lutheran General Hospital,Park Ridge,IL,60068,363,404,5332,32817018,11591988,11426628,10803103,358129,13,*,77,60,40,81,*,7,6,0,*,3,2.79,*,13,28,44,6,39,45,*,*,*,14,47,64,10,28,46,23,52,59,90,95,55,24,11,64,*,*,0,0,11,*,30,*,0,*,0,*,30,10,15,264303,264108,75,120,257985,257815,140,30,153664,106304,47360,0
2024,FY,PROVIDER,IRF,140252,Northwest Community Hospital 1,Arlington Heights,IL,60005,507,540,5935,23004532,12768687,12688423,12053096,17565,10,*,79,51,49,90,*,3,3,0,*,*,2.39,*,9,24,41,3,41,43,*,*,3,13,48,77,14,22,46,28,43,47,93,96,57,23,8,46,*,*,2,0,17,0,24,5,*,2,*,0,3,17,28,317132,289567,27565,0,304996,283476,21520,0,66932,65369,1563,0
2024,FY,PROVIDER,IRF,140258,Alexian Brothers Medical Center 1,Elk Grove Village,IL,60007,579,644,9025,54560346,24348985,24079905,23218525,5392002,16,*,79,49,51,86,2,4,5,0,*,*,2.82,*,13,35,44,6,44,48,*,*,2,17,49,75,13,26,54,37,50,59,91,96,63,28,7,39,4,2,*,*,22,0,22,3,*,3,2,0,5,20,14,446267,429512,16755,0,380531,349961,30570,0,119160,114690,4470,0
2024,FY,PROVIDER,IRF,140310,"Rush Specialty Hospital, Llc",Chicago,IL,60607,116,123,1575,15265988,4465998,4434990,4363304,1378724,37,0,72,59,41,47,29,*,18,0,*,0,2.58,*,20,24,34,*,41,49,*,*,*,23,40,63,14,21,53,25,59,49,87,*,60,22,10,55,*,*,0,0,20,0,27,*,*,13,0,*,21,*,*,74464,73748,716,0,78077,77419,658,0,22186,22096,90,0
2024,FY,PROVIDER,IRF,142013,Osf Healthcare Divine Mercy Continuing Care Hosp,Peoria,IL,61605,194,206,3118,10849978,5762028,5677476,6520034,578561,11,*,74,61,39,92,*,0,0,0,*,*,2.32,*,7,20,46,*,44,48,*,*,*,17,45,65,14,25,53,31,51,49,90,93,51,11,*,60,*,*,0,0,14,0,45,*,*,*,*,0,10,11,10,164887,164857,0,30,161264,161264,0,0,28742,28742,0,0
2024,FY,PROVIDER,IRF,143025,Schwab Rehabilitation Hospital,Chicago,IL,60608,101,106,1561,7262274,3828491,3766259,2681607,19350,67,*,69,53,47,13,63,*,20,0,*,0,3.09,*,32,31,34,*,40,50,*,0,*,41,25,60,17,16,52,34,61,50,77,*,45,20,*,55,0,*,0,0,25,0,34,0,*,*,0,0,*,21,*,69919,69664,165,90,67672,67567,105,0,18355,18355,0,0
2024,FY,PROVIDER,IRF,143026,Shirley Ryan Abilitylab,Chicago,IL,60611,972,1118,19728,134984781,40256002,38983658,34139159,3668879,23,*,73,55,45,63,24,2,6,0,3,1,2.91,3,16,24,45,10,46,50,2,2,4,15,38,68,17,21,48,27,50,45,86,92,53,23,8,48,*,*,*,*,20,0,20,*,*,2,*,*,13,13,29,509075,486140,22890,45,470242,426128,44069,45,229534,225598,3936,0
2024,FY,PROVIDER,IRF,143027,Marianjoy Rehabilitation Center,Wheaton,IL,60187,1331,1477,19682,79063095,42730990,42215326,35904361,145736,10,*,77,53,47,88,3,3,4,*,1,*,2.53,2,12,29,49,17,47,66,2,2,5,12,41,73,15,23,46,25,44,42,91,94,52,27,9,47,2,2,*,0,12,*,23,2,1,6,1,*,4,23,22,843286,811496,31640,150,858346,835017,23209,120,427780,417645,10135,0
2024,FY,PROVIDER,IRF,143028,Van Matre Encompass Health Rehabilitation Institut,Rockford,IL,61108,716,810,9748,23587874,19145360,18818336,18941118,14389,19,2,76,48,52,90,4,*,3,*,2,*,2.43,*,16,20,45,10,45,77,2,3,4,21,42,70,14,22,51,37,50,51,89,96,53,24,6,42,*,*,0,0,17,*,18,0,0,3,0,0,20,25,16,507710,410543,97152,15,528702,416948,111664,90,116679,109358,7321,0
2024,FY,PROVIDER,IRF,143029,Anderson Rehabilitation Institute,Edwardsville,IL,62025,386,429,4559,19315625,10155963,10044075,10422532,0,14,3,78,44,56,92,4,*,*,0,*,*,2.08,*,12,25,42,11,46,47,*,*,*,22,44,73,11,24,48,32,48,45,89,96,50,23,6,41,*,*,*,0,14,0,22,5,*,7,*,0,12,25,10,227840,195635,24966,7239,258542,245316,6741,6485,79617,77542,820,1255
2024,FY,PROVIDER,IRF,143030,The Rehabilitation Institute Of Southern Illinois,Shiloh,IL,62269,507,567,6943,19340590,12857017,12600545,12835293,17792,14,6,77,49,51,86,10,*,*,0,*,*,2.65,*,11,24,51,11,47,49,*,3,2,18,39,82,13,23,54,35,53,47,91,95,61,19,7,38,*,0,0,0,6,0,15,0,0,*,*,0,19,24,33,359203,279245,79423,535,352710,290556,61624,530,91022,83785,7237,0
2024,FY,PROVIDER,IRF,143031,Encompass Health Rehab Institute Of Libertyville,Libertyville,IL,60048,533,614,7914,22951658,15850604,15571700,15422306,188380,13,*,78,52,48,87,5,*,3,0,2,*,2.84,3,13,32,47,8,45,75,4,3,4,11,49,76,13,25,54,33,53,53,92,97,67,24,12,47,0,*,*,*,32,0,19,0,0,5,0,0,13,20,11,411912,318787,92790,335,396966,291900,104756,310,106923,104123,2800,0
2024,FY,PROVIDER,IRF,143032,The Quad Cities Rehabilitation Institute,Moline,IL,61265,390,427,4954,13618450,8321493,8135725,9647612,169897,8,*,78,49,51,93,*,*,3,0,*,*,2.01,*,11,18,42,9,41,44,*,*,*,17,46,78,11,19,49,31,44,49,89,94,60,23,5,36,0,*,0,0,8,0,15,0,0,3,0,0,19,29,26,223359,178292,45067,0,246347,200889,45458,0,91865,73710,18155,0
2024,FY,PROVIDER,IRF,150002,Methodist Hospitals Inc,Gary,IN,46402,73,74,1028,4193916,2143421,2108533,2144842,96386,23,0,77,48,52,45,53,0,0,0,*,*,3.03,0,*,25,30,*,29,36,*,*,*,23,41,68,16,26,59,59,60,66,82,*,68,18,*,51,*,0,0,0,*,0,18,0,0,*,0,0,59,*,*,55910,55460,0,450,54460,54010,0,450,6725,6725,0,0
2024,FY,PROVIDER,IRF,150008,St Catherine Hospital Inc,East Chicago,IN,46312,163,180,1925,8078006,4288947,4269051,4351322,18608,29,0,79,43,57,59,20,*,18,0,*,*,3.06,*,13,32,44,*,42,48,*,*,*,20,52,80,18,22,61,48,69,69,89,*,68,23,10,48,0,*,0,0,24,0,26,8,0,*,0,0,16,11,11,103045,83180,14615,5250,121487,100066,15886,5535,15374,14714,210,450
2024,FY,PROVIDER,IRF,150010,Ascension St Vincent Kokomo,Kokomo,IN,46904,128,136,1634,7462221,3113712,3067008,3108285,10098,12,*,79,50,50,95,*,0,0,0,*,0,2.28,*,9,27,49,*,53,55,*,*,*,20,42,74,20,36,54,48,52,50,*,*,58,28,9,42,*,0,*,0,15,0,32,*,*,12,*,0,8,19,*,92697,92697,0,0,89588,89588,0,0,9254,9254,0,0
2024,FY,PROVIDER,IRF,150011,Marion General Hospital,Marion,IN,46952,116,127,1265,3946589,2964915,2928531,2958888,98804,20,*,80,32,68,92,*,0,*,0,*,0,2.16,*,9,32,54,9,55,58,*,*,*,20,43,77,15,19,50,41,54,53,90,*,51,32,*,33,*,0,*,0,21,0,28,*,*,9,*,0,*,22,*,66848,63141,0,3707,69250,65761,0,3489,29826,29502,0,324
2024,FY,PROVIDER,IRF,150021,Parkview Regional Medical Center,Fort Wayne,IN,46845,306,341,4228,18163372,9851536,9765928,9839257,1555146,17,7,75,56,44,90,5,*,*,0,*,0,2.87,*,11,24,53,6,51,53,*,4,*,14,39,74,13,20,53,29,57,42,86,93,49,21,7,47,0,0,*,0,*,0,21,0,0,*,0,0,40,21,12,217896,217896,0,0,232849,232849,0,0,47844,47844,0,0
2024,FY,PROVIDER,IRF,150023,Union Hospital Inc,Terre Haute,IN,47804,89,94,1287,4960316,2311988,2298252,2462122,6344,*,28,76,53,47,96,*,*,0,0,*,0,2.41,*,*,19,39,*,54,71,12,*,0,12,46,64,17,19,53,46,66,55,85,*,53,19,*,46,0,0,0,0,*,0,33,*,0,*,0,0,*,24,22,68225,68225,0,0,70356,70356,0,0,14634,14634,0,0
2024,FY,PROVIDER,IRF,150034,St Mary Medical Center Inc,Hobart,IN,46342,320,350,3632,14691077,7681128,7568240,7903624,43095,13,*,78,42,58,90,6,0,4,0,*,*,2.61,*,14,24,45,6,45,51,*,*,*,20,49,76,16,22,60,47,51,57,91,*,60,24,8,43,*,*,0,0,22,*,23,5,*,*,0,0,20,19,8,220028,164685,52394,2949,212348,168567,40949,2832,20938,19235,1010,693
2024,FY,PROVIDER,IRF,150035,Northwest Health- Porter,Valparaiso,IN,46383,182,202,2117,15850371,4100729,4053329,4230595,2119,9,7,78,54,46,94,*,*,*,0,*,0,2.61,*,10,18,41,*,43,48,*,*,*,23,56,73,12,22,60,46,52,57,92,*,65,12,*,42,0,0,0,0,17,0,16,0,0,*,0,0,33,22,9,121484,117474,0,4010,121395,117440,0,3955,18829,18829,0,0
2024,FY,PROVIDER,IRF,150042,Good Samaritan Hospital,Vincennes,IN,47591,297,317,4582,16097302,8357860,8275924,8278675,127925,20,37,79,43,57,99,0,*,*,0,*,0,2.03,*,10,19,50,*,46,46,*,*,*,17,40,75,11,17,54,37,51,46,88,95,54,23,5,26,0,*,0,*,53,0,13,0,0,*,0,0,16,13,*,256022,253142,2880,0,252486,250146,2340,0,37430,37340,90,0
2024,FY,PROVIDER,IRF,150046,Terre Haute Regional Hospital,Terre Haute,IN,47802,70,72,906,7476940,1888063,1868559,2029332,154584,20,27,76,41,59,94,*,*,0,0,0,*,2.48,0,*,27,53,*,54,56,*,0,*,33,54,83,*,*,64,54,60,60,*,100,69,23,*,39,0,0,0,0,*,0,*,0,0,*,0,0,39,25,*,38394,38319,75,0,37196,37196,0,0,11094,11094,0,0
2024,FY,PROVIDER,IRF,150048,Reid Health,Richmond,IN,47374,130,139,1850,5429484,3744380,3718428,3607472,44899,16,17,77,50,50,93,*,*,*,0,*,0,2.44,*,12,24,50,*,47,49,*,*,*,13,41,67,11,22,55,31,47,51,92,*,67,24,*,47,0,0,0,0,10,0,29,*,0,*,0,0,18,11,28,97403,97388,15,0,97582,97582,0,0,14868,14868,0,0
2024,FY,PROVIDER,IRF,150058,Memorial Hospital Of South Bend,South Bend,IN,46601,109,113,1264,7555377,2589587,2582275,2561120,30056,16,*,74,68,32,86,*,*,*,0,*,*,2.38,*,13,11,39,*,40,43,*,*,*,20,39,64,11,17,57,28,59,47,86,*,53,16,*,47,0,*,0,0,*,0,27,0,0,*,0,0,19,16,30,47696,46956,0,740,48842,48047,55,740,17770,17710,60,0
2024,FY,PROVIDER,IRF,150059,Riverview Health,Noblesville,IN,46060,215,231,2563,10500650,5274253,5189365,5203027,172035,11,*,80,43,57,94,*,*,0,0,*,*,2.44,*,9,27,45,6,57,58,*,*,*,11,47,71,20,25,59,37,47,46,88,95,52,33,9,29,*,*,0,0,20,0,14,*,*,*,*,0,21,23,14,144153,139503,270,4380,143141,138341,420,4380,30929,30929,0,0
2024,FY,PROVIDER,IRF,150061,Daviess Community Hospital,Washington,IN,47501,68,72,938,3632481,1783663,1747951,1787990,67407,22,18,83,35,65,97,0,0,0,0,*,*,1.96,*,*,40,66,*,57,59,0,*,*,16,51,76,*,*,50,40,38,54,84,*,62,32,*,32,*,0,0,0,35,0,19,*,0,*,*,0,17,15,*,56458,56341,117,0,53027,52582,445,0,8659,8659,0,0
2024,FY,PROVIDER,IRF,150088,Ascension St Vincent Anderson,Anderson,IN,46016,104,107,1146,4622777,2490461,2464445,2460618,5956,12,*,78,55,45,93,*,0,*,0,0,*,1.80,*,12,21,38,*,47,49,*,*,*,27,38,53,24,24,41,40,44,37,87,*,48,25,*,43,*,0,*,0,*,0,30,0,0,*,0,0,10,22,30,47423,47423,0,0,47745,47745,0,0,6031,6031,0,0
2024,FY,PROVIDER,IRF,150089,Indiana University Health Ball Memorial Hospital,Muncie,IN,47303,191,201,2356,13561676,4222482,4157082,4282953,76198,14,25,79,52,48,96,*,0,*,0,*,*,2.35,*,15,20,48,*,49,50,*,*,*,18,51,69,10,23,51,34,50,58,87,*,56,18,*,43,0,*,0,0,15,0,21,0,0,*,0,0,33,23,*,112911,112911,0,0,112974,112884,0,90,27889,27889,0,0
2024,FY,PROVIDER,IRF,150090,Franciscan Health Dyer,Dyer,IN,46311,177,193,2479,12704199,5587307,5535491,5837873,643698,10,*,78,51,49,82,10,*,*,0,*,*,2.97,*,12,35,41,*,51,57,0,*,*,16,50,75,15,28,61,49,62,64,93,*,69,25,16,46,0,0,0,0,31,0,23,0,*,*,0,0,21,18,*,116845,115925,0,920,111108,109948,150,1010,27317,27317,0,0
2024,FY,PROVIDER,IRF,150100,Ascension St Vincent Evansville,Evansville,IN,47750,186,201,2569,10255998,4997100,4902252,5019401,116259,11,22,77,47,53,95,*,0,*,0,*,0,2.07,*,9,26,49,*,48,49,*,*,*,24,48,73,17,24,51,38,51,50,94,*,55,30,7,48,*,0,*,0,15,0,24,*,0,*,*,0,9,26,21,131630,131592,38,0,140339,140339,0,0,49970,49970,0,0
2024,FY,PROVIDER,IRF,150109,Franciscan Health Lafayette,Lafayette,IN,47905,122,134,1640,9189549,3505165,3459453,3612287,356029,*,*,77,54,46,96,*,*,*,0,*,0,2.61,*,15,29,54,*,56,57,*,*,*,20,48,73,16,20,45,43,52,52,90,*,56,20,11,44,0,*,0,0,15,0,21,0,0,*,0,0,25,16,17,80694,80694,0,0,72779,72724,55,0,19524,19524,0,0
2024,FY,PROVIDER,IRF,150112,Columbus Regional Hospital,Columbus,IN,47201,107,108,1415,6211934,3089756,3034772,3018802,241526,13,11,78,56,44,95,*,0,0,0,*,0,2.66,*,14,26,49,*,46,48,*,0,*,16,43,65,15,18,60,29,58,48,*,*,51,20,10,46,*,0,*,0,*,0,23,*,0,*,0,0,15,38,12,73517,73517,0,0,76902,76872,0,30,22146,22146,0,0
2024,FY,PROVIDER,IRF,150115,Memorial Hospital And Health Care Center,Jasper,IN,47546,57,58,700,2618937,1394970,1390074,1405728,10662,*,28,78,51,49,95,0,0,0,0,*,*,1.28,0,*,21,39,*,30,30,*,0,*,19,35,68,*,*,26,23,37,28,*,*,30,26,*,60,*,*,0,0,0,0,43,*,0,0,*,0,0,38,*,42451,42037,0,414,43638,43129,0,509,5410,5410,0,0
2024,FY,PROVIDER,IRF,150126,Franciscan Health Crown Point,Crown Point,IN,46307,163,173,2244,9396918,5382152,5342392,5814519,1434907,9,0,79,45,55,91,*,0,*,0,*,0,2.46,*,11,25,52,*,50,54,*,*,*,24,53,84,10,33,49,44,45,66,91,*,64,31,13,45,0,*,0,0,21,0,15,*,*,6,0,0,13,18,23,105447,105447,0,0,104366,104109,257,0,22735,22735,0,0
2024,FY,PROVIDER,IRF,150162,Franciscan Health Indianapolis,Indianapolis,IN,46237,285,310,3561,23857708,7093509,7005197,6987484,25946,13,*,78,49,51,94,*,*,*,0,*,*,2.60,*,13,25,60,6,55,56,*,*,4,16,48,75,13,24,55,33,54,46,92,*,61,29,7,47,*,*,0,0,13,0,21,0,*,*,0,0,22,24,16,169918,169864,0,54,167883,167793,30,60,56065,56065,0,0
2024,FY,PROVIDER,IRF,153025,Encompass Health Deaconess Rehabilitation Hospital,Newburgh,IN,47630,1208,1393,17084,39916400,31485453,30656629,31416512,22018,17,24,78,43,57,95,3,*,*,0,1,*,2.41,3,13,32,56,9,56,58,3,3,3,17,43,81,15,22,53,37,48,50,90,97,54,29,9,34,0,*,*,*,33,*,12,*,*,4,0,0,15,22,12,933245,567448,364078,1719,963737,674229,287759,1749,181658,168178,13195,285
2024,FY,PROVIDER,IRF,153028,Rehabilitation Hospital Of Indiana Inc,Indianapolis,IN,46254,352,380,4811,25430718,9030132,8858772,8494648,119587,21,6,73,51,49,79,15,*,*,*,3,0,2.47,3,18,22,56,7,58,62,*,4,4,24,38,63,14,20,49,30,50,42,87,94,51,22,7,55,0,0,*,*,11,0,24,*,*,7,*,0,16,20,20,184379,172292,11088,999,195283,184541,9574,1168,84510,82178,2302,30
2024,FY,PROVIDER,IRF,153030,Select Medical Rehabilitation Hospital At Lutheran,Fort Wayne,IN,46804,400,454,4846,36075735,10548963,10354355,10056863,129429,17,4,76,49,51,91,4,*,*,0,3,0,2.79,*,17,22,49,7,47,50,3,3,5,18,39,75,17,20,53,38,52,42,85,94,55,25,6,32,*,*,*,*,15,*,13,*,*,9,*,0,22,21,12,277464,255300,22164,0,303207,278839,24368,0,50831,48758,2073,0
2024,FY,PROVIDER,IRF,153037,Southern Indiana Rehabilitation Hospital,New Albany,IN,47150,457,529,6195,27800957,10856776,10646792,11429244,122045,17,7,77,42,58,95,3,*,*,0,*,*,2.23,*,15,26,57,13,56,57,*,*,5,23,43,78,15,24,54,50,48,47,88,95,56,21,7,32,0,*,*,0,14,0,12,3,*,5,*,0,27,22,17,319268,299624,4948,14696,320922,302727,4004,14191,95596,94036,570,990
2024,FY,PROVIDER,IRF,153042,Lafayette Regional Rehabilitation Hospital,Lafayette,IN,47905,322,359,5032,11066701,9001940,8800124,8982548,124949,14,7,76,52,48,93,*,*,*,0,*,*,2.41,*,17,22,49,9,56,57,*,*,6,20,43,72,14,18,50,30,49,48,87,94,48,25,8,32,0,*,*,0,12,0,14,*,*,5,0,0,20,25,22,211684,169800,41854,30,251139,222884,28075,180,73068,66983,6085,0
2024,FY,PROVIDER,IRF,153043,Community Health Network Rehabilitation Hospital,Indianapolis,IN,46256,646,741,8296,33353432,18122204,17802244,17529933,1421,15,*,77,43,57,81,14,*,*,0,3,*,2.63,2,14,26,50,16,58,60,2,*,3,19,39,67,17,25,52,33,48,46,88,94,54,27,7,35,*,*,*,0,23,0,18,3,*,7,3,0,6,22,14,430416,408975,21381,60,478430,459905,18465,60,100005,98773,1232,0
2024,FY,PROVIDER,IRF,153044,Community Health Network Rehabilitation Hosp So,Greenwood,IN,46143,435,497,5726,23165289,12571340,12273180,12160699,49487,15,3,76,47,53,94,*,*,*,0,*,*,2.43,*,15,28,61,11,59,62,*,*,3,20,44,71,17,19,51,40,48,50,90,95,57,30,6,37,*,*,*,*,16,*,15,3,*,9,2,*,12,19,19,293935,279416,13626,893,300464,290817,8757,890,111448,100429,10539,480
2024,FY,PROVIDER,IRF,153045,Powers Health Rehabilitation Center,Crown Point,IN,46307,491,566,6179,24393129,12713910,12578854,13250695,57843,10,*,79,45,55,88,5,*,4,0,*,0,2.70,*,11,32,47,8,42,48,2,*,3,15,52,83,16,30,57,45,54,59,95,*,75,24,10,48,0,*,0,*,17,0,26,3,*,4,0,0,12,24,13,361085,228875,129345,2865,376725,266450,107245,3030,53280,49140,3840,300
2024,FY,PROVIDER,IRF,153046,Pam Health Rehabilitation Hospital Of Greater Indi,Clarksville,IN,47129,958,1169,11380,40098565,27559986,26916738,29077592,64668,21,6,77,41,59,90,7,0,*,0,2,*,2.67,3,15,27,56,13,53,55,2,3,5,19,44,78,17,21,52,46,55,51,89,96,58,22,7,32,0,*,*,*,35,0,11,3,*,3,0,0,20,16,10,604490,601446,2691,353,673247,672744,150,353,118075,118075,0,0
2024,FY,PROVIDER,IRF,153047,"Rehabilitation Hospital Of Northern Indiana, Llc",Mishawaka,IN,46545,315,344,4913,10925173,9943246,9770918,9940889,490513,18,*,75,54,46,93,3,*,*,0,*,*,2.36,*,14,20,52,4,50,53,*,*,*,18,40,70,14,18,48,33,50,43,89,96,45,24,6,47,0,0,*,*,10,0,23,0,0,6,0,0,17,21,23,226667,161104,65488,75,231755,159415,72265,75,61700,57530,4170,0
2024,FY,PROVIDER,IRF,153048,"Indianapolis Rehabilitation Hospital, Llc",Carmel,IN,46032,507,553,6572,22143433,13047171,12735531,13258734,17224,12,2,78,46,54,89,6,*,*,0,3,0,2.48,*,15,25,58,12,57,60,3,*,4,17,42,76,16,23,47,29,39,42,86,93,52,34,8,39,0,*,0,0,12,0,11,0,*,*,0,0,24,27,23,362934,313782,43343,5809,332365,302807,23622,5936,55593,54083,1080,430
2024,FY,PROVIDER,IRF,153049,Bloomington Regional Rehabilitation Hospital Llc,Bloomington,IN,47404,458,503,6712,14480400,12567078,12353726,13088004,170771,15,11,78,47,53,98,*,0,*,*,*,0,2.12,*,14,23,58,6,62,64,2,3,2,19,42,73,17,19,50,32,48,45,87,95,48,24,8,38,*,*,*,0,13,0,17,*,*,6,*,0,25,21,17,365656,328748,36908,0,363443,314210,49233,0,99589,87255,12334,0
2024,FY,PROVIDER,IRF,153050,Community Rehabilitation Hospital West,Brownsburg,IN,46112,209,228,2551,13541576,5400199,5289975,5472203,18470,13,*,77,47,53,87,7,*,*,0,*,0,2.32,*,11,23,53,8,60,62,*,*,6,17,40,66,14,25,60,29,48,46,89,94,54,25,6,41,*,*,0,0,16,0,22,*,*,7,*,0,9,25,12,138004,129626,5513,2865,133030,124675,5685,2670,27594,27439,120,35
2024,FY,PROVIDER,IRF,170006,"Mercy Hospital Pittsburg, Inc",Pittsburg,KS,66762,139,143,1376,3134871,2862371,2809667,2899021,12167,10,29,79,42,58,95,*,0,*,*,0,*,1.96,*,10,29,52,*,49,53,0,*,*,16,42,83,11,18,47,41,39,38,86,*,55,25,*,27,0,*,*,0,16,0,9,*,0,12,0,0,15,29,16,65903,51278,3960,10665,69096,54514,3810,10772,16331,16293,0,38
2024,FY,PROVIDER,IRF,170012,Salina Regional Health Center,Salina,KS,67401,212,216,2017,7339090,4662251,4644523,4888546,95917,13,26,79,40,60,96,*,0,*,0,*,*,2.05,*,9,21,38,*,44,45,*,*,*,16,36,74,9,23,36,28,37,31,86,94,32,31,7,28,*,0,*,0,14,0,19,5,*,*,*,0,*,37,16,104880,102301,2421,158,112098,108010,3930,158,37873,37843,30,0
2024,FY,PROVIDER,IRF,170013,Hays Medical Center,Hays,KS,67601,147,154,1478,5895803,3137250,3104706,3283821,62749,12,36,79,52,48,96,*,0,*,*,0,0,2.32,*,16,22,45,7,46,50,*,*,*,22,52,76,15,19,49,33,37,49,89,*,50,24,*,33,0,*,0,0,17,0,14,0,*,8,0,0,24,29,*,68170,54580,4213,9377,70181,57972,2783,9426,30079,29864,180,35
2024,FY,PROVIDER,IRF,170016,University Of Kansas Hlth System St Francis Campus,Topeka,KS,66606,147,162,1881,9998425,3158767,3136559,3575845,108025,9,*,78,45,55,90,*,0,*,*,*,0,2.29,*,10,23,46,*,41,46,*,*,*,20,33,77,14,22,48,37,48,41,86,*,46,29,7,36,0,0,0,0,*,0,13,0,0,*,*,0,43,31,7,111689,111689,0,0,113513,113233,280,0,20171,20126,45,0
2024,FY,PROVIDER,IRF,170020,Hutchinson Regional Medical Center Inc,Hutchinson,KS,67502,155,160,1694,5786651,3655723,3621643,3876678,123405,19,17,77,54,46,94,*,*,*,0,*,*,2.16,*,13,24,33,*,51,54,*,*,*,19,50,61,15,22,52,34,48,41,83,*,61,25,*,38,0,*,*,0,*,0,22,*,*,*,*,0,14,31,15,71461,66332,465,4664,71666,66648,369,4649,36801,36566,210,25
2024,FY,PROVIDER,IRF,170023,Centura St. Catherine Hospital-garden City,Garden City,KS,67846,103,103,1286,5665536,2735942,2702142,2790640,50180,23,41,74,40,60,89,*,0,*,0,*,0,2.34,0,17,14,33,*,42,43,*,*,*,22,32,65,13,17,51,27,51,41,77,*,46,27,*,41,0,*,0,0,19,0,20,*,0,*,0,0,19,23,14,37491,22878,3027,11586,36670,22922,2212,11536,5451,4571,0,880
2024,FY,PROVIDER,IRF,170040,University Of Kansas Hospital,Kansas City,KS,66160,266,303,3353,27390210,7874294,7755598,7157135,250883,11,12,73,58,42,85,9,*,*,0,*,0,3.11,*,17,18,49,9,50,61,*,6,*,22,44,79,14,27,51,30,50,45,88,96,63,24,5,36,*,0,0,0,14,0,15,0,*,5,0,0,21,14,32,159468,159468,0,0,164200,164200,0,0,51180,51180,0,0
2024,FY,PROVIDER,IRF,170103,Nmc Health,Newton,KS,67114,162,167,1484,4534228,2975398,2886374,3295535,101508,12,15,78,39,61,94,0,0,*,0,*,*,1.81,*,7,22,41,7,48,52,*,*,*,22,41,70,19,25,36,36,35,36,85,*,45,27,*,27,*,*,0,0,19,0,12,*,0,9,*,0,7,31,14,91288,84854,403,6031,87771,80439,1536,5796,9636,9636,0,0
2024,FY,PROVIDER,IRF,170120,Labette Health,Parsons,KS,67357,62,64,683,1928540,1238869,1208021,1224294,0,*,*,81,39,61,92,0,0,*,*,*,0,1.40,*,*,*,50,*,42,44,*,0,0,*,44,79,*,*,35,21,29,40,82,*,44,24,*,27,*,0,0,0,*,0,*,0,*,*,*,0,0,55,17,48912,48012,900,0,29283,29283,0,0,1547,1532,15,0
2024,FY,PROVIDER,IRF,170137,Lmh,Lawrence,KS,66044,109,120,1291,5637982,2281035,2257211,2400554,82759,*,*,78,49,51,90,*,*,*,0,*,*,2.09,*,15,21,36,*,39,42,*,*,*,11,39,72,12,29,35,20,29,33,83,*,38,27,12,45,*,*,0,0,17,0,27,*,*,*,*,0,*,18,17,52388,52388,0,0,52360,52360,0,0,24245,24185,60,0
2024,FY,PROVIDER,IRF,170142,"Ascension Via Christi Hospital Manhattan, Inc",Manhattan,KS,66502,103,105,1304,3789375,2959079,2916031,3277025,872623,*,21,78,46,54,90,*,*,*,0,*,*,1.88,*,17,23,43,*,43,46,*,*,*,18,45,65,11,21,52,26,46,32,85,*,41,26,12,40,0,0,*,0,*,0,13,0,0,*,0,*,30,38,*,48502,39458,7265,1779,46295,37134,7247,1914,14847,14847,0,0
2024,FY,PROVIDER,IRF,170182,Menorah Medical Center,Overland Park,KS,66209,240,257,3138,19550521,5854744,5799336,6178490,199092,*,*,76,45,55,88,8,*,*,*,*,0,2.35,*,18,21,50,8,54,56,*,*,6,15,46,76,20,24,47,30,45,44,89,95,53,27,9,37,0,*,0,0,12,0,13,*,*,*,0,0,28,30,11,121898,121404,0,494,122775,122273,0,502,26067,26067,0,0
2024,FY,PROVIDER,IRF,170185,Saint Luke's South Hospital,Overland Park,KS,66213,492,541,7378,53664167,13900540,13665244,14186275,859739,7,7,76,54,46,89,6,*,*,*,2,*,2.30,*,13,22,47,9,47,51,*,3,3,12,46,72,15,23,46,26,47,40,90,92,55,27,12,46,*,*,*,0,11,0,24,0,0,2,0,0,26,27,8,369386,367087,1088,1211,372195,369847,1465,883,75689,74699,500,490
2024,FY,PROVIDER,IRF,171384,Newman Regional Health,Emporia,KS,66801,85,91,1049,2866789,2100572,2044268,2277534,166167,*,15,79,44,56,98,*,0,0,0,*,0,1.84,0,*,24,42,*,40,42,*,*,*,20,40,76,*,18,53,34,53,36,85,*,46,29,*,34,*,0,*,0,*,0,19,*,*,*,*,0,*,31,16,54837,47819,90,6928,55843,48570,360,6913,13166,13166,0,0
2024,FY,PROVIDER,IRF,173025,"Kansas Rehabilitation Hospital, A Joint Venture Of",Topeka,KS,66606,616,692,7835,18624938,14204555,13940248,15575848,110961,14,5,76,47,53,90,4,*,4,*,*,*,2.28,3,13,29,49,7,53,55,4,4,5,19,39,76,16,18,49,37,45,38,89,94,45,26,9,36,0,0,0,*,13,0,15,0,*,2,0,0,21,26,22,470372,348454,121918,0,366230,292580,73650,0,56674,55344,1330,0
2024,FY,PROVIDER,IRF,173026,Midamerica Rehabilitation Hospital,Overland Park,KS,66211,890,1046,12443,31916397,24675792,23928416,24180500,40939,12,3,77,45,55,88,8,*,2,*,*,*,2.53,2,16,28,51,13,53,57,3,3,6,16,42,81,17,20,52,34,47,42,90,95,57,27,11,33,*,*,*,0,43,*,9,*,0,5,0,*,6,19,17,613443,510490,102398,555,612167,465011,146496,660,223394,181979,41415,0
2024,FY,PROVIDER,IRF,173028,"Ascension Via Christi Rehabilitation Hospital, Inc",Wichita,KS,67206,301,322,4024,11467516,6687332,6588540,7237799,52565,9,11,75,53,47,87,5,*,*,*,*,*,2.16,*,15,15,39,8,51,54,*,*,4,20,43,61,13,17,42,26,46,36,90,94,52,17,6,50,0,0,0,0,7,0,29,0,0,6,0,0,29,23,6,82542,82542,0,0,82081,82081,0,0,33439,33439,0,0
2024,FY,PROVIDER,IRF,173032,Rehabilitation Hospital Of Overland Park,Overland Park,KS,66207,766,887,10059,43989232,21463733,20667485,21208346,15354,17,5,75,45,55,87,8,*,2,0,2,*,2.90,3,18,29,57,14,61,64,4,5,6,17,40,81,17,21,51,33,52,47,87,96,54,27,9,29,0,*,*,*,34,0,10,*,*,4,0,*,17,15,17,519695,502725,16910,60,523448,512243,11205,0,99445,98380,1065,0
2024,FY,PROVIDER,IRF,173033,Meadowbrook Rehabilitation Hospital,Gardner,KS,66030,28,31,342,1265722,757183,723039,649269,0,*,*,73,46,54,96,*,0,0,0,*,0,2.59,*,*,*,61,*,57,57,0,0,*,*,*,*,*,*,57,61,46,57,*,*,*,*,*,39,*,0,*,0,*,0,35,*,0,*,0,0,0,*,*,16231,16111,90,30,16427,16337,90,0,6920,6920,0,0
2024,FY,PROVIDER,IRF,173034,"Johnson County Rehabilitation Hospital, Llc",Overland Park,KS,66210,596,680,7860,25986514,15441478,15065142,15714962,1923,9,3,78,47,53,91,6,*,*,0,*,*,2.43,2,13,30,47,10,53,56,2,3,4,14,41,76,16,23,54,34,46,41,89,94,54,22,11,34,0,*,0,*,21,0,13,*,*,2,*,0,28,21,14,369660,338972,24474,6214,358795,335127,17444,6224,126278,122083,4065,130
2024,FY,PROVIDER,IRF,173035,Clearsky Rehabilitation Hospital Of Elwood St Jos,Wathena,KS,66090,247,284,3787,8843990,6351332,6175846,6878431,0,13,14,78,42,58,95,*,0,*,*,*,0,2.36,*,14,23,53,11,55,58,*,*,*,16,46,77,16,23,49,41,55,46,88,96,55,27,6,35,*,*,*,0,14,0,14,5,*,7,*,0,11,30,16,194572,152142,42340,90,189697,156532,33165,0,25455,21665,3790,0
2024,FY,PROVIDER,IRF,180018,St Claire Regional Medical Center,Morehead,KY,40351,32,36,359,1376178,788094,777958,738997,0,*,62,75,59,41,100,0,0,0,0,0,0,2.32,*,*,*,38,*,50,50,0,0,*,41,44,66,*,*,44,44,44,50,*,*,47,*,*,62,0,*,0,0,*,0,*,*,*,*,0,0,*,*,*,17118,15513,360,1245,17826,16090,476,1260,5371,4848,70,453
2024,FY,PROVIDER,IRF,180027,Murray-calloway County Hospital,Murray,KY,42071,126,136,1289,5895682,2772917,2750197,2820497,24964,10,13,80,39,61,98,*,0,*,0,0,0,1.93,*,15,28,57,*,52,56,0,*,*,18,43,80,13,22,44,41,49,48,86,*,48,29,9,26,0,0,0,0,*,0,13,0,0,*,0,0,25,43,12,76205,73133,3072,0,78181,77583,598,0,3776,3776,0,0
2024,FY,PROVIDER,IRF,180029,Hazard Arh Regional Medical Center,Hazard,KY,41701,65,68,855,5627320,1861134,1845662,1840034,57125,34,*,77,43,57,98,0,0,0,0,*,*,1.96,0,40,20,43,*,45,45,0,*,*,31,45,74,*,*,45,51,46,48,*,100,45,29,*,37,*,0,*,0,*,0,22,*,0,*,0,0,29,29,0,48376,35810,2449,10117,45807,32605,3055,10147,2297,2297,0,0
2024,FY,PROVIDER,IRF,180038,Owensboro Health Regional Hospital,Owensboro,KY,42303,187,194,2206,9141435,4713622,4644806,5123886,782841,10,29,76,49,51,96,*,*,*,0,*,*,2.18,*,18,15,44,8,43,46,*,*,*,21,39,80,14,19,47,39,48,42,89,*,56,27,*,36,*,0,0,0,7,0,22,*,0,*,0,0,18,31,17,128630,128570,0,60,130157,130157,0,0,23420,23405,0,15
2024,FY,PROVIDER,IRF,180040,Uofl Health - Jewish Hospital,Louisville,KY,40202,509,568,7511,34758782,14769723,14500059,13853546,130463,16,9,72,56,44,79,16,*,*,*,2,*,2.49,3,18,21,61,19,50,52,*,2,6,27,39,66,15,21,49,36,51,43,89,94,54,18,4,42,0,*,0,0,9,0,21,4,*,4,0,*,10,20,30,349213,316928,14866,17419,386997,342699,26933,17365,146441,145929,330,182
2024,FY,PROVIDER,IRF,180044,Pikeville Medical Center,Pikeville,KY,41501,217,242,2451,16354262,5730354,5664026,5720448,179615,18,37,78,37,63,98,*,0,*,0,0,*,2.51,*,13,32,55,6,47,47,*,*,*,28,52,71,9,20,59,56,59,51,95,100,80,14,*,38,0,*,0,0,*,0,24,*,*,*,*,0,27,34,5,179853,179853,0,0,168960,168960,0,0,21180,21180,0,0
2024,FY,PROVIDER,IRF,180080,Baptist Health Corbin,Corbin,KY,40701,123,132,1760,10574462,3241572,3187260,3154876,44975,21,11,77,45,55,99,*,0,0,0,*,0,2.23,*,15,30,54,*,48,49,*,*,*,25,49,72,*,22,58,46,58,56,91,*,56,21,9,37,*,0,*,0,*,0,21,*,*,*,*,0,24,23,*,96653,96653,0,0,97092,97092,0,0,5830,5830,0,0
2024,FY,PROVIDER,IRF,180093,Baptist Health Deaconess Madisonville,Madisonville,KY,42431,62,67,804,4432761,1463031,1448439,1569900,19877,*,*,78,45,55,90,*,0,0,0,*,0,1.93,*,*,*,47,*,39,39,*,0,*,*,39,81,*,18,55,29,53,37,*,*,53,37,*,35,0,*,*,0,0,0,19,*,0,16,0,0,*,33,16,46915,46915,0,0,48416,48416,0,0,7983,7983,0,0
2024,FY,PROVIDER,IRF,180102,Mercy Health Lourdes Hospital,Paducah,KY,42003,199,212,2492,10485911,4737686,4689046,4695754,0,9,30,76,45,55,97,*,0,*,0,0,0,2.35,*,14,21,49,26,53,55,*,*,*,31,43,73,14,20,47,42,42,40,90,*,50,26,*,43,*,*,*,0,*,0,24,*,*,*,*,0,8,24,33,126499,121287,182,5030,127280,117680,4307,5293,44092,42617,1065,410
2024,FY,PROVIDER,IRF,180130,Baptist Health Louisville,Louisville,KY,40207,134,149,2143,12009921,3613540,3573732,3874827,392117,*,*,77,56,44,90,*,*,0,0,*,*,2.33,*,*,28,49,*,47,50,*,*,*,13,43,75,13,28,39,31,44,40,*,92,51,19,9,50,*,0,0,0,9,0,35,0,0,21,0,0,7,8,18,88098,88098,0,0,86303,86303,0,0,41085,41085,0,0
2024,FY,PROVIDER,IRF,180132,Lake Cumberland Regional Hospital,Somerset,KY,42503,166,175,2116,14161241,4281841,4249393,4199193,10843,16,31,79,39,61,98,*,0,0,0,*,0,2.26,*,9,21,54,*,37,37,*,*,*,23,45,67,16,19,47,41,51,52,91,*,60,25,*,30,0,0,0,0,10,0,13,*,0,*,0,0,41,27,7,101090,101090,0,0,97801,97801,0,0,23019,23019,0,0
2024,FY,PROVIDER,IRF,183026,Cardinal Hill Rehabilitation Hospital,Lexington,KY,40504,1522,1733,22405,73714616,40626332,39941180,39887727,91671,11,14,77,41,59,93,5,*,*,*,1,*,2.28,2,15,31,60,15,51,53,2,3,3,19,42,80,15,20,48,41,47,45,89,96,60,28,6,34,0,*,0,0,9,0,12,*,*,2,0,*,26,24,27,965446,881148,82532,1766,1107140,1030228,74846,2066,519115,486907,32138,70
2024,FY,PROVIDER,IRF,183027,Encompass Health Rehabilitation Hospital Of Northe,Edgewood,KY,41017,781,967,10672,26268627,21795884,21346764,21713085,72955,13,4,77,44,56,96,*,*,*,*,2,*,2.99,4,17,30,58,48,59,63,3,4,7,23,45,80,14,22,61,44,50,55,90,96,57,31,7,32,0,*,*,*,51,0,13,0,*,4,0,0,8,14,8,617620,449852,167748,20,620562,472307,148195,60,98621,96116,2485,20
2024,FY,PROVIDER,IRF,183028,Encompass Health Rehabilitation Hospital Of Lakevi,Elizabethtown,KY,42701,419,470,5281,12601833,9945077,9738981,10440833,8354,14,21,78,42,58,95,4,*,*,0,*,*,2.34,*,13,35,58,14,56,59,4,4,3,22,44,81,16,22,54,40,57,56,90,96,54,25,7,44,*,0,0,*,12,*,16,*,*,*,0,0,29,26,14,287289,245228,40911,1150,290883,250734,38968,1181,102836,59410,43426,0
2024,FY,PROVIDER,IRF,183029,Southern Kentucky Rehabilitation Hospital,Bowling Green,KY,42104,648,759,10197,28830302,17154621,16756875,16946928,2342,14,21,78,43,57,94,5,*,*,0,*,*,2.51,2,15,31,60,9,57,60,2,*,4,26,43,81,12,18,45,45,53,54,91,*,57,28,8,34,0,0,*,0,40,*,14,0,*,5,0,0,12,16,12,478431,408523,69908,0,496490,387257,108918,315,125497,123253,2244,0
2024,FY,PROVIDER,IRF,183030,Gateway Rehabilitation Hospital,Florence,KY,41042,454,532,6447,17419823,11955192,11702192,11961531,45488,13,6,77,46,54,96,*,*,*,0,*,*,2.63,*,18,28,56,35,54,57,*,3,5,20,48,79,16,22,61,43,52,53,89,96,51,28,7,30,0,*,*,0,25,0,16,3,*,7,0,0,22,16,9,341207,315367,25688,152,366597,341399,25046,152,54890,54875,0,15
2024,FY,PROVIDER,IRF,183032,"Uoflhealth,frazierrehabilitationhospital-brownsbor",Louisville,KY,40241,383,428,4569,22433139,8948015,8785455,9730929,77711,6,3,77,52,48,89,5,*,*,0,3,*,1.95,*,16,26,50,13,52,56,3,*,4,18,42,76,14,23,42,32,42,40,90,94,46,20,11,45,*,*,0,0,10,0,24,*,0,7,0,0,24,19,14,221778,206759,2884,12135,233714,218858,2881,11975,98556,97046,786,724
2024,FY,PROVIDER,IRF,183033,Baptist Health Rehabilitation Hospital,Louisville,KY,40299,95,99,1123,3278802,2041637,2021237,2221735,3704,*,*,78,42,58,94,*,0,*,0,0,*,1.49,*,*,21,55,*,44,48,*,*,*,*,39,78,25,16,52,34,52,43,*,*,52,23,*,42,0,*,0,*,11,0,20,0,0,*,0,0,20,21,21,57412,56242,1170,0,56431,54833,1598,0,23746,23454,292,0
2024,FY,PROVIDER,IRF,190002,Ochsner Lafayette General Medical Center,Lafayette,LA,70503,136,141,1748,9282898,2882689,2862825,3324502,106601,15,*,77,45,55,85,11,*,*,0,*,0,1.72,*,10,17,55,*,62,64,*,0,*,15,40,68,11,21,34,23,42,40,*,*,66,28,*,39,*,*,*,0,*,*,29,*,0,9,*,0,*,43,*,116829,116829,0,0,94371,94221,150,0,13067,13067,0,0
2024,FY,PROVIDER,IRF,190004,Thibodaux Regional Medical Center,Thibodaux,LA,70301,151,160,1955,10276957,3320991,3293439,4201063,173667,17,0,79,42,58,87,10,0,*,0,0,*,2.25,*,12,21,52,*,51,53,*,*,*,15,43,73,17,22,48,31,44,44,93,*,64,24,*,32,*,*,*,0,22,0,12,*,*,*,*,0,8,39,8,117287,86887,30370,30,116307,108336,7971,0,12618,11043,1545,30
2024,FY,PROVIDER,IRF,190008,Terrebonne General Health System,Houma,LA,70360,93,99,1195,3048421,1937396,1910628,2428040,49062,22,0,80,44,56,88,*,0,*,0,0,0,2.44,0,13,30,45,*,37,43,0,0,*,18,54,*,13,13,41,31,46,52,*,*,62,42,*,37,0,*,0,0,27,0,18,0,0,*,*,0,13,24,13,66181,59475,6706,0,79637,67233,12404,0,22955,22955,0,0
2024,FY,PROVIDER,IRF,190014,Ochsner St Mary,Morgan City,LA,70380,45,47,535,2773120,1288160,1270712,1653757,324199,*,0,82,42,58,82,*,0,*,0,*,*,1.96,*,*,31,49,*,49,51,*,*,*,*,49,71,*,29,44,49,47,58,*,*,56,31,*,31,*,*,*,*,43,0,*,*,*,0,*,0,*,26,*,32001,24141,7860,0,36218,29508,6710,0,5977,5731,246,0
2024,FY,PROVIDER,IRF,190019,Christus St Frances Cabrini Hospital,Alexandria,LA,71301,328,348,4486,24465921,8217479,8100047,8590968,299126,16,30,78,38,62,84,12,*,*,*,*,*,1.92,*,9,25,49,9,51,53,*,*,4,18,41,82,16,20,49,34,48,39,94,*,73,22,4,38,*,0,0,0,15,0,8,0,*,0,0,0,28,31,16,311933,311933,0,0,309568,309568,0,0,54229,54229,0,0
2024,FY,PROVIDER,IRF,190020,Lane Regional Medical Center,Zachary,LA,70791,115,123,1438,3870080,2733400,2656648,2922109,70763,28,*,78,46,54,71,27,0,*,0,*,0,2.28,*,13,25,52,*,50,52,*,*,*,23,31,70,11,21,47,25,50,48,90,*,51,23,*,31,*,0,0,0,15,0,*,*,*,*,0,0,28,30,13,75910,49137,26645,128,72867,47702,25137,28,8975,8975,0,0
2024,FY,PROVIDER,IRF,190025,Savoy Medical Center,Mamou,LA,70554,52,57,622,2598579,1220562,1207602,1328747,3955,29,*,78,33,67,94,*,0,0,0,*,0,2.08,0,*,29,62,*,56,56,*,*,*,29,46,*,*,*,50,50,48,63,*,*,56,31,*,33,0,0,0,0,23,0,*,0,0,*,0,0,32,*,*,51070,51070,0,0,50560,50560,0,0,27900,27900,0,0
2024,FY,PROVIDER,IRF,190027,Christus Ochsner St Patrick Hospital,Lake Charles,LA,70601,230,244,2722,15387081,5277255,5191799,5945086,356144,18,5,78,45,55,83,15,0,*,0,*,*,2.58,*,13,33,45,7,50,50,*,*,8,17,40,74,15,26,53,40,60,47,93,*,60,27,5,39,0,0,*,0,9,0,15,0,*,*,*,0,34,26,12,152109,151812,295,2,165311,165126,185,0,36185,36130,55,0
2024,FY,PROVIDER,IRF,190039,West Jefferson Medical Center,Marrero,LA,70072,110,114,1333,7021570,2741870,2722350,2808454,18873,20,*,75,55,45,64,24,*,*,0,*,0,2.43,*,17,15,50,*,41,46,*,0,*,20,35,65,13,18,45,25,46,45,85,*,50,22,*,40,*,*,*,0,*,0,19,*,*,*,*,0,*,27,29,67905,48965,17890,1050,71853,52683,17775,1395,13870,12415,750,705
2024,FY,PROVIDER,IRF,190041,Christus Shreveport-bossier Health System,Shreveport,LA,71105,150,160,1654,9730302,3641173,3588501,4065877,623047,9,9,78,43,57,83,13,0,*,0,*,0,2.11,0,15,25,43,*,43,45,*,*,*,23,49,77,9,20,44,27,43,45,89,*,60,24,*,25,*,*,0,0,18,0,8,*,0,*,0,0,19,28,19,90806,88731,2075,0,86738,85193,1545,0,25997,25997,0,0
2024,FY,PROVIDER,IRF,190046,Touro Infirmary,New Orleans,LA,70115,119,126,2675,19715924,4219181,4009357,4305214,483561,13,*,74,47,53,66,26,*,*,0,*,0,2.57,*,18,28,49,*,52,52,*,*,*,20,32,61,*,22,39,18,55,39,*,*,47,23,*,65,0,*,0,0,9,0,34,0,0,*,0,0,9,29,17,80956,79171,600,1185,87815,83876,2539,1400,49958,49365,338,255
2024,FY,PROVIDER,IRF,190054,Iberia Medical Center,New Iberia,LA,70562,92,101,1322,4795021,2106982,2078926,2374865,0,17,*,78,48,52,78,12,0,*,*,*,0,2.35,0,*,24,67,*,67,67,*,*,0,12,47,78,*,20,47,37,53,54,*,*,57,28,*,43,0,0,0,0,12,0,11,*,*,*,0,0,19,37,12,72384,70052,2332,0,72792,70438,2354,0,10661,10661,0,0
2024,FY,PROVIDER,IRF,190060,Lake Charles Memorial Hospital,Lake Charles,LA,70601,168,176,2428,8020619,4208484,4132316,4570627,90844,15,*,78,40,60,89,7,*,*,0,*,*,2.17,*,10,20,43,8,42,42,*,*,*,24,36,73,10,26,54,31,49,50,88,*,58,30,*,36,0,*,0,0,*,0,10,*,0,*,0,0,12,42,30,141999,100789,41210,0,139628,108360,31268,0,78142,55492,22650,0
2024,FY,PROVIDER,IRF,190064,Our Lady Of The Lake Regional Medical Center,Baton Rouge,LA,70808,99,107,1698,5720448,2943866,2894602,3128558,130978,19,*,74,56,44,70,27,*,*,*,0,0,2.46,*,13,15,44,11,53,55,*,*,*,18,37,64,11,25,48,29,48,37,88,*,49,12,*,52,*,*,0,0,*,0,29,0,0,*,0,0,15,23,21,67590,65880,1710,0,60750,59235,1515,0,28800,28500,300,0
2024,FY,PROVIDER,IRF,190065,Baton Rouge General Medical Center,Baton Rouge,LA,70809,51,52,737,1605028,1244032,1244032,1316805,12081,29,*,77,55,45,57,43,0,0,0,0,0,2.17,*,25,25,51,*,41,45,0,0,*,*,31,57,*,*,55,25,53,43,*,*,57,24,*,39,*,*,*,0,*,0,*,*,0,*,*,0,*,21,*,36130,25075,11055,0,35155,24720,10435,0,4768,4768,0,0
2024,FY,PROVIDER,IRF,190086,Northern Louisiana Medical Center,Ruston,LA,71270,31,31,336,1762998,596523,585099,767887,63451,*,*,81,55,45,81,*,0,0,0,*,0,1.67,0,*,48,*,0,45,45,0,0,*,*,39,*,*,*,45,*,48,48,*,*,42,*,*,*,*,*,0,0,*,0,*,*,0,*,*,0,*,*,*,19616,19616,0,0,19827,19827,0,0,2290,2290,0,0
2024,FY,PROVIDER,IRF,190102,"Our Lady Of Lourdes Regional Medical Center, Inc",Lafayette,LA,70508,33,33,385,1393444,632253,623053,731472,24428,*,0,77,45,55,82,*,0,*,0,*,0,3.18,*,*,*,67,*,*,*,0,*,*,*,36,*,*,*,52,*,48,39,*,100,*,*,*,*,*,0,0,0,*,0,*,0,0,0,*,0,*,*,*,16598,16338,260,0,19629,17349,2250,30,3577,3577,0,0
2024,FY,PROVIDER,IRF,190111,"Willis Knighton Medical Center, Inc",Shreveport,LA,71103,265,297,4688,18475013,6827117,6687877,7643034,847723,11,10,77,39,61,75,22,*,*,0,*,0,1.98,*,13,23,48,6,48,51,*,*,5,22,39,75,10,18,40,29,53,38,89,*,57,28,*,43,0,0,0,0,*,0,14,*,*,*,*,0,50,14,17,224890,211443,13439,8,232875,229795,3080,0,14975,14975,0,0
2024,FY,PROVIDER,IRF,190125,St Francis Medical Center,Monroe,LA,71201,145,152,2163,7286979,3280356,3252332,3748767,49945,17,21,78,37,63,87,11,*,0,0,*,0,1.92,*,9,23,36,*,43,45,0,0,*,16,43,70,11,19,43,26,44,37,85,*,58,27,*,45,0,*,0,0,*,0,28,0,0,*,0,0,9,47,11,116168,116138,30,0,137827,136897,930,0,12992,12962,30,0
2024,FY,PROVIDER,IRF,190140,Franklin Medical Center,Winnsboro,LA,71295,70,81,863,2017878,1506569,1455825,1595133,7741,53,*,78,46,54,84,16,0,0,0,0,0,2.09,*,*,46,49,*,46,50,0,*,*,31,31,77,*,*,59,53,49,61,84,*,61,26,*,27,0,0,0,0,*,0,*,*,0,*,0,0,78,*,0,43700,43700,0,0,48921,48921,0,0,7648,7648,0,0
2024,FY,PROVIDER,IRF,190144,Minden Medical Center,Minden,LA,71055,118,127,1420,8802312,2617355,2584971,3061512,106516,21,19,81,31,69,79,19,0,*,0,*,0,2.18,0,12,25,45,*,50,51,*,*,*,22,44,71,10,19,47,34,42,50,*,*,51,27,*,28,*,0,0,0,31,0,13,*,*,*,0,0,*,35,11,72633,72248,385,0,73902,73692,210,0,52795,41970,10795,30
2024,FY,PROVIDER,IRF,190160,Glenwood Regional Medical Center,West Monroe,LA,71291,12,13,178,1040675,322297,320697,373896,43993,*,*,77,*,*,92,*,0,0,0,*,0,2.44,0,0,*,*,0,*,*,0,0,0,*,*,*,*,*,*,*,*,*,*,100,*,*,*,*,0,0,0,0,0,0,*,0,0,0,0,0,*,*,*,11169,11169,0,0,11699,11699,0,0,970,970,0,0
2024,FY,PROVIDER,IRF,190164,Byrd Regional Hospital,Leesville,LA,71446,142,170,1808,10129217,3074085,2950133,3500456,133567,36,91,80,36,64,90,*,0,*,0,0,0,2.55,*,*,48,61,10,61,62,*,*,12,21,49,88,17,19,68,58,65,70,*,*,66,30,*,39,*,0,0,0,45,0,*,*,0,31,0,0,*,12,*,94465,70685,4875,18905,91830,67115,6160,18555,4567,4142,25,400
2024,FY,PROVIDER,IRF,190167,Mercy Regional Medical Center,Ville Platte,LA,70586,127,133,1524,8028802,3224723,3194315,3588427,67582,33,69,78,35,65,85,12,0,*,0,*,*,2.10,*,13,35,53,13,61,64,*,*,*,24,43,79,16,17,39,53,52,53,83,*,47,33,15,28,0,0,0,0,10,0,13,0,0,9,0,0,32,25,12,97100,88115,8985,0,88710,88650,60,0,25540,25540,0,0
2024,FY,PROVIDER,IRF,190176,East Jefferson General Hospital,Metairie,LA,70006,126,132,1949,15189005,3488000,3441448,3657023,110524,12,*,77,51,49,76,10,0,*,0,*,*,2.40,*,13,33,46,10,56,57,*,*,*,17,38,71,13,26,49,26,52,40,89,*,49,31,*,48,0,*,*,0,14,0,30,*,0,*,*,0,*,21,21,84397,82706,1200,491,85303,83622,1250,431,9675,9640,0,35
2024,FY,PROVIDER,IRF,190190,"Caldwell Memorial Hospital, Inc",Columbia,LA,71418,96,118,1735,7626303,2904362,2780482,2773901,7279,57,77,77,41,59,72,26,*,*,0,0,0,2.51,*,18,46,55,*,54,57,*,*,17,33,30,79,12,*,45,66,60,60,81,*,55,17,*,32,0,0,0,0,*,0,*,0,0,0,0,0,86,*,*,86310,86310,0,0,84360,84360,0,0,9825,9825,0,0
2024,FY,PROVIDER,IRF,192009,Pam Health Specialty Hospital Of New Orleans,New Orleans,LA,70119,39,43,671,3866134,1183797,1116141,1230165,26521,54,*,74,31,69,46,49,*,*,0,0,0,3.99,*,*,36,54,*,56,56,0,*,*,*,38,72,*,*,67,*,69,51,*,*,38,*,*,46,0,0,0,0,*,0,*,0,0,*,0,0,28,*,*,30100,29920,0,180,28295,27950,180,165,12975,12975,0,0
2024,FY,PROVIDER,IRF,192010,Intensive Specialty Hospital,Shreveport,LA,71101,86,88,1100,3983100,1795163,1702587,2009298,19124,41,16,72,48,52,67,30,*,*,0,0,0,2.41,*,42,38,64,28,70,73,*,*,31,37,50,78,*,14,45,45,53,56,85,100,53,21,*,28,0,0,0,*,23,0,*,*,0,0,0,0,45,17,*,67184,65544,1160,480,56945,56070,570,305,5078,5078,0,0
2024,FY,PROVIDER,IRF,192022,Ruston Regional Specialty Hospital,Ruston,LA,71270,85,89,1203,2900893,1920038,1859174,2049699,30673,20,38,78,44,56,76,20,0,*,0,*,*,2.34,0,16,38,48,*,51,52,*,*,*,14,55,75,*,18,45,33,61,51,82,*,54,20,*,46,0,*,*,0,*,0,15,*,0,13,0,0,27,24,0,60125,60125,0,0,56643,56643,0,0,27838,27838,0,0
2024,FY,PROVIDER,IRF,192028,Riverbridge Specialty Hospital,Vidalia,LA,71373,121,135,1752,5340159,2713957,2605429,3051606,31212,35,13,77,35,65,65,34,0,*,0,*,0,2.29,*,16,40,65,12,70,70,*,*,18,24,36,83,15,21,59,43,58,50,87,*,60,38,11,41,*,*,*,0,*,0,22,*,*,10,*,0,24,14,*,71467,70927,495,45,69029,68699,285,45,25702,25702,0,0
2024,FY,PROVIDER,IRF,192035,Louisiana Extended Care Hospital Of Natchitoches,Natchitoches,LA,71457,113,127,1985,5142718,2802957,2731709,3161912,21549,25,19,80,37,63,74,20,0,*,0,0,*,2.89,*,10,50,49,*,68,73,*,*,*,17,52,87,27,16,62,40,59,63,87,*,61,27,*,29,0,*,*,0,25,0,11,*,*,9,*,0,15,30,*,85930,81154,907,3869,82218,77894,1022,3302,29841,29071,195,575
2024,FY,PROVIDER,IRF,192043,Riverside Hospital Of Louisiana,Alexandria,LA,71303,186,211,2456,6640267,4387730,4309618,4424458,0,15,19,78,52,48,89,9,0,*,0,*,0,2.03,*,12,33,44,11,42,47,*,*,6,20,47,78,10,21,54,35,60,53,92,*,66,17,10,41,*,*,0,0,30,0,22,*,*,11,*,0,10,20,0,143021,142731,290,0,140445,140265,180,0,15827,15827,0,0
2024,FY,PROVIDER,IRF,192048,P A M Specialty Hospital Of Covington,Covington,LA,70433,240,276,3312,15413315,6603064,6362928,7091627,3977,34,*,76,48,52,81,15,*,*,0,*,*,3.30,*,15,42,57,9,59,60,*,*,10,18,50,74,13,20,66,38,62,61,89,*,71,20,8,40,*,0,*,*,46,0,25,0,0,*,0,0,8,8,7,164948,156610,8233,105,181695,174402,7293,0,44015,43925,90,0
2024,FY,PROVIDER,IRF,192057,Sage Specialty And Rehabilitation Center Of Lafaye,Lafayette,LA,70508,138,145,1886,6127112,2939210,2724562,3381526,112243,38,*,75,51,49,77,21,0,*,0,0,*,3.16,*,16,37,62,15,62,64,*,*,17,29,40,70,13,21,52,34,61,49,88,*,61,21,9,36,0,*,*,0,23,0,25,*,*,22,*,0,*,14,0,66361,61666,4695,0,60211,53411,6800,0,15659,15659,0,0
2024,FY,PROVIDER,IRF,193028,Baton Rouge Rehab Hospital,Baton Rouge,LA,70809,368,398,4948,9824066,8573739,8409907,9293648,0,12,3,77,46,54,76,20,*,*,0,*,0,2.46,*,17,18,57,8,51,53,*,*,*,18,39,72,9,22,54,23,51,43,90,96,52,27,4,36,*,*,0,0,10,0,16,*,0,3,0,0,13,23,34,282707,175860,106847,0,283888,183596,100262,30,60263,55312,4951,0
2024,FY,PROVIDER,IRF,193031,Encompass Health Rehabilitation Hospital Of Alexan,Alexandria,LA,71301,367,419,5314,12902937,10829832,10570888,10483079,225,37,25,75,41,59,73,25,*,*,0,*,*,2.83,*,18,41,59,17,58,59,*,4,10,24,45,76,14,18,57,43,58,58,86,*,68,16,5,41,0,*,*,0,23,0,20,*,*,3,0,0,24,17,11,250874,199592,51282,0,272221,217221,54960,40,124964,107268,17661,35
2024,FY,PROVIDER,IRF,193044,"North Oaks Rehabilitation Hospital, L L C",Hammond,LA,70403,245,295,3250,25532277,6671348,6592172,7534897,99027,18,*,77,40,60,84,13,*,*,0,*,*,2.51,*,16,27,53,9,55,60,*,*,8,26,42,78,13,23,61,36,53,60,87,*,72,24,8,38,*,0,*,*,10,0,16,*,*,*,0,0,39,15,16,207179,177886,29293,0,208461,187110,21351,0,87631,82158,5443,30
2024,FY,PROVIDER,IRF,193050,"Clearsky Rehabilitation Hospital Of Rosepine, Llc",Leesville,LA,71446,151,180,2434,5864155,4329573,4195133,4538894,16251,28,25,78,43,57,89,11,0,0,0,0,0,2.38,*,15,36,54,11,49,50,*,*,11,30,45,83,17,15,48,45,60,58,91,*,64,17,11,40,*,*,*,*,24,0,13,0,0,6,0,0,30,17,7,117278,91353,25925,0,117462,92301,25056,105,31040,28550,2490,0
2024,FY,PROVIDER,IRF,193058,Riverbend Rehabilitation Hospital,Monroe,LA,71202,135,146,1912,3256292,3003378,2839690,3106130,0,57,26,74,50,50,57,42,0,*,0,*,0,2.25,*,16,39,51,19,60,64,*,*,12,27,36,70,10,18,46,30,50,41,86,*,39,19,10,33,*,0,*,0,16,0,31,*,0,11,0,0,15,12,8,78152,78137,15,0,84109,84109,0,0,27450,27450,0,0
2024,FY,PROVIDER,IRF,193067,Rehabilitation Hospital Of Jennings,Jennings,LA,70546,179,203,2564,8339945,4822152,4724432,5108973,11472,23,*,79,38,62,84,11,0,*,*,*,*,2.33,*,23,34,56,7,58,58,*,*,*,27,45,78,11,19,64,34,51,58,89,*,62,20,*,34,0,*,0,0,23,0,18,*,*,23,*,0,5,23,0,144705,144705,0,0,144195,144195,0,0,22665,22665,0,0
2024,FY,PROVIDER,IRF,193069,Sterlington Rehabilitation Hospital,Bastrop,LA,71220,191,219,2490,14202175,4364740,4093164,4677924,26202,63,12,78,42,58,64,32,0,*,0,*,0,2.23,*,11,45,47,17,60,63,*,*,16,18,34,65,9,17,39,34,51,47,79,*,48,14,18,41,*,*,*,0,32,0,39,6,*,*,*,*,*,10,0,157603,157603,0,0,167893,167893,0,0,59908,59908,0,0
2024,FY,PROVIDER,IRF,193070,Accord Rehabilitation Hospital,Plaquemine,LA,70764,106,172,1779,8901381,3608659,3419435,3619470,0,87,*,63,71,29,54,42,0,*,*,0,0,2.72,18,54,37,76,62,84,88,16,14,67,55,14,57,19,*,25,46,58,26,75,*,29,*,27,27,0,*,*,*,48,0,26,*,*,11,*,0,*,*,0,96960,96960,0,0,98105,98105,0,0,97143,97143,0,0
2024,FY,PROVIDER,IRF,193074,United Medical Healthwest-new Orleans,Gretna,LA,70056,54,60,849,1513557,1603996,1536388,1506938,0,63,0,70,57,43,28,59,*,*,0,*,0,3.30,*,20,30,52,*,65,69,*,*,22,33,35,50,*,*,56,37,52,57,*,*,50,*,*,48,*,*,*,0,37,0,20,*,*,*,0,0,*,*,*,33630,30860,2740,30,34317,33117,1140,60,21195,20805,360,30
2024,FY,PROVIDER,IRF,193078,Sage Rehabilitation Hospital,Baton Rouge,LA,70809,105,110,1581,4085593,2794504,2692240,2903839,170327,55,*,70,57,43,57,39,*,*,0,*,0,3.15,*,32,25,62,26,63,68,*,*,20,38,34,62,*,21,45,38,57,45,79,*,39,12,*,41,*,*,*,0,19,*,26,*,*,14,*,0,*,13,0,50187,47667,2430,90,50670,49060,1520,90,43617,41381,2221,15
2024,FY,PROVIDER,IRF,193079,Oasis Point Rehabilitation Hospital,Hammond,LA,70403,203,219,2476,4109354,4894056,4726584,4820566,0,51,*,74,46,54,64,31,*,*,*,*,0,3.10,*,23,30,61,13,65,67,5,*,13,33,40,66,12,16,61,45,63,56,85,*,58,13,7,41,*,*,*,0,21,0,27,*,*,7,0,0,18,12,5,108478,107863,495,120,109760,107855,1665,240,76199,68444,7755,0
2024,FY,PROVIDER,IRF,193080,Specialty Rehabilitation Hospital,Coushatta,LA,71019,148,191,2497,4371659,4536907,4403067,4703766,1662,50,67,76,43,57,76,22,0,*,0,*,0,2.41,*,14,30,44,10,50,54,*,*,13,25,36,78,14,13,46,49,61,52,80,*,55,17,*,34,0,0,0,0,0,0,0,0,0,0,0,0,0,0,100,125397,112101,13281,15,123655,114950,8690,15,39005,39005,0,0
2024,FY,PROVIDER,IRF,193086,Leesville Rehabilitation Hospital,Leesville,LA,71446,141,171,2199,5503809,3772820,3651132,3982030,14066,32,77,76,46,54,79,16,*,*,0,0,*,2.23,*,13,35,57,*,55,57,*,*,13,21,38,78,10,22,52,49,67,52,89,*,65,26,*,36,0,0,*,0,26,0,12,0,0,*,0,0,34,15,6,107775,84123,23652,0,118463,103975,14488,0,27840,27140,700,0
2024,FY,PROVIDER,IRF,193090,"The Neuromedical Center Rehabilitation Hospital, L",Baton Rouge,LA,70810,174,184,2702,8722196,4388287,4310255,4754343,0,10,*,78,46,54,80,17,0,*,0,*,0,1.81,*,14,24,47,10,55,56,*,*,*,16,34,78,15,18,39,20,44,32,89,93,49,26,11,38,0,*,*,0,7,0,17,*,0,*,0,0,*,34,36,127446,127446,0,0,127012,127012,0,0,37219,37219,0,0
2024,FY,PROVIDER,IRF,193092,Bethesda Rehabilitation Hospital,Baton Rouge,LA,70812,78,105,1787,4726264,2565212,2425468,2647462,162051,*,*,66,68,32,42,56,0,*,0,*,0,2.76,*,37,41,*,56,*,*,*,*,65,56,14,78,*,*,46,44,67,50,82,*,44,*,*,46,0,0,0,0,54,0,37,0,0,*,0,0,0,*,0,67911,67911,0,0,70462,70462,0,0,64765,64765,0,0
2024,FY,PROVIDER,IRF,193093,Lafayette Physical Rehabilitation Hospital,Lafayette,LA,70508,362,391,5090,12785532,8539678,8344374,9604325,12267,17,*,78,46,54,80,16,*,*,0,*,*,2.56,*,17,24,48,7,49,51,*,*,3,22,44,74,12,23,49,36,49,48,90,*,61,26,5,43,*,*,*,0,12,0,23,3,*,23,*,0,*,30,*,274014,246887,27067,60,237153,212450,24703,0,86026,83896,2130,0
2024,FY,PROVIDER,IRF,193094,Pathway Rehabilitation Hospital Of Bossier,Bossier City,LA,71112,257,278,3344,8953637,5601140,5436548,6209810,4135,12,4,80,40,60,85,13,0,*,*,*,0,2.34,*,13,37,72,6,50,52,*,*,5,18,42,85,11,25,57,43,53,40,89,*,49,31,6,31,*,*,*,0,23,0,18,*,0,6,*,0,*,29,15,200160,200160,0,0,199261,199261,0,0,7810,7810,0,0
2024,FY,PROVIDER,IRF,193096,Acadiana Rehabilitation,Lafayette,LA,70508,135,143,1868,6757652,3274628,3185628,3509410,7318,18,*,76,49,51,79,14,*,*,0,*,*,2.53,*,14,25,58,*,53,55,*,0,*,21,42,80,13,19,42,33,48,39,85,*,61,23,9,35,*,*,0,0,24,0,17,*,0,8,0,0,*,22,20,87405,40575,46830,0,77750,43800,33950,0,51045,41085,9960,0
2024,FY,PROVIDER,IRF,193097,Covington - A M G Physical Rehabilitation Hospital,Covington,LA,70433,238,276,3850,9517123,6424137,6239281,6905873,0,29,*,77,39,61,87,8,*,*,0,*,0,2.70,*,16,34,61,15,68,70,*,*,9,18,40,76,16,21,49,36,50,45,89,*,63,20,9,42,*,*,*,0,14,*,24,*,*,20,*,*,7,24,*,216509,180771,35618,120,206510,184410,22055,45,21600,21095,505,0
2024,FY,PROVIDER,IRF,193099,Ochsner Rehabilitation Hospital,Jefferson,LA,70121,357,398,5213,38683554,10059459,9854987,11014708,793842,24,*,74,43,57,68,25,*,3,0,*,*,2.63,*,16,26,46,7,48,50,*,3,6,15,38,66,11,24,50,24,44,48,82,91,43,27,8,36,*,3,*,*,11,0,21,*,3,15,*,*,13,29,*,246440,221755,24685,0,272506,244436,28070,0,60648,60648,0,0
2024,FY,PROVIDER,IRF,713025,North Shore Rehabilitation Hospital,Lacombe,LA,70445,307,331,4325,30617003,8082826,7999898,8972645,381088,14,*,78,47,53,90,7,*,*,0,*,0,2.27,*,11,21,46,9,47,50,*,*,4,18,49,76,17,19,50,38,47,45,91,93,59,30,7,42,*,*,0,0,5,0,19,*,*,13,0,0,11,37,11,254727,249017,5710,0,258417,225032,33385,0,16820,16820,0,0
2024,FY,PROVIDER,IRF,713026,Bogalusa Rehabilitation Hospital,Bogalusa,LA,70427,99,132,1603,7039364,2805661,2688765,2916765,0,68,0,72,53,47,63,36,0,0,*,*,0,2.75,*,28,34,73,30,69,71,*,11,27,40,33,80,12,*,45,67,65,44,89,*,62,18,13,27,*,0,*,0,36,0,30,*,0,14,0,0,*,8,0,90046,80361,9325,360,108403,91298,16205,900,10785,10785,0,0
2024,FY,PROVIDER,IRF,713028,Encompass Health Rehabilitation Hospital Of Shreve,Shreveport,LA,71115,538,635,7797,20839977,14461147,13987451,15442303,12665,22,5,77,43,57,70,26,*,*,*,*,*,2.91,3,17,34,47,8,50,53,4,2,9,20,41,75,17,22,49,42,53,45,91,96,55,25,7,31,*,*,*,*,35,0,12,*,*,2,*,0,12,21,14,410930,317705,93165,60,429886,352690,77196,0,103230,78596,24634,0
2024,FY,PROVIDER,IRF,713029,Shreveport Rehabilitation Hospital Llc,Shreveport,LA,71105,551,637,7626,26801491,13653680,13142489,14924722,54793,23,11,77,39,61,74,23,*,*,0,*,*,2.31,2,17,40,54,8,56,58,2,2,7,19,41,83,14,17,47,34,52,49,89,97,56,24,8,38,0,0,0,0,18,0,18,*,*,*,0,0,32,18,14,406531,383141,18000,5390,421034,393434,22355,5245,122573,114585,7313,675
2024,FY,PROVIDER,IRF,220046,Berkshire Medical Center Inc - 1,Pittsfield,MA,01201,120,125,1551,4629486,3407759,3392367,3276647,423133,20,*,78,57,43,94,*,0,*,0,*,*,2.16,*,9,18,43,*,43,47,*,*,*,20,36,68,*,22,37,29,40,40,82,*,53,30,*,52,0,0,*,0,*,0,26,0,0,*,0,0,35,37,0,75680,74857,0,823,76528,75705,0,823,3431,3431,0,0
2024,FY,PROVIDER,IRF,220065,Baystate Noble Hospital,Westfield,MA,01085,175,184,1930,7221399,4107688,4018272,3953446,24357,24,0,78,46,54,89,*,*,*,0,*,*,1.88,*,22,25,45,*,50,51,7,*,*,19,37,74,18,21,43,35,33,40,80,93,40,27,9,42,*,*,*,0,7,0,20,*,*,10,*,0,*,41,*,82755,64752,15531,2472,80180,64935,12759,2486,9721,9273,433,15
2024,FY,PROVIDER,IRF,220066,Mercy Medical Ctr,Springfield,MA,01104,152,162,1931,6244819,3808171,3735571,3690097,1525,30,0,78,41,59,82,9,*,*,0,*,*,2.49,*,20,18,43,*,43,45,*,*,*,14,33,70,18,24,49,30,40,37,88,*,41,30,*,45,*,*,0,0,*,0,22,0,0,7,0,0,12,39,15,117865,117835,0,30,130734,130704,0,30,41172,41172,0,0
2024,FY,PROVIDER,IRF,220074,"Southcoast Hospital Group, Inc",Fall River,MA,02720,345,369,4604,17807000,9019648,8952584,8614607,460533,26,*,78,51,49,88,*,*,6,0,*,*,2.69,*,14,27,62,16,46,50,*,6,5,16,47,71,20,23,58,41,56,54,94,96,64,28,7,41,*,0,0,0,4,0,16,0,0,*,0,0,29,27,23,220733,204615,300,15818,250502,233848,180,16474,48934,48904,30,0
2024,FY,PROVIDER,IRF,222047,Whittier Rehabilitation Hospital - Bradford,Bradford,MA,01835,302,330,4405,11445722,8198188,8071796,7789658,23499,21,*,77,42,58,92,*,*,*,0,*,*,2.64,*,20,30,64,11,53,59,*,8,5,17,44,68,17,25,51,34,42,43,89,93,51,28,7,47,*,0,*,0,8,*,24,6,*,5,*,0,5,35,12,103594,81094,10,22490,114481,91401,610,22470,19304,18814,450,40
2024,FY,PROVIDER,IRF,222048,Whittier Rehabilitation Hospital,Westborough,MA,01581,355,387,4369,10936773,8804263,8647831,8120026,4144,18,*,78,52,48,91,*,*,*,0,*,*,2.68,3,13,29,48,13,43,53,4,4,5,11,48,71,18,27,53,31,49,46,89,94,59,24,12,43,*,*,*,0,8,*,20,6,*,6,*,0,8,31,14,104371,104286,0,85,108914,108779,30,105,15263,15243,0,20
2024,FY,PROVIDER,IRF,223026,Encompass Health Rehabilitation Hosp Of New Englan,Woburn,MA,01801,1879,2114,24757,61767453,56806727,55943487,50191287,106261,19,*,78,47,53,92,2,1,2,*,2,*,2.59,3,17,36,55,14,51,62,3,4,6,15,41,71,19,24,54,31,43,43,87,95,53,34,13,40,*,1,*,*,19,*,16,0,*,3,*,*,12,31,19,1008924,771939,236910,75,1109769,868989,240705,75,191155,169519,21636,0
2024,FY,PROVIDER,IRF,223027,Encompass Health Braintree Hospital Of Braintree,Braintree,MA,02184,1601,1747,22847,54060173,51244449,50503097,42665285,32688,23,*,77,47,53,86,7,1,2,*,2,*,2.19,4,15,29,52,14,48,52,4,5,7,16,39,72,19,24,40,29,41,37,87,94,43,28,14,45,0,*,*,*,11,*,18,*,*,2,0,0,16,31,21,866289,659843,184561,21885,1388622,1007372,358781,22469,225179,206788,16336,2055
2024,FY,PROVIDER,IRF,223029,"Fairlawn Rehab Hosp, An Affiliate Of Encompass Hlt",Worcester,MA,01602,1109,1252,14904,33686670,33178240,32401848,28952229,238451,32,*,76,48,52,90,3,*,4,0,2,*,2.66,3,20,28,55,22,53,58,4,6,7,21,41,69,19,22,49,39,44,46,90,94,52,25,10,39,*,*,*,*,18,*,14,*,*,3,0,*,19,30,14,660251,518136,141580,535,791924,588274,203045,605,129386,126201,3045,140
2024,FY,PROVIDER,IRF,223030,Encompass Health Rehab Hospital Of Western Mass,Ludlow,MA,01056,998,1097,13501,32308429,27915395,27247427,27345150,0,23,0,79,38,62,94,2,*,2,0,1,*,2.06,2,13,26,47,10,50,60,4,5,3,13,40,72,16,21,46,32,39,42,86,96,43,31,8,38,*,*,0,*,21,*,15,1,*,8,*,*,2,34,18,713386,426412,285789,1185,763546,475992,286159,1395,107004,103409,3595,0
2024,FY,PROVIDER,IRF,223032,Spaulding Rehabilitation Hospital - Cape Cod,East Sandwich,MA,02537,777,830,9860,32939537,21861641,21702057,19427318,69475,15,*,79,49,51,96,*,*,1,*,2,*,2.11,2,15,17,42,7,40,58,2,3,3,12,45,74,17,23,45,26,37,38,90,91,62,28,8,47,*,*,*,0,6,*,29,3,*,3,2,0,4,27,24,488498,486243,450,1805,520470,517575,1590,1305,161600,151795,9385,420
2024,FY,PROVIDER,IRF,223034,Spaulding Rehabilitation Hospital,Charlestown,MA,02129,939,1035,14570,61373977,35950830,35508630,26810211,1114066,21,*,75,52,48,83,5,3,4,*,3,*,2.25,3,13,28,48,16,46,55,4,5,5,11,40,67,17,22,40,20,39,38,86,91,48,34,7,53,*,*,*,*,9,*,30,*,*,3,*,0,8,16,31,701153,700663,490,0,603290,577845,25445,0,265747,261452,4235,60
2024,FY,PROVIDER,IRF,213028,Encompass Health Rehab Hospital Of Salisbury,Salisbury,MD,21804,1288,1499,17521,42860585,33574385,32772121,34218677,86383,19,8,78,43,57,83,14,*,*,0,1,*,2.22,13,14,33,47,9,48,50,2,3,4,17,42,80,15,22,55,36,49,45,91,96,53,21,9,38,0,*,*,0,19,0,19,0,*,1,0,*,24,23,13,962128,679446,281942,740,967852,724239,242943,670,223098,173989,49094,15
2024,FY,PROVIDER,IRF,213029,Adventist Healthcare  Rehabilitation At Rockville,Rockville,MD,20850,1189,1341,17674,53384600,34442749,34076133,33527464,118894,13,*,78,47,53,65,17,9,4,*,2,*,1.94,2,8,24,38,7,39,43,3,2,3,10,37,68,13,21,40,20,49,31,92,93,46,24,8,48,*,1,1,0,4,*,21,1,1,4,*,*,10,30,27,584275,544092,29622,10561,525429,482674,32912,9843,172121,165706,5840,575
2024,FY,PROVIDER,IRF,213030,Rehabilitation Hospital Of Bowie,Bowie,MD,20715,948,1042,11773,32811751,24594727,24114719,23784709,0,13,*,76,47,53,62,32,2,2,*,*,*,1.99,1,13,25,37,8,38,45,1,2,3,14,38,71,15,22,47,28,52,38,89,95,49,22,4,51,*,*,*,*,16,0,29,0,0,2,*,0,11,25,17,657936,588597,69129,210,625626,563060,62296,270,191114,183297,7817,0
2024,FY,PROVIDER,IRF,200018,Northern Light A R Gould Hospital,Presque Isle,ME,04769,21,23,353,2190677,980604,969588,1100259,436202,*,*,77,*,*,95,0,0,*,0,*,0,2.02,0,*,*,*,0,*,*,0,*,0,*,*,*,*,*,*,*,*,*,*,*,*,*,0,*,0,*,*,0,*,0,*,*,0,0,0,0,*,*,0,10569,8673,0,1896,10473,8710,0,1763,4821,4172,440,209
2024,FY,PROVIDER,IRF,200024,Central Maine Medical Center,Lewiston,ME,04240,81,84,1013,5426493,1768644,1730972,1885549,135019,27,26,76,42,58,93,0,*,*,0,*,*,2.23,*,20,*,40,*,41,43,*,*,*,21,32,64,14,17,46,28,37,33,85,*,35,33,0,40,0,0,0,0,*,0,17,0,0,*,0,0,*,45,23,43876,43276,600,0,44595,43871,719,5,6150,6150,0,0
2024,FY,PROVIDER,IRF,200039,Mainegeneral Medical Center,Augusta,ME,04330,78,82,1101,4505474,2494531,2475387,2597395,226678,19,40,79,46,54,95,0,0,0,0,*,*,1.97,*,14,21,38,*,42,44,0,*,*,14,42,65,*,21,38,23,45,41,*,*,45,26,*,58,0,0,*,0,*,0,45,0,0,*,0,0,*,32,*,58974,57806,330,838,60851,57988,1950,913,19669,19014,580,75
2024,FY,PROVIDER,IRF,203025,"Healthsouth/maine Medical Center, Llc",Portland,ME,04102,914,1028,11408,29895735,24769749,24342861,23809278,77746,25,13,79,47,53,96,*,*,*,0,2,*,2.38,2,17,25,51,7,48,53,3,6,3,15,40,70,13,23,51,32,41,43,83,91,48,31,6,34,*,*,*,*,15,0,17,*,*,9,0,0,16,29,11,591152,429330,160947,875,620971,529343,91283,345,139609,126034,13575,0
2024,FY,PROVIDER,IRF,230002,Trinity Health Livonia Hospital,Livonia,MI,48154,153,162,2496,10636303,3557689,3537105,3877328,17773,13,0,79,52,48,90,*,*,*,0,*,*,2.57,*,14,37,40,18,46,50,*,*,*,16,42,71,17,18,54,31,60,45,*,*,63,22,22,58,0,*,0,0,28,0,27,0,0,*,0,0,21,13,9,57625,57565,60,0,59988,59890,98,0,18970,18970,0,0
2024,FY,PROVIDER,IRF,230015,Three Rivers Health,Three Rivers,MI,49093,37,42,525,1500939,1046106,1031610,1106428,152376,*,*,75,54,46,97,0,0,0,0,*,*,1.60,0,*,*,35,0,38,43,*,*,0,*,41,57,*,*,46,*,43,38,*,*,46,*,0,32,0,0,0,0,*,0,*,*,*,*,0,0,*,31,*,21440,19460,0,1980,20660,18680,0,1980,6395,6395,0,0
2024,FY,PROVIDER,IRF,230019,Ascension Providence Hospital,Southfield,MI,48075,141,146,1645,6395397,3311480,3284992,3388713,13907,16,*,76,46,54,51,45,*,*,0,*,*,2.95,*,16,23,39,11,38,43,*,*,*,23,42,74,16,18,64,38,65,60,*,100,67,21,*,55,0,*,0,0,8,0,24,0,0,*,0,0,24,14,27,68259,66514,0,1745,70203,68458,0,1745,6106,6106,0,0
2024,FY,PROVIDER,IRF,230024,Sinai-grace Hospital,Detroit,MI,48235,36,37,480,3807222,989962,982362,983690,28263,58,0,74,33,67,*,89,*,0,0,0,0,3.55,*,*,*,*,*,50,56,*,0,*,44,*,*,*,*,*,36,64,61,*,100,61,*,*,64,0,0,0,0,*,0,32,*,0,0,0,0,*,*,*,16855,16855,0,0,17091,17091,0,0,4531,4531,0,0
2024,FY,PROVIDER,IRF,230029,Trinity Health Oakland Hospital,Pontiac,MI,48341,244,267,3259,14834596,5968176,5900624,6190424,115004,13,0,80,44,56,86,8,*,*,0,*,*,2.94,*,14,35,51,9,53,57,5,*,8,19,51,79,19,28,58,42,52,66,92,*,74,24,6,42,0,0,0,0,18,0,13,0,0,*,0,0,47,11,9,211390,207250,210,3930,194950,192745,0,2205,29338,28738,600,0
2024,FY,PROVIDER,IRF,230030,Mymichigan Medical Center Alma,Alma,MI,48801,162,169,1875,5835583,4768325,4742037,4567857,19203,17,19,78,48,52,96,0,0,0,*,*,*,2.47,*,13,22,52,13,50,53,*,*,*,19,48,87,11,17,49,38,54,54,91,*,60,20,*,52,0,0,*,0,17,0,29,*,0,*,*,0,22,25,*,91357,83080,0,8277,99546,91269,0,8277,36260,36260,0,0
2024,FY,PROVIDER,IRF,230031,Lake Huron Medical Center,Port Huron,MI,48060,69,73,823,4098808,1655431,1635951,1689947,0,*,*,79,49,51,94,*,*,0,0,*,0,2.86,*,*,36,43,*,29,32,*,*,*,23,54,68,19,33,64,57,55,64,*,*,61,22,*,36,0,0,0,0,18,0,16,*,0,*,0,0,26,19,15,36225,11625,120,24480,36190,10565,1140,24485,11865,11445,15,405
2024,FY,PROVIDER,IRF,230036,Mymichigan Medical Center Alpena,Alpena,MI,49707,110,115,1183,4058861,2606514,2587122,2682434,106820,10,45,79,45,55,95,0,0,*,0,0,*,2.55,*,12,13,45,*,44,45,0,*,*,18,40,77,*,29,47,43,45,56,87,*,57,17,*,38,*,0,*,0,13,0,23,*,*,*,*,0,*,32,*,65012,64486,0,526,51065,50539,0,526,16826,16826,0,0
2024,FY,PROVIDER,IRF,230038,Corewell Health Grand Rapids Hospitals Butterworth,Grand Rapids,MI,49503,153,160,2029,7493989,3762713,3706753,3877623,107753,27,*,73,59,41,88,*,*,*,*,*,0,2.39,*,18,18,48,16,54,58,*,*,*,24,48,71,16,21,48,38,38,44,86,92,45,16,*,48,0,0,0,0,8,0,27,*,*,*,0,0,9,20,32,100141,98867,1274,0,96006,95831,175,0,26634,26574,60,0
2024,FY,PROVIDER,IRF,230041,Mclaren Bay Region,Bay City,MI,48708,142,154,2168,9084909,3762636,3723244,3923003,88597,16,25,77,45,55,96,*,*,*,0,*,0,2.44,*,14,23,50,15,46,46,0,*,*,22,49,80,11,23,51,48,50,57,*,*,71,25,8,42,0,0,0,0,14,0,21,0,0,*,0,0,19,23,22,79999,79999,0,0,84255,84255,0,0,11175,11175,0,0
2024,FY,PROVIDER,IRF,230046,University Of Michigan Health,Ann Arbor,MI,48109,56,58,869,6505744,2527539,2498027,2263007,295995,25,*,67,66,34,88,*,0,0,0,*,0,3.23,*,21,*,46,*,38,43,*,*,*,*,34,64,*,25,45,27,45,43,75,*,46,*,*,36,0,*,0,0,31,0,*,0,0,*,0,0,21,*,*,45626,45491,135,0,47296,47296,0,0,2540,2540,0,0
2024,FY,PROVIDER,IRF,230047,Henry Ford Health Macomb Hospital,Clinton Township,MI,48038,233,251,3550,14157650,5935884,5846108,6229106,218030,12,*,78,49,51,89,8,0,*,*,*,*,2.86,*,13,31,45,12,42,51,*,*,5,21,55,74,18,21,57,46,52,58,92,*,65,15,*,49,0,*,0,0,12,0,24,0,0,*,0,0,48,10,*,193237,184657,0,8580,198504,189924,0,8580,31744,31744,0,0
2024,FY,PROVIDER,IRF,230054,Up Health System - Marquette,Marquette,MI,49855,140,153,1830,8568980,3719908,3682956,3661233,67230,16,27,77,54,46,91,0,0,*,*,0,*,1.94,*,15,15,36,*,40,41,*,*,*,21,56,63,12,21,41,35,50,52,82,92,50,19,*,36,*,*,*,0,16,0,28,*,*,7,*,0,*,24,12,65350,64517,0,833,65244,64036,150,1058,27131,27131,0,0
2024,FY,PROVIDER,IRF,230066,Trinity Health Muskegon Hospital,Muskegon,MI,49441,131,135,1787,7590298,3835840,3819176,4118809,458384,15,15,76,56,44,85,9,0,*,0,*,*,2.78,*,19,16,50,*,58,60,*,*,*,24,41,77,16,16,47,36,44,58,90,*,54,27,*,45,0,0,0,0,*,0,28,*,0,*,0,0,18,24,22,54172,53708,0,464,52847,52383,0,464,33413,33413,0,0
2024,FY,PROVIDER,IRF,230070,Covenant Medical Center,Saginaw,MI,48602,406,466,5886,21598997,10907100,10807340,11110394,117278,18,21,78,41,59,87,7,0,3,*,*,*,2.65,*,18,29,54,9,49,53,3,*,4,21,46,81,13,24,58,40,46,50,88,96,65,28,6,37,4,*,*,0,9,0,22,4,3,4,*,*,8,23,20,336293,336293,0,0,316872,316872,0,0,43763,43763,0,0
2024,FY,PROVIDER,IRF,230078,Corewell Health Watervliet Hospital,Watervliet,MI,49098,167,176,2126,9426719,3820597,3761845,4348792,279819,17,10,78,51,49,91,*,0,0,*,*,*,2.42,*,17,23,49,*,49,52,*,*,*,22,46,72,15,23,55,35,55,44,89,*,51,24,8,39,*,0,0,0,*,0,18,0,0,*,0,0,14,32,28,114567,113821,71,675,113036,111915,267,854,13020,13009,0,11
2024,FY,PROVIDER,IRF,230097,Munson Medical Center,Traverse City,MI,49684,181,192,2564,10018398,5136297,5105761,5087085,99194,15,31,76,54,46,97,0,0,0,*,*,*,2.29,*,17,26,50,7,46,76,*,*,*,18,44,68,8,25,36,33,39,41,81,92,45,17,8,54,*,*,*,0,8,*,33,0,0,*,*,0,16,15,23,122071,122071,0,0,120287,120287,0,0,42879,42549,330,0
2024,FY,PROVIDER,IRF,230105,Mclaren Northern Michigan,Petoskey,MI,49770,118,124,1432,4730131,2983159,2967031,2889742,35364,14,50,77,52,48,95,0,0,0,*,*,0,2.29,0,14,17,35,*,42,47,*,*,*,20,35,71,10,26,53,29,39,35,86,91,46,21,9,41,0,0,0,0,*,0,19,0,0,*,0,0,17,35,17,46231,46231,0,0,44045,44045,0,0,8392,8392,0,0
2024,FY,PROVIDER,IRF,230117,Ascension Borgess Hospital,Kalamazoo,MI,49048,115,123,1428,8488035,3139512,3106088,3359835,377485,14,*,74,62,38,87,10,0,*,0,*,0,2.45,*,16,14,40,*,45,48,*,*,*,25,37,68,*,16,51,33,52,60,85,*,55,14,*,49,0,*,*,0,*,0,31,0,0,9,0,0,11,25,12,92812,92668,0,144,89804,89659,0,145,11394,11394,0,0
2024,FY,PROVIDER,IRF,230130,Corewell Health William Beaumont University Hospit,Royal Oak,MI,48073,740,845,9226,47923759,20093063,19740719,19530643,24905,16,2,79,45,55,78,14,3,*,*,3,2,3.24,3,19,31,53,18,50,54,6,2,4,14,47,75,19,28,60,36,49,55,91,97,65,25,7,39,0,0,0,0,32,0,9,0,0,3,0,0,36,13,7,392963,392963,0,0,421731,421731,0,0,107060,107060,0,0
2024,FY,PROVIDER,IRF,230132,Hurley Medical Center,Flint,MI,48503,84,86,945,5311069,2175984,2128752,1913302,19286,18,*,76,48,52,57,38,0,*,0,*,0,2.66,*,24,46,44,*,49,55,*,0,*,29,49,68,18,23,61,37,56,55,80,*,58,18,*,51,0,0,0,0,17,0,20,0,0,0,0,0,30,19,14,33349,33349,0,0,30883,30883,0,0,8683,8683,0,0
2024,FY,PROVIDER,IRF,230141,Mclaren Flint,Flint,MI,48532,152,165,2155,8424880,4316102,4260390,4048786,89748,12,*,79,47,53,86,11,0,*,0,*,*,2.43,*,12,26,41,11,46,50,*,*,*,20,62,65,21,20,51,41,57,60,*,*,67,12,*,62,0,*,0,0,8,0,30,0,0,*,0,0,19,23,19,118103,118103,0,0,119860,119680,0,180,14918,14918,0,0
2024,FY,PROVIDER,IRF,230146,Wyandotte Hospital And Medical Center,Wyandotte,MI,48192,259,281,3894,14620789,6578522,6485578,7013953,533776,18,0,78,46,54,84,8,*,5,*,*,*,2.95,*,15,25,51,8,47,51,*,*,4,20,49,74,13,25,60,53,61,67,89,*,68,19,8,41,0,0,0,0,9,0,17,0,0,*,*,0,53,15,*,215992,215992,0,0,217281,217281,0,0,10252,10252,0,0
2024,FY,PROVIDER,IRF,230151,Corewell Health Farmington Hills Hospital,Farmington Hills,MI,48336,142,152,1786,7801551,3424308,3393396,3525566,1273,13,*,80,44,56,73,20,*,*,*,*,*,2.64,*,14,28,46,11,46,50,*,*,*,18,46,76,20,32,53,38,49,62,89,*,60,25,*,41,0,0,0,0,11,0,12,0,0,*,0,0,40,32,*,85235,85235,0,0,85297,85297,0,0,11225,11225,0,0
2024,FY,PROVIDER,IRF,230156,Trinity Health Ann Arbor Hospital,Ann Arbor,MI,48106,173,183,2146,9451277,4345401,4307489,4106100,94264,15,*,75,50,50,88,*,*,*,0,*,*,2.17,*,13,26,53,16,47,57,*,*,*,17,38,66,18,24,44,24,47,38,88,94,47,18,8,60,0,*,*,0,*,0,35,*,0,*,0,0,27,16,17,85992,85972,0,20,85699,85679,0,20,49665,49665,0,0
2024,FY,PROVIDER,IRF,230165,Henry Ford Health -st John Hospital,Detroit,MI,48236,176,191,1944,7809827,4243918,4176422,4328166,204648,22,*,74,54,46,70,23,*,*,0,*,*,2.76,*,25,25,45,7,39,43,*,*,*,26,47,68,19,22,56,45,56,59,91,*,66,25,*,48,0,*,*,0,18,0,27,*,0,*,0,0,21,14,17,79905,79905,0,0,93470,93470,0,0,32460,32460,0,0
2024,FY,PROVIDER,IRF,230195,Ascension Macomb Oakland Hosp-warren Campus,Warren,MI,48093,219,238,2432,7840094,5108154,5028274,5305609,57854,21,*,78,47,53,81,15,*,*,0,*,0,3.45,*,22,29,41,11,41,45,*,*,7,31,56,76,17,25,61,53,64,65,*,*,69,21,5,50,0,*,*,0,16,0,28,*,0,*,0,0,29,11,7,147773,147728,0,45,148660,148615,0,45,7440,7440,0,0
2024,FY,PROVIDER,IRF,230197,Henry Ford Health Genesys Hospital,Grand Blanc,MI,48439,138,156,2192,9840765,4045176,4009336,3826812,5606,14,*,77,55,45,93,*,0,0,0,*,*,2.55,0,18,31,49,9,45,55,*,*,*,21,48,67,14,20,51,40,54,55,84,*,57,20,12,54,8,*,0,0,24,0,33,7,*,*,*,0,*,8,*,107135,78579,24606,3950,109575,90601,15484,3490,20796,20796,0,0
2024,FY,PROVIDER,IRF,230207,Mclaren Oakland,Pontiac,MI,48342,71,73,834,2939030,1720479,1681399,1699423,27488,20,*,74,46,54,82,*,*,*,0,0,*,2.73,*,27,37,63,18,55,62,*,*,*,28,42,72,17,32,52,58,49,56,*,*,54,17,*,49,0,*,0,0,*,0,18,*,*,0,*,0,26,23,*,30596,30596,0,0,30485,30485,0,0,17125,17125,0,0
2024,FY,PROVIDER,IRF,230227,Mclaren Macomb,Mount Clemens,MI,48043,135,139,1558,4992102,3092629,3045741,3218266,78944,12,*,76,44,56,93,*,0,0,0,*,*,2.51,*,21,17,43,*,32,36,*,*,*,23,44,70,9,24,44,45,52,52,*,*,70,18,*,49,0,0,0,0,11,0,19,0,0,0,0,0,22,27,22,80614,80614,0,0,81266,81266,0,0,12898,12898,0,0
2024,FY,PROVIDER,IRF,230230,University Of Michigan Health-sparrow Lansing,Lansing,MI,48912,253,280,3329,18630391,7394798,7231582,7206449,400574,25,*,75,51,49,88,9,*,*,0,*,*,2.71,*,15,22,53,9,46,49,*,5,*,18,45,73,21,21,49,37,57,47,81,94,52,24,9,43,*,*,*,*,24,0,18,0,0,5,0,0,29,17,5,169359,169224,0,135,175789,175654,0,135,49911,49866,0,45
2024,FY,PROVIDER,IRF,230244,Garden City Hospital,Garden City,MI,48135,212,256,2830,12398874,5563522,5508426,5763948,0,28,0,78,45,55,75,16,*,*,0,*,*,3.06,*,22,36,49,12,47,52,*,*,7,27,53,73,20,18,61,61,61,71,90,*,71,17,6,35,*,0,*,0,37,0,7,*,0,8,*,0,29,10,5,188979,188979,0,0,142310,142310,0,0,15400,15400,0,0
2024,FY,PROVIDER,IRF,230254,Henry Ford Health Rochester Hospital,Rochester,MI,48307,339,362,3349,13861553,7490018,7432962,7880952,8390,10,4,81,41,59,90,3,*,*,0,*,*,2.17,*,13,33,47,6,45,58,5,*,5,14,45,86,19,28,49,35,47,46,94,*,60,26,9,36,*,0,*,0,26,*,11,4,*,16,*,0,4,20,13,156370,154487,270,1613,144160,141245,1235,1680,21060,21060,0,0
2024,FY,PROVIDER,IRF,230259,Chelsea Hospital,Chelsea,MI,48118,101,105,1454,6311279,2764620,2712132,2590024,42278,14,*,73,55,45,82,13,0,*,0,*,*,2.54,*,13,25,47,12,49,54,*,0,*,16,38,59,16,14,50,25,52,37,86,*,53,17,*,57,0,*,0,0,12,0,41,0,0,0,0,0,24,*,15,58622,58622,0,0,57839,57839,0,0,35120,35120,0,0
2024,FY,PROVIDER,IRF,230269,Corewell Health Beaumont Troy Hospital,Troy,MI,48085,251,282,3246,17155073,6644225,6594121,6940720,79517,12,*,77,50,50,90,*,4,0,0,*,*,2.90,*,11,24,51,8,43,46,*,*,6,14,48,75,21,27,56,37,51,53,91,95,65,21,11,43,0,0,0,0,47,0,18,0,0,*,0,0,16,11,6,160961,160751,0,210,171737,171737,0,0,59870,59870,0,0
2024,FY,PROVIDER,IRF,230270,Corewell Health Taylor Hospital,Taylor,MI,48180,481,541,6352,32416408,14161808,14061648,12849054,31593,21,*,78,43,57,80,11,*,4,0,*,*,2.73,*,15,27,48,7,47,49,3,*,4,21,42,78,13,23,53,48,56,58,92,*,63,28,7,41,0,0,*,0,11,*,14,0,0,4,0,0,39,25,6,446540,426892,630,19018,277103,256300,1845,18958,39403,39403,0,0
2024,FY,PROVIDER,IRF,230275,Healthsource Saginaw,Saginaw,MI,48603,53,61,696,1939738,1370662,1357606,1423451,0,*,30,77,49,51,91,*,0,*,0,0,*,2.00,*,*,25,55,*,47,51,*,*,*,*,47,74,*,32,42,36,38,38,*,*,51,26,*,60,0,*,0,0,*,0,36,0,0,*,0,0,*,21,*,45388,25068,20320,0,44542,38250,6292,0,7377,7377,0,0
2024,FY,PROVIDER,IRF,233026,Mary Free Bed Rehabilitation Hospital,Grand Rapids,MI,49503,431,471,6301,27736221,13639097,13411705,13333911,867538,22,6,72,53,47,84,5,3,4,*,3,*,2.81,4,20,18,50,10,50,64,3,4,3,20,39,72,16,19,45,28,48,46,88,94,46,23,6,45,*,4,*,0,8,0,29,*,*,9,*,0,10,23,14,307317,303922,1185,2210,333637,330682,615,2340,101464,100409,660,395
2024,FY,PROVIDER,IRF,233027,Rehabilitation Institute Of Michigan,Detroit,MI,48201,120,136,2048,13508740,4575315,4485403,3985537,194288,42,*,71,48,52,40,55,0,*,0,*,*,2.82,0,19,19,39,*,38,49,*,0,*,22,32,72,16,22,54,42,65,63,88,*,63,12,*,46,0,0,0,0,15,0,21,0,0,*,0,0,17,19,26,78190,76660,90,1440,75160,73585,135,1440,17520,17520,0,0
2024,FY,PROVIDER,IRF,240001,North Memorial Health,Robbinsdale,MN,55422,50,53,585,2513781,1233634,1204698,1082965,16702,26,*,71,50,50,88,*,*,*,0,0,0,1.75,*,*,*,44,*,44,44,*,*,*,*,32,46,*,*,30,24,46,36,78,*,30,*,0,62,0,0,*,0,*,0,49,0,0,*,0,0,*,25,*,25046,25046,0,0,31139,31139,0,0,11433,11433,0,0
2024,FY,PROVIDER,IRF,240004,Hennepin County Medical Center,Minneapolis,MN,55415,79,81,948,6108989,2330190,2289134,1886875,78503,34,*,71,59,41,70,14,*,*,*,*,0,2.21,*,27,29,44,*,47,59,*,*,*,18,24,61,20,*,42,15,39,20,81,86,22,*,*,35,*,*,*,0,*,0,19,*,0,*,0,0,*,32,*,42100,42100,0,0,41019,41019,0,0,19265,19265,0,0
2024,FY,PROVIDER,IRF,240010,Mayo Clinic Hospital Rochester,Rochester,MN,55902,252,263,3647,20219797,10571717,10267805,8787472,2145001,10,18,72,60,40,90,*,*,*,*,*,*,2.36,*,12,18,38,7,42,43,*,*,*,13,36,58,8,19,44,20,40,33,82,85,37,23,6,49,0,*,0,*,18,*,29,0,0,*,*,0,8,12,28,38503,38503,0,0,39500,39500,0,0,10980,10980,0,0
2024,FY,PROVIDER,IRF,240019,Essentia Health Duluth,Duluth,MN,55805,205,218,2996,11055803,6079389,6023005,5535831,1250996,17,27,75,55,45,92,*,0,*,*,*,0,2.06,*,13,15,33,5,37,42,*,*,*,20,38,59,10,21,39,20,39,32,90,92,33,12,*,65,0,*,*,*,9,0,51,0,0,*,0,0,20,11,7,120380,120350,30,0,123286,122806,480,0,80509,80234,175,100
2024,FY,PROVIDER,IRF,240036,St Cloud Hospital,Saint Cloud,MN,56303,148,158,1773,8202219,3948570,3917378,3810387,21495,22,30,73,59,41,97,0,*,*,0,*,0,2.68,*,26,18,42,8,45,50,*,*,*,27,32,59,11,23,43,32,49,37,86,90,44,19,*,50,0,0,0,*,*,0,35,0,0,0,0,0,22,23,15,92591,92591,0,0,95113,95113,0,0,16992,16992,0,0
2024,FY,PROVIDER,IRF,240038,United Hospital,Saint Paul,MN,55102,82,85,1203,7570545,2507547,2491011,2295323,80257,22,*,73,55,45,87,*,*,0,0,*,*,2.25,*,26,13,49,*,46,72,20,*,*,16,39,52,26,22,46,18,48,34,*,*,51,18,*,71,0,0,0,0,*,0,59,0,0,0,0,0,14,14,*,51280,51280,0,0,49525,49525,0,0,25800,25800,0,0
2024,FY,PROVIDER,IRF,240047,St Lukes Hospital,Duluth,MN,55805,141,146,1656,6075141,2927498,2907602,2890478,58667,12,24,77,51,49,94,*,0,*,*,*,*,1.79,*,13,18,26,*,34,42,*,*,*,18,43,61,11,16,35,22,43,43,81,91,40,18,*,34,0,0,0,0,*,0,17,0,*,*,0,0,29,29,18,92151,92151,0,0,83155,83155,0,0,14872,14872,0,0
2024,FY,PROVIDER,IRF,240057,Abbott Northwestern Hospital,Minneapolis,MN,55407,154,165,2914,20579665,6105581,5994453,5526700,766132,25,11,72,61,39,86,*,*,*,*,*,0,2.63,*,23,14,49,11,50,56,*,*,*,23,39,64,19,21,47,27,45,39,84,88,56,16,*,59,0,0,0,0,18,0,39,0,0,0,0,0,20,11,12,126388,126388,0,0,111428,111338,60,30,27503,27503,0,0
2024,FY,PROVIDER,IRF,240080,M Health Fairview University Of Mn Medical Center,Minneapolis,MN,55454,175,185,2251,18175438,5310852,5123132,4589360,218964,19,9,72,50,50,85,*,*,*,*,*,*,3.28,*,19,19,51,7,47,53,*,*,*,19,46,57,12,18,53,23,48,42,82,90,55,26,7,57,*,0,0,0,11,0,37,0,0,*,0,0,*,13,34,101361,97216,4055,90,100179,98944,1145,90,38478,38478,0,0
2024,FY,PROVIDER,IRF,240100,Sanford Bemidji Medical Center,Bemidji,MN,56601,11,11,139,577142,326894,324094,315317,39639,*,*,76,*,*,*,*,0,0,*,0,0,3.14,0,*,*,*,0,*,*,0,0,*,*,*,*,*,*,*,*,*,*,100,100,*,*,0,*,0,0,0,0,0,0,*,0,0,0,0,0,*,*,*,7126,7126,0,0,7895,7895,0,0,1683,1683,0,0
2024,FY,PROVIDER,IRF,240106,Regions Hospital,Saint Paul,MN,55101,112,118,1588,8555214,3629176,3578112,3218132,172921,21,11,69,58,42,85,*,*,*,0,*,0,2.01,*,20,19,35,12,42,52,*,*,*,21,35,45,*,23,25,17,36,25,79,87,38,14,*,70,0,*,0,0,*,0,53,0,0,*,0,0,*,16,16,64189,64189,0,0,80031,80031,0,0,34182,34182,0,0
2024,FY,PROVIDER,IRF,260006,Mosaic Life Care At St Joseph,Saint Joseph,MO,64506,304,328,3215,12851667,11763705,11660425,13061675,5662379,10,9,79,41,59,98,*,0,*,0,*,*,2.22,*,12,19,39,8,42,45,*,*,*,16,44,73,14,25,44,43,47,41,88,93,49,27,4,34,*,*,*,0,15,*,18,4,*,16,4,0,*,34,*,196673,191754,2279,2640,207048,201963,2475,2610,17630,17630,0,0
2024,FY,PROVIDER,IRF,260017,Phelps Health,Rolla,MO,65401,133,138,1398,9276997,3167843,3114547,3348901,165679,20,23,76,50,50,94,*,0,*,0,*,0,2.68,*,14,17,43,*,40,42,*,*,*,29,41,75,20,22,53,42,52,51,86,*,51,21,*,43,0,0,*,0,*,0,19,*,0,*,0,0,29,36,10,83367,67301,9096,6970,74496,58421,9105,6970,8841,8503,338,0
2024,FY,PROVIDER,IRF,260023,Mercy Hospital Jefferson,Festus,MO,63028,148,161,2110,6935978,3801376,3773032,3802888,15739,16,22,77,48,52,99,*,0,0,0,*,0,2.45,*,16,20,61,8,60,61,*,*,*,26,47,80,18,25,59,51,53,51,*,*,61,28,12,39,*,*,*,0,16,0,26,*,0,9,0,0,*,24,9,112905,105305,2540,5060,106222,96812,4425,4985,26981,26606,360,15
2024,FY,PROVIDER,IRF,260025,Hannibal Regional Hospital,Hannibal,MO,63401,226,257,2361,6250981,5190642,5129650,5566206,140820,14,31,79,36,64,98,*,0,0,0,*,*,2.19,*,11,17,46,8,48,50,*,*,*,21,49,76,13,19,50,51,52,59,88,94,56,27,*,28,0,0,0,0,9,0,6,0,0,*,*,0,70,8,5,118681,110691,421,7569,124459,115976,450,8033,6423,6423,0,0
2024,FY,PROVIDER,IRF,260027,Research Medical Center,Kansas City,MO,64132,149,157,1877,22864626,3779666,3740602,3817208,187322,12,18,76,52,48,83,13,0,*,0,*,*,2.18,*,14,11,38,13,38,40,*,*,*,24,42,62,19,21,40,33,47,41,82,*,44,26,*,48,0,*,0,0,*,0,26,0,0,*,0,0,27,24,17,73352,72157,0,1195,72527,71482,30,1015,17721,17696,0,25
2024,FY,PROVIDER,IRF,260040,Cox Medical Centers,Springfield,MO,65807,130,137,1716,7187702,2639074,2614690,3046671,145136,11,17,77,44,56,95,*,*,*,0,*,*,1.81,*,11,11,44,*,45,45,*,*,*,15,29,85,13,20,41,28,43,32,87,*,34,37,*,40,0,*,*,0,*,0,26,*,0,*,*,0,*,32,26,106329,106329,0,0,112267,112267,0,0,12473,12473,0,0
2024,FY,PROVIDER,IRF,260047,Capital Region Medical Center,Jefferson City,MO,65102,38,39,341,1014585,632138,626138,752090,6984,*,34,78,42,58,100,0,0,0,0,0,0,2.71,0,*,*,55,*,39,39,*,*,0,*,47,66,*,*,37,47,39,32,*,*,45,34,*,50,0,*,0,0,0,0,31,*,0,0,0,0,*,41,0,21818,21818,0,0,22073,22073,0,0,6053,6053,0,0
2024,FY,PROVIDER,IRF,260057,Cameron Regional Medical Center,Cameron,MO,64429,22,24,427,1377056,678580,648628,676420,160844,0,*,77,*,*,100,0,0,0,0,0,0,2.11,*,*,*,*,0,*,*,0,*,0,*,*,*,*,*,*,*,*,*,*,*,*,*,*,*,*,*,0,0,*,0,*,0,*,*,0,0,0,*,0,13211,13211,0,0,13056,13056,0,0,6014,6014,0,0
2024,FY,PROVIDER,IRF,260062,Saint Lukes North Hospital,Kansas City,MO,64154,98,106,1216,7180356,2368629,2325749,2415378,57935,*,18,76,46,54,96,*,0,0,0,0,*,1.69,*,*,22,46,*,44,49,*,*,*,16,42,62,13,21,45,34,54,38,*,*,53,22,*,57,0,0,0,0,*,0,40,0,0,0,0,0,25,22,*,63287,62322,0,965,62885,62045,0,840,29979,29979,0,0
2024,FY,PROVIDER,IRF,260068,Boone Hospital Center,Columbia,MO,65201,117,124,1500,5251998,2566018,2564386,2858012,35498,*,18,78,53,47,95,*,*,*,0,*,0,1.96,0,*,16,42,11,51,54,*,*,*,22,39,70,10,21,33,33,50,38,*,*,50,23,11,72,*,*,0,0,10,0,48,*,*,*,*,0,*,10,19,74713,74713,0,0,76591,76591,0,0,35631,35631,0,0
2024,FY,PROVIDER,IRF,260085,St Joseph Medical Center,Kansas City,MO,64114,115,126,1515,11195145,3210033,3187409,3313716,203317,10,*,80,45,55,81,18,0,*,0,*,0,2.54,*,17,43,51,*,46,48,*,*,*,17,50,75,13,22,71,31,50,54,*,*,62,23,11,37,*,0,*,*,32,*,21,*,*,9,0,0,*,17,*,72192,72067,0,125,71309,71219,0,90,45850,45850,0,0
2024,FY,PROVIDER,IRF,260094,Cox Medical Center Branson,Branson,MO,65615,96,103,1127,4401536,1963869,1937165,2025590,15142,*,29,80,51,49,99,0,*,0,0,*,0,2.12,*,12,24,35,*,39,41,0,0,*,18,45,71,*,23,45,42,41,49,86,*,56,29,*,32,0,0,*,0,*,0,11,*,*,*,*,0,12,50,*,47980,37135,10845,0,49825,42525,7300,0,5700,5550,90,60
2024,FY,PROVIDER,IRF,260095,Centerpoint Medical Center,Independence,MO,64057,172,176,2258,24570498,4420822,4358270,4422368,58031,11,*,78,48,52,88,*,*,*,0,*,*,2.37,*,11,24,39,6,43,44,*,*,*,16,45,69,13,20,49,33,53,42,91,*,51,22,6,42,0,*,0,0,7,0,19,*,0,*,0,0,20,39,10,94138,91778,150,2210,87120,84840,0,2280,23895,23745,0,150
2024,FY,PROVIDER,IRF,260096,North Kansas City Hospital,North Kansas City,MO,64116,911,1031,10274,54017703,21833090,21545290,22266587,176605,6,7,78,41,59,93,2,*,2,*,2,*,2.37,*,16,33,47,12,49,65,4,4,5,16,38,80,16,26,48,36,46,41,86,93,49,26,9,29,2,*,*,*,7,*,10,2,*,3,*,0,21,25,29,573167,561286,11819,62,550917,536523,14347,47,135076,132911,2165,0
2024,FY,PROVIDER,IRF,260108,Missouri Baptist Medical Center,Town And Country,MO,63131,87,88,1049,4401325,1891518,1883454,1932537,7948,*,*,79,56,44,86,*,0,0,0,*,0,2.66,*,*,25,47,*,48,49,*,*,*,*,43,83,14,23,56,25,37,51,*,*,67,21,18,57,*,0,0,0,15,0,40,0,0,*,0,0,14,*,24,64157,64157,0,0,64505,64505,0,0,13995,13995,0,0
2024,FY,PROVIDER,IRF,260110,Mercy Hospital Southeast,Cape Girardeau,MO,63701,200,211,2050,8272961,4053994,4006378,4677307,248076,14,25,77,46,54,96,*,0,0,0,*,0,1.93,*,14,17,50,*,48,50,*,*,6,24,44,78,10,19,36,38,47,36,83,*,40,27,*,32,*,0,*,0,19,0,21,*,0,17,0,0,6,19,9,112278,96495,11060,4723,104789,89606,10487,4696,43710,43437,150,123
2024,FY,PROVIDER,IRF,260113,Missouri Delta Medical Center,Sikeston,MO,63801,55,58,563,1961407,1078608,1059128,1063192,0,20,31,77,27,73,98,0,0,0,0,*,*,2.14,*,*,31,49,*,42,44,*,*,*,33,29,78,*,20,33,64,47,49,*,*,55,*,*,45,0,0,0,0,*,0,21,*,0,0,0,0,26,31,*,29135,15910,270,12955,28411,15011,40,13360,10775,10760,0,15
2024,FY,PROVIDER,IRF,260119,Poplar Bluff Regional Medical Center,Poplar Bluff,MO,63901,156,169,2031,16084923,4522351,4475751,4953806,687281,21,40,79,38,62,98,*,0,*,0,0,0,2.30,*,12,26,50,9,46,46,*,*,*,27,45,85,10,22,40,49,53,46,84,*,55,21,*,38,0,0,0,*,*,0,15,0,0,0,0,0,39,31,9,26527,24882,270,1375,25965,23995,595,1375,2491,2491,0,0
2024,FY,PROVIDER,IRF,260137,Freeman Health System - Freeman West,Joplin,MO,64804,194,204,2152,9792382,3376677,3334549,3976496,69557,8,20,79,48,52,93,*,0,*,*,*,*,2.32,0,7,15,43,*,44,44,*,*,*,13,45,75,10,19,42,35,48,43,90,*,51,27,6,39,*,*,*,*,*,0,20,0,0,*,0,0,15,31,29,129233,129041,0,192,129330,129138,0,192,13396,13396,0,0
2024,FY,PROVIDER,IRF,260141,University Of Missouri Health Care,Columbia,MO,65212,89,90,787,3971786,1446418,1439890,1726418,17682,*,19,77,43,57,98,*,0,0,0,0,*,1.70,0,13,15,46,*,47,51,0,*,*,18,46,71,12,18,48,33,47,40,82,*,44,25,*,46,0,*,*,0,*,0,16,*,0,*,*,0,29,39,*,51217,51217,0,0,52198,52198,0,0,9459,9459,0,0
2024,FY,PROVIDER,IRF,260180,Christian Hospital Northeast-northwest,Saint Louis,MO,63136,92,95,1131,5094573,2285995,2246547,2209593,1441,23,*,75,51,49,57,39,*,*,0,*,0,3.44,*,*,28,42,*,41,42,0,*,*,18,41,70,14,22,53,25,50,57,84,*,53,17,*,48,0,0,0,0,*,0,28,*,0,*,0,0,*,18,44,70200,69005,1195,0,71427,70926,496,5,9578,9578,0,0
2024,FY,PROVIDER,IRF,260183,Saint Francis Medical Center,Cape Girardeau,MO,63703,93,101,1218,5961602,2150958,2120894,2480232,84962,19,28,74,65,35,99,*,0,0,0,*,0,2.44,*,19,22,37,*,28,30,*,*,*,24,45,66,*,23,40,43,43,34,*,*,54,26,*,51,*,*,*,0,*,0,32,*,*,*,0,0,*,25,11,57841,54149,3692,0,61286,56991,4295,0,26571,22551,4020,0
2024,FY,PROVIDER,IRF,260193,St Mary's Medical Center,Blue Springs,MO,64014,64,73,978,7546502,2051837,2031533,2144404,374651,*,0,78,38,62,94,0,*,*,0,*,0,2.91,0,*,39,58,*,67,67,*,*,*,23,45,73,23,*,62,55,45,52,*,*,64,34,*,41,*,0,*,0,15,0,22,*,*,*,*,0,18,16,*,45545,45545,0,0,47181,47181,0,0,22501,22501,0,0
2024,FY,PROVIDER,IRF,262016,"Landmark Hospital Of Joplin, Llc",Joplin,MO,64804,29,30,368,1268927,516237,508077,645305,3900,*,*,74,59,41,93,*,0,0,*,0,0,1.54,0,*,*,48,*,38,48,*,*,*,*,48,*,*,*,45,*,*,62,*,*,62,*,*,41,0,0,0,0,*,0,40,*,0,*,0,0,*,*,*,18343,18343,0,0,19542,19542,0,0,1780,1780,0,0
2024,FY,PROVIDER,IRF,262017,"Select Specialty Hospital Springfield, Inc",Springfield,MO,65804,104,110,1436,14230267,3277458,3154914,3841383,902464,11,22,74,63,37,96,*,0,*,0,0,0,2.92,*,13,30,55,11,48,48,*,*,*,28,50,75,11,18,56,44,59,53,81,*,53,13,*,31,*,*,0,0,24,0,25,11,*,*,0,0,*,20,*,77547,77075,472,0,84570,81252,3318,0,17610,17110,500,0
2024,FY,PROVIDER,IRF,263027,Rusk Rehabilitation Ctr,Columbia,MO,65203,365,405,5238,12628404,10819280,10585544,10010777,35969,19,24,74,54,46,93,4,*,*,0,*,0,2.31,*,17,17,46,18,50,53,*,4,5,24,35,69,9,17,45,30,48,39,79,93,40,21,7,39,0,0,0,0,11,0,23,0,0,*,0,*,12,27,26,250289,188512,61657,120,225713,167438,58195,80,139039,113922,25097,20
2024,FY,PROVIDER,IRF,263028,"The Rehabilitation Institute Of St. Louis, An Affi",Saint Louis,MO,63110,973,1088,13743,34613152,28409832,27795840,25529324,24402,14,5,75,49,51,83,14,*,*,0,1,*,2.74,3,15,35,53,15,51,53,2,2,4,17,38,77,14,23,51,31,50,47,87,95,52,25,9,40,0,*,0,*,16,0,14,0,*,2,0,0,20,20,27,615527,548692,66505,330,691597,621645,69627,325,204961,188276,16685,0
2024,FY,PROVIDER,IRF,263029,Mercy Rehabilitation Hospital St Louis,Chesterfield,MO,63017,986,1120,12498,35981757,27048162,26770722,27813799,82831,8,5,79,45,55,89,7,*,*,0,2,*,2.44,2,11,27,52,9,50,53,1,2,4,15,48,78,17,26,55,29,42,49,90,95,57,31,6,32,*,*,*,0,13,0,11,*,*,7,0,0,28,31,8,734612,695276,39336,0,659581,634726,24825,30,163003,162023,980,0
2024,FY,PROVIDER,IRF,263030,St Luke's Rehabilitation Hospital,Chesterfield,MO,63017,615,699,7807,27715273,17161389,16905629,17188350,25269,6,2,80,46,54,92,5,*,*,*,*,*,2.80,2,13,36,55,11,56,59,2,2,4,16,48,84,17,24,58,35,45,51,92,96,61,28,10,30,0,0,2,*,40,0,9,*,*,6,0,0,6,16,18,434534,409721,22078,2735,444766,422035,19936,2795,77586,77556,0,30
2024,FY,PROVIDER,IRF,263031,Ssm Health Rehabilitation Hospital,Richmond Heights,MO,63117,1282,1454,17769,142451167,37497063,37029975,36785187,1021216,15,4,78,42,58,81,16,1,*,0,1,*,2.75,1,15,30,51,23,51,53,2,2,5,20,43,74,17,22,60,38,53,54,90,96,55,22,8,37,*,2,*,0,13,*,23,5,3,11,1,*,14,20,6,931653,832228,99425,0,931328,807295,124033,0,243297,236663,6634,0
2024,FY,PROVIDER,IRF,263032,Mercy Rehabilitation Hospital Springfield,Springfield,MO,65804,544,580,5938,13416647,11745986,11522306,13175515,4094,8,21,77,40,60,98,*,*,*,0,*,0,2.04,*,13,21,53,13,46,50,*,3,2,17,38,77,14,22,51,30,45,40,88,92,47,26,4,34,*,*,0,0,10,0,14,2,*,7,*,0,4,29,31,294087,286452,7305,330,300409,289909,10230,270,85685,82050,3635,0
2024,FY,PROVIDER,IRF,263034,Mercy Rehabilitation Hospital South,Saint Louis,MO,63128,653,733,7811,31100238,17510484,17365132,18137073,6236,9,6,79,43,57,97,*,*,*,0,*,*,2.33,3,14,32,54,23,51,53,3,2,4,16,45,78,14,23,57,34,46,49,90,97,57,31,8,34,*,*,*,0,20,*,13,*,*,3,0,0,17,35,10,453335,384000,69241,94,462450,419158,43292,0,97040,94351,2689,0
2024,FY,PROVIDER,IRF,250004,North Mississippi Medical Center,Tupelo,MS,38801,219,234,3523,12910523,5567818,5524754,6230704,219412,17,43,75,47,53,85,14,0,0,0,*,*,2.43,*,18,23,42,27,43,47,*,*,*,23,34,75,12,15,48,32,51,34,87,*,51,26,*,48,*,0,*,0,*,*,28,*,0,*,0,0,*,36,24,188532,154742,24530,9260,198947,179239,9478,10230,80803,54583,7075,19145
2024,FY,PROVIDER,IRF,250034,Baptist Memorial Hospital North Ms,Oxford,MS,38655,210,215,2099,11913859,4089495,4061911,4352357,113444,16,35,77,41,59,89,9,*,0,0,*,*,2.11,*,11,22,49,31,45,46,*,*,*,20,36,77,13,18,43,27,45,41,85,*,50,31,5,39,*,*,0,0,10,0,21,*,0,11,0,0,5,34,17,94528,94528,0,0,94800,94800,0,0,86550,86550,0,0
2024,FY,PROVIDER,IRF,250040,Singing River Health System,Pascagoula,MS,39581,192,206,2553,14065699,4671410,4634626,5766757,74532,8,*,78,39,61,89,9,0,*,*,0,*,2.28,*,20,25,37,*,53,55,*,*,*,28,44,67,10,20,55,36,44,41,94,*,44,22,6,33,*,0,5,0,18,0,25,*,*,9,*,0,7,22,5,138840,100605,26947,11288,136566,96640,31272,8654,40520,35931,4559,30
2024,FY,PROVIDER,IRF,250078,Forrest General Hospital,Hattiesburg,MS,39404,184,200,2872,9512415,4534675,4462587,5676481,197869,19,22,73,51,49,79,19,*,*,0,*,0,3.04,*,20,17,51,*,53,53,*,*,*,20,38,70,13,21,47,32,52,39,84,*,61,18,*,47,*,*,0,0,6,0,26,*,*,8,*,0,6,32,9,135962,93392,1260,41310,133343,87003,5045,41295,25182,25107,0,75
2024,FY,PROVIDER,IRF,250081,Anderson Rmc South,Meridian,MS,39301,175,182,1953,3984555,4046034,3988914,4340205,34189,18,29,76,47,53,73,25,*,*,*,0,0,2.45,0,12,31,43,*,46,47,*,*,*,19,38,82,19,18,46,34,46,43,86,*,45,20,10,42,0,0,0,0,6,0,24,0,0,*,0,0,23,23,23,114895,68620,46275,0,114090,66075,48015,0,9330,9330,0,0
2024,FY,PROVIDER,IRF,250082,Delta Health System - The Medical Center,Greenville,MS,38704,132,139,1683,5064449,3111330,3068346,3360530,4856,33,*,78,33,67,65,33,*,0,0,*,*,2.79,*,*,27,38,*,30,30,*,0,*,17,39,74,10,20,40,36,54,54,79,*,39,17,*,54,*,*,*,0,14,0,12,*,*,8,*,0,23,25,*,110879,93370,17509,0,105115,88222,16893,0,3086,3086,0,0
2024,FY,PROVIDER,IRF,250084,Merit Health Natchez,Natchez,MS,39120,100,111,1393,14290261,3011731,2980539,3531849,336980,26,*,80,36,64,59,38,0,*,0,*,0,2.44,*,11,34,47,*,42,42,*,0,*,18,39,78,*,26,63,35,44,65,86,100,52,30,*,37,*,0,0,0,32,0,11,0,0,23,*,0,15,13,*,44515,44515,0,0,44211,44211,0,0,7950,7950,0,0
2024,FY,PROVIDER,IRF,250141,Baptist Memorial Hospital Desoto,Southaven,MS,38671,290,315,3462,22094903,6166358,6144974,6882043,3081,12,*,78,39,61,83,15,*,*,0,0,0,2.73,0,16,26,48,8,47,48,*,*,*,24,44,78,11,23,55,37,53,53,93,*,77,30,6,46,0,*,0,0,9,0,17,0,*,*,*,0,28,36,6,216951,147437,69209,305,211257,147691,63534,32,26075,26075,0,0
2024,FY,PROVIDER,IRF,250152,Mississippi Methodist Rehab Ctr,Jackson,MS,39216,696,753,9495,25636655,16841572,16575628,18304390,8695,15,11,76,48,52,75,23,*,*,*,*,*,2.31,3,14,25,49,6,51,57,*,*,5,17,38,73,15,23,41,26,53,40,86,96,44,24,6,49,*,*,0,0,11,0,24,0,0,3,0,0,17,23,21,501021,456370,44651,0,512193,478238,33955,0,186542,181657,4885,0
2024,FY,PROVIDER,IRF,253027,"Encompass Health Rehabilitation Hospital, Partner",Gulfport,MS,39501,867,1019,11499,32555997,21645194,21200658,26528404,5555,14,1,79,45,55,88,9,*,*,*,*,*,2.44,*,16,30,45,10,42,44,2,2,4,22,47,73,10,22,49,42,48,53,91,97,57,27,7,33,0,0,0,0,44,0,9,0,*,1,0,0,11,24,10,671420,453480,217910,30,689760,459958,229742,60,70065,54630,15435,0
2024,FY,PROVIDER,IRF,270012,Benefis Hospitals Inc,Great Falls,MT,59405,147,153,1843,7646327,3266790,3223326,3627701,538,16,29,77,54,46,84,0,*,*,8,*,*,1.67,*,18,21,36,*,47,50,*,*,*,25,37,69,14,24,29,33,43,35,81,86,33,26,*,52,*,0,0,*,*,0,27,*,*,*,0,0,*,41,17,123207,105397,0,17810,89173,71645,0,17528,23083,22595,0,488
2024,FY,PROVIDER,IRF,270023,Community Medical Center,Missoula,MT,59804,119,127,1458,7357513,3069755,3047067,3160177,107043,16,39,75,60,40,91,*,*,*,*,*,*,2.28,*,16,12,39,9,42,48,*,*,*,21,39,66,*,15,45,25,39,29,82,*,43,16,*,52,*,*,0,0,10,0,37,*,*,*,0,0,9,20,13,48700,48700,0,0,44968,44968,0,0,17687,17687,0,0
2024,FY,PROVIDER,IRF,270051,Logan Health Medical Center,Kalispell,MT,59901,70,70,954,4595167,1914296,1893144,1929860,54314,*,19,76,50,50,90,*,0,0,*,*,0,1.50,*,20,17,31,*,43,44,*,*,*,23,37,59,*,19,26,27,33,36,*,*,47,*,*,64,0,0,*,0,*,0,49,*,0,*,0,0,*,29,0,36801,36801,0,0,36912,36912,0,0,22121,22121,0,0
2024,FY,PROVIDER,IRF,273025,Rehabilitation Hospital Of Montana,Billings,MT,59102,440,478,5130,18491639,11135419,10928507,11545933,15578,10,30,76,51,49,92,*,*,*,4,*,*,1.80,2,17,17,43,7,45,47,*,3,*,19,38,71,20,19,41,31,41,31,81,91,45,27,6,38,*,*,*,*,11,0,24,*,*,7,*,*,5,29,20,258687,236495,20083,2109,262382,235003,24554,2825,61516,60303,1111,102
2024,FY,PROVIDER,IRF,340004,High Point Regional Hospital,High Point,NC,27261,72,76,838,2773524,1498091,1484315,1608210,44501,*,0,76,51,49,75,21,*,0,*,*,0,2.90,*,17,19,46,*,49,50,*,*,*,26,31,61,18,25,61,44,50,28,*,*,49,32,*,49,0,0,0,0,*,0,29,*,*,*,0,0,*,25,20,48531,48513,18,0,48431,48371,60,0,11037,11037,0,0
2024,FY,PROVIDER,IRF,340015,Novant Health Rowan Medical Center,Salisbury,NC,28144,67,71,957,3735342,1652733,1642973,1710503,36535,*,0,79,46,54,90,*,0,*,0,0,0,2.13,*,*,19,48,*,52,52,0,*,*,16,39,76,18,21,57,43,51,40,*,*,42,18,*,34,0,0,0,0,42,0,23,0,0,*,0,0,*,*,20,51814,46187,5592,35,53472,48540,4897,35,3312,3312,0,0
2024,FY,PROVIDER,IRF,340027,Unc Lenoir Health Care,Kinston,NC,28501,139,148,1581,4268231,3382883,3332579,3472358,168559,17,13,79,39,61,86,12,0,0,0,*,*,2.22,*,9,28,42,*,41,49,*,*,*,17,45,76,12,24,63,36,51,55,91,*,60,24,*,40,*,*,*,*,9,0,39,*,*,*,*,*,11,22,*,77181,73080,855,3246,77932,73322,1194,3416,6235,6235,0,0
2024,FY,PROVIDER,IRF,340028,Cape Fear Valley Medical Center,Fayetteville,NC,28302,399,430,5385,16712651,8104860,7818092,8684857,63463,14,9,77,44,56,66,26,*,3,*,*,*,2.08,*,10,25,36,5,33,36,*,6,3,17,37,69,13,22,48,30,56,42,91,94,54,28,5,33,0,*,*,*,10,0,17,*,*,4,0,0,20,24,23,279164,217754,60844,566,297321,225006,72223,92,14003,14003,0,0
2024,FY,PROVIDER,IRF,340040,Ecu Health Medical Center,Greenville,NC,27834,550,587,7057,27787045,15008989,14864245,14518092,756864,16,17,75,53,47,74,23,*,*,0,*,*,2.53,*,15,24,41,8,44,47,3,5,4,28,41,65,14,21,53,34,54,47,91,97,56,21,3,51,0,*,0,*,*,0,25,*,0,5,0,0,28,26,14,351678,351678,0,0,317499,317304,195,0,86187,86187,0,0
2024,FY,PROVIDER,IRF,340047,North Carolina Baptist Hospital,Winston-salem,NC,27157,143,152,1750,9121861,3984092,3954932,3943689,421931,12,12,74,48,52,80,10,*,*,0,*,*,2.67,*,11,20,40,10,48,50,*,*,*,20,36,66,15,26,50,31,50,38,88,*,52,29,*,44,*,*,0,0,7,0,24,0,0,*,0,0,*,30,30,108810,106180,2540,90,94235,90940,3175,120,33606,33606,0,0
2024,FY,PROVIDER,IRF,340053,Novant Health Presbyterian Medical Center,Charlotte,NC,28233,76,78,1056,4093444,1832650,1815546,1926843,15833,*,0,77,47,53,84,*,0,*,0,*,*,2.39,*,*,22,54,*,49,51,*,*,*,*,39,74,18,28,50,16,45,42,*,*,51,26,*,33,0,0,0,0,24,0,27,*,*,*,0,0,*,24,15,51757,50082,1675,0,52819,49959,2860,0,8924,8924,0,0
2024,FY,PROVIDER,IRF,340061,Unc Hospitals,Chapel Hill,NC,27514,251,278,3668,15815936,7636423,7451879,6696802,189621,16,6,73,59,41,78,15,*,*,0,*,*,2.64,4,15,27,51,13,54,56,*,4,*,12,35,66,12,23,41,20,42,35,80,92,42,26,7,43,*,5,0,*,9,0,26,*,*,5,*,0,10,18,20,179585,179585,0,0,161185,161185,0,0,34050,33330,720,0
2024,FY,PROVIDER,IRF,340069,Wakemed,Raleigh,NC,27610,525,572,8857,42355097,15717890,15475194,15754302,641522,11,3,76,51,49,79,14,2,*,0,2,*,2.34,2,14,23,50,10,45,47,*,4,3,16,39,68,13,23,49,22,47,40,87,93,47,25,4,49,*,*,0,0,4,0,25,*,*,*,*,0,14,30,22,412771,409596,2695,480,415028,411870,2738,420,119217,119097,60,60
2024,FY,PROVIDER,IRF,340091,Cone Health,Greensboro,NC,27401,200,216,2882,14152266,5939979,5825187,6215792,434396,14,*,77,48,52,76,16,*,*,0,*,0,2.75,*,10,30,45,6,46,50,*,*,*,21,39,70,11,20,53,31,58,51,*,*,61,24,6,52,*,0,0,0,*,0,30,0,0,*,0,0,32,16,16,19952,19847,0,105,19130,18770,300,60,6103,6103,0,0
2024,FY,PROVIDER,IRF,340098,Atrium Health Pineville,Charlotte,NC,28210,291,311,4247,24950712,7947808,7836168,7979027,6771,5,*,77,52,48,80,11,*,*,0,*,*,2.57,*,14,31,40,8,42,46,*,*,*,14,47,63,15,25,53,27,50,41,92,95,52,25,8,47,0,*,0,0,10,0,28,4,*,*,*,0,17,20,16,234057,230774,3283,0,265855,258833,7022,0,40796,40796,0,0
2024,FY,PROVIDER,IRF,340115,Firsthealth Moore Regional Hospital,Pinehurst,NC,28374,105,110,1607,8035964,2871704,2852248,2872575,63805,*,*,78,54,46,89,*,0,*,0,0,0,2.38,*,12,13,30,*,41,43,*,*,*,13,42,76,14,27,44,33,44,43,*,*,49,27,*,46,0,*,0,0,*,0,28,0,0,*,0,0,0,25,41,77695,65026,2464,10205,73624,60509,2960,10155,10366,9771,0,595
2024,FY,PROVIDER,IRF,340116,Frye Regional Medical Center,Hickory,NC,28601,204,217,2392,14084121,4783650,4695762,5238351,121932,11,*,78,48,52,93,*,0,*,*,*,*,2.59,*,11,19,43,*,36,39,*,*,*,20,48,72,12,21,47,34,50,40,87,93,55,27,*,48,0,0,0,0,16,0,29,0,0,*,0,0,37,18,0,121839,121824,15,0,129659,129589,70,0,31744,31744,0,0
2024,FY,PROVIDER,IRF,340131,Carolina East Medical Center,New Bern,NC,28560,195,205,2387,5588206,3717034,3650634,4333853,28698,12,0,79,41,59,84,12,*,*,*,0,*,2.20,*,17,14,39,7,41,47,*,*,*,20,44,70,15,23,47,36,46,39,90,*,51,42,6,42,0,*,0,0,7,0,21,*,0,31,0,0,19,*,19,69897,69837,0,60,67540,67480,0,60,9130,9130,0,0
2024,FY,PROVIDER,IRF,340132,Maria Parham Medical Center,Henderson,NC,27536,101,105,1143,4758897,2531325,2460621,2385736,5515,23,37,76,42,58,69,27,0,*,*,0,0,2.05,*,16,26,47,*,40,44,*,*,*,21,28,72,14,20,51,28,50,42,*,*,48,24,*,47,*,*,*,0,*,0,27,*,0,*,*,0,21,29,*,38395,38395,0,0,40449,40449,0,0,11091,11091,0,0
2024,FY,PROVIDER,IRF,340141,Novant Health New Hanover Regional Medical Center,Wilmington,NC,28402,406,444,4821,18428795,9405357,9283693,9952809,271173,7,9,77,47,53,87,10,*,*,0,*,*,2.48,*,18,20,49,4,41,43,*,5,*,14,42,72,13,22,53,28,49,39,93,96,52,25,6,40,*,*,*,0,3,0,26,*,*,3,*,0,11,28,20,213096,211771,1325,0,219348,219048,300,0,41690,41690,0,0
2024,FY,PROVIDER,IRF,340143,Catawba Valley Medical Center,Hickory,NC,28602,18,18,212,617522,482764,477932,541753,81013,*,0,76,*,*,94,0,*,0,0,*,0,1.67,0,*,*,*,*,*,*,*,0,*,*,*,*,*,*,*,*,*,*,*,*,*,*,*,*,0,0,0,0,*,0,*,0,0,*,0,0,*,*,*,11525,11525,0,0,12102,12102,0,0,1722,1722,0,0
2024,FY,PROVIDER,IRF,340147,Unc Health Nash,Rocky Mount,NC,27804,268,275,3533,11246192,6149990,6057142,6487554,40720,12,5,78,40,60,78,18,0,*,0,*,*,2.27,*,9,18,46,9,43,46,*,*,*,20,37,75,9,23,56,33,50,44,94,*,50,26,5,43,*,*,*,0,*,0,28,7,*,*,*,0,7,26,21,187160,174840,6625,5695,181088,166967,8531,5590,25520,25490,0,30
2024,FY,PROVIDER,IRF,340155,Duke Regional Hospital,Durham,NC,27704,150,160,2032,6302500,3679273,3560945,3497327,82246,14,*,72,59,41,67,24,*,*,0,*,0,2.42,*,9,19,44,15,47,49,*,*,*,11,30,67,15,17,47,17,49,39,83,92,43,30,*,46,0,*,0,*,*,0,22,0,0,*,0,0,14,22,34,91141,91081,60,0,84535,84235,300,0,12927,12897,30,0
2024,FY,PROVIDER,IRF,343025,Carepartners Rehabilitation Hospital,Asheville,NC,28813,723,778,9898,24305687,17397287,17227471,18953569,122958,9,18,77,48,52,93,2,*,*,*,2,*,2.10,2,17,23,50,8,46,49,3,3,3,20,46,71,13,21,42,30,41,42,87,96,48,29,6,40,0,0,0,*,6,0,20,*,0,2,0,0,18,33,20,435740,428520,7160,60,420413,420218,60,135,56470,56275,60,135
2024,FY,PROVIDER,IRF,343026,Carolinas Rehabilitation,Charlotte,NC,28203,846,919,12959,82072703,27534267,27134699,24863311,1002288,10,*,75,52,48,81,14,2,2,*,2,*,2.59,2,17,26,49,9,50,52,1,4,2,17,44,64,12,24,49,28,49,44,87,95,51,20,6,47,*,5,0,*,5,0,25,2,*,4,*,0,19,20,19,752457,746086,5155,1216,731912,727252,3758,902,155082,152445,1855,782
2024,FY,PROVIDER,IRF,343027,Novant Health Rehabilitation Hospital,Winston-salem,NC,27103,698,782,9964,26141716,19514895,19094487,19105305,9669,12,8,77,45,55,85,11,*,*,0,2,*,2.58,2,16,29,51,11,49,52,*,3,4,23,39,77,16,21,55,36,52,42,88,97,50,26,5,45,0,*,*,0,16,0,21,*,*,3,0,0,19,20,21,487831,350747,136884,200,495105,361264,133601,240,181066,115716,65060,290
2024,FY,PROVIDER,IRF,350006,Trinity Hospitals,Minot,ND,58701,208,228,2036,7833811,4762142,4691614,4376213,23394,11,30,80,39,61,88,0,0,*,8,*,*,1.88,*,13,25,44,5,49,50,*,*,*,24,38,70,15,19,43,36,46,46,89,91,45,41,5,34,0,*,*,0,14,0,23,*,*,13,*,0,0,37,*,114548,109729,4819,0,114587,107880,6705,2,23489,23489,0,0
2024,FY,PROVIDER,IRF,350011,Sanford,Fargo,ND,58122,123,129,1580,7146507,3024801,2941857,3091580,174123,20,32,73,55,45,94,*,0,0,*,*,*,1.95,*,18,18,43,16,45,49,*,*,*,22,34,67,14,20,37,24,33,37,85,90,34,27,*,50,0,0,0,0,*,0,32,0,0,*,0,0,18,24,19,74950,74925,25,0,73027,73027,0,0,35854,35854,0,0
2024,FY,PROVIDER,IRF,353026,Pam Rehabilitation Hospital Of Fargo,Fargo,ND,58104,1027,1159,12349,43643834,25337378,24659122,27290171,1945,14,17,78,44,56,95,*,*,*,2,1,*,2.28,2,11,23,45,22,48,49,5,3,3,15,36,72,14,22,47,29,39,47,86,91,50,31,6,27,*,*,*,*,33,0,11,*,*,3,*,0,13,20,17,569037,550251,18786,0,545444,514383,31061,0,115965,115820,145,0
2024,FY,PROVIDER,IRF,353027,Altru Rehabilitation Hospital,Grand Forks,ND,58201,513,584,7290,24052773,11601708,11254484,13373294,265519,20,32,77,50,50,91,*,*,*,4,*,*,2.64,2,19,17,45,14,48,51,5,5,4,23,39,60,13,21,50,40,39,50,81,94,47,27,5,31,0,*,*,0,29,0,13,0,*,*,0,0,16,26,13,390601,270070,120471,60,380033,275613,104420,0,36418,36283,90,45
2024,FY,PROVIDER,IRF,280003,Bryan Medical Center,Lincoln,NE,68506,249,261,3336,13488716,5746047,5711119,5652157,82860,9,27,76,54,46,95,*,*,*,*,*,*,2.04,*,20,21,42,*,43,46,*,*,*,19,41,70,7,19,41,23,47,35,86,92,42,14,6,58,*,0,*,0,5,*,34,0,0,*,0,0,14,25,18,168871,165556,213,3102,169524,166283,42,3199,58452,58364,0,88
2024,FY,PROVIDER,IRF,280009,Chi Health Good Samaritan,Kearney,NE,68847,146,151,1727,8472193,3550107,3527147,3431064,55280,10,38,77,49,51,97,*,0,0,0,*,0,2.35,*,18,16,38,*,47,49,*,*,*,25,39,78,10,23,48,32,42,36,83,92,50,28,*,45,*,*,0,0,*,0,20,*,0,*,0,0,23,23,22,103924,103368,0,556,104172,103616,0,556,25448,25448,0,0
2024,FY,PROVIDER,IRF,280023,Chi Health St Francis,Grand Island,NE,68803,130,135,1659,7335987,3067761,3048401,2931327,11095,*,25,79,45,55,95,0,0,*,0,*,*,2.34,*,12,21,39,*,48,52,*,*,*,16,48,78,*,18,54,32,44,46,89,*,47,31,*,38,*,0,*,0,*,0,14,*,0,*,*,0,25,30,16,82004,82004,0,0,83790,83790,0,0,22953,22953,0,0
2024,FY,PROVIDER,IRF,280040,Methodist Hospital,Omaha,NE,68114,172,175,2518,7620151,4650119,4607191,4699339,654417,8,12,75,51,49,88,*,0,*,*,*,*,2.23,*,13,16,41,*,44,47,*,*,0,17,48,70,8,17,38,23,36,35,81,*,46,22,8,59,*,*,0,0,6,0,35,0,0,*,0,0,14,7,35,105464,105334,0,130,114833,114688,15,130,35952,35952,0,0
2024,FY,PROVIDER,IRF,280061,Regional West Medical Center,Scottsbluff,NE,69361,155,160,1850,10983347,4070576,4018544,4275970,809949,14,32,78,37,63,89,*,*,7,*,*,0,1.63,*,7,13,32,*,39,44,*,*,*,17,31,66,9,17,26,24,34,32,72,85,34,29,*,30,*,0,*,0,*,0,14,*,*,9,0,0,16,32,20,62218,61678,0,540,58425,57740,0,685,23083,23083,0,0
2024,FY,PROVIDER,IRF,280081,Chi Health Immanuel,Omaha,NE,68122,164,171,2067,8386250,4049791,4015351,3879467,37056,14,15,75,52,48,85,7,*,0,*,*,*,2.12,*,16,21,40,7,42,44,*,*,*,17,35,66,18,23,43,31,42,34,90,*,44,16,*,57,*,*,0,0,9,0,36,*,0,*,0,0,11,18,22,102710,102297,336,77,105530,105331,169,30,38340,37905,435,0
2024,FY,PROVIDER,IRF,280125,Faith Regional Health Services,Norfolk,NE,68701,86,92,971,4637585,2055222,2022742,2039774,144966,*,28,77,51,49,93,0,0,*,0,*,0,1.66,*,13,21,37,*,44,49,0,0,*,20,34,71,*,22,30,24,33,33,83,*,47,27,21,43,*,*,*,*,*,0,24,0,0,*,0,0,0,20,40,49943,49943,0,0,49776,49776,0,0,13058,13058,0,0
2024,FY,PROVIDER,IRF,282003,Madonna Rehabilitation Specialty Hospital Omaha,Omaha,NE,68118,324,347,5339,31390681,10560962,10159994,9323152,986073,10,19,72,57,43,91,*,0,*,*,*,*,2.41,*,17,16,40,8,48,51,*,*,4,17,38,69,12,16,43,29,40,38,84,93,46,17,5,55,*,*,*,0,5,0,29,*,*,*,*,0,4,24,30,213492,212033,623,836,265378,254808,9815,755,92251,90500,1614,137
2024,FY,PROVIDER,IRF,283025,Madonna Rehabilitation Hospital Lincoln,Lincoln,NE,68506,218,231,3383,17683491,6451986,6235306,6113686,672050,13,25,74,56,44,94,*,*,0,*,*,*,1.93,*,15,21,44,14,45,48,*,*,*,17,39,66,14,22,37,24,39,36,84,*,46,15,6,59,0,*,0,*,9,0,32,*,*,*,0,0,*,26,28,153952,151653,2166,133,163083,161343,1597,143,49845,48618,978,249
2024,FY,PROVIDER,IRF,300011,St Joseph Hospital,Nashua,NH,03060,249,290,3174,11337571,6582998,6427758,6563854,583519,12,*,79,43,57,94,*,*,*,0,*,*,2.64,*,17,33,55,32,49,55,*,*,4,13,41,80,19,18,54,32,38,45,90,95,57,36,11,35,0,0,0,0,*,0,11,0,0,*,*,0,44,19,24,172900,172523,0,377,176870,176493,0,377,21359,21327,32,0
2024,FY,PROVIDER,IRF,300014,Frisbie Memorial Hospital,Rochester,NH,03867,118,130,1728,15837682,3549486,3515310,3504880,487735,11,18,75,58,42,96,0,0,*,0,*,0,2.10,*,20,24,43,13,40,43,*,*,*,24,41,70,19,25,42,36,50,44,90,*,60,14,9,42,0,0,*,0,15,0,14,0,0,*,0,0,15,42,*,53801,53566,0,235,48474,48359,0,115,11282,9937,1345,0
2024,FY,PROVIDER,IRF,300019,Cheshire Medical Center,Keene,NH,03431,93,94,1446,6392471,3639727,3577975,3588739,982432,12,*,78,48,52,98,0,0,0,0,*,*,2.07,*,14,27,46,*,56,59,*,*,*,13,35,71,19,15,48,30,49,42,72,88,48,27,15,40,0,0,0,0,*,0,19,0,0,*,0,0,19,24,28,55324,54084,825,415,57452,55207,1845,400,27479,26579,900,0
2024,FY,PROVIDER,IRF,303026,Northeast Rehabilitation Hospital,Salem,NH,03079,1717,1887,22742,62291853,45096812,44575444,42860496,102260,12,2,79,45,55,94,1,*,2,*,2,*,2.17,3,16,24,54,9,47,53,2,3,2,15,41,74,17,23,44,31,40,41,88,93,47,28,9,38,*,1,*,*,8,*,20,2,*,6,*,*,12,36,14,317700,311445,4995,1260,342810,334545,7005,1260,68490,64155,4335,0
2024,FY,PROVIDER,IRF,303027,Encompass Health Rehabilitation Hospital Of Concor,Concord,NH,03301,710,774,9214,21401841,21740898,21488114,18435120,1477,14,8,77,49,51,96,*,*,*,0,2,*,2.04,2,15,23,47,5,43,45,4,5,4,19,39,64,15,20,35,28,40,39,84,91,45,26,9,40,*,*,*,0,15,0,18,*,*,4,0,0,16,29,18,366482,252839,113538,105,385614,284558,100801,255,70735,51855,18870,10
2024,FY,PROVIDER,IRF,310010,Penn Medicine Princeton Medical Center,Plainsboro,NJ,08536,145,154,2038,12770461,4511393,4456705,4066233,462469,8,0,78,54,46,73,*,13,*,0,*,*,2.14,*,*,19,42,8,41,47,*,*,*,8,42,71,18,23,37,17,48,39,89,*,50,26,12,57,0,*,0,0,8,0,33,*,*,7,0,0,*,29,16,80702,80702,0,0,47869,47779,90,0,14569,14569,0,0
2024,FY,PROVIDER,IRF,310019,St Joseph's University Medical Center Inc,Paterson,NJ,07503,185,205,2583,20903298,6371743,6319375,4710343,7771,15,0,79,43,57,84,*,*,9,0,*,*,2.29,*,15,32,44,9,46,56,*,*,*,18,45,75,15,18,41,35,50,48,*,*,62,26,10,49,*,*,*,0,9,0,28,*,0,7,0,0,14,32,*,146986,146521,60,405,125716,125191,180,345,37276,37276,0,0
2024,FY,PROVIDER,IRF,310029,Virtua Our Lady Of Lourdes Hospital,Camden,NJ,08103,192,208,2310,18196887,4669107,4621091,4408923,82118,14,*,76,53,47,75,17,*,*,0,*,0,3.03,*,9,21,46,7,41,48,*,*,*,17,48,60,17,21,48,28,56,43,94,*,62,15,*,66,0,0,0,0,0,0,43,0,0,*,0,0,10,15,31,109177,96890,12287,0,99579,93332,6247,0,19974,19974,0,0
2024,FY,PROVIDER,IRF,310034,Riverview Medical Center,Red Bank,NJ,07701,377,436,5655,52228067,12087854,11949758,10903697,358351,4,0,80,47,53,93,*,*,*,0,*,*,2.70,*,8,31,52,5,44,52,*,*,*,16,51,68,15,29,51,41,50,53,95,*,66,24,11,48,*,*,*,0,7,0,25,5,*,*,*,0,38,19,0,249776,249568,150,58,269501,265774,3570,157,92893,91971,907,15
2024,FY,PROVIDER,IRF,310052,Ocean University Medical Center,Brick,NJ,08724,566,644,8563,79217774,17972985,17767361,16161594,447062,6,0,80,44,56,94,*,*,3,0,*,*,2.58,*,10,30,50,7,48,53,2,4,3,22,52,77,19,28,53,42,50,54,95,97,67,24,11,49,3,*,*,0,10,*,27,6,*,2,*,0,25,25,0,405256,403371,1860,25,399834,397279,2555,0,111153,111093,60,0
2024,FY,PROVIDER,IRF,310108,Jfk University Medical Center,Edison,NJ,08820,686,768,11614,68842667,25140716,24901396,20698364,737447,13,*,78,49,51,74,7,9,7,0,2,2,2.45,*,9,27,42,10,40,45,*,*,5,14,44,65,16,23,44,41,63,48,95,98,68,22,11,62,*,4,2,0,10,0,40,6,*,3,*,0,11,23,*,409220,405325,60,3835,416130,411840,0,4290,165870,163560,0,2310
2024,FY,PROVIDER,IRF,313025,Kessler Rehab Center,West Orange,NJ,07052,2947,3305,43678,314072179,99259659,97583011,81918824,960390,11,*,78,47,53,82,7,3,5,0,2,1,2.37,1,11,28,47,12,45,55,4,2,5,13,42,70,16,24,43,28,50,45,93,96,58,26,7,50,1,2,1,*,10,0,24,3,2,10,2,*,10,27,9,456374,402287,53997,90,455020,403451,51523,46,116738,103387,13351,0
2024,FY,PROVIDER,IRF,313027,Lawrence Rehabilitation Hospital,Lawrenceville,NJ,08648,498,544,7873,16645981,15579630,15314918,14747417,0,13,*,77,49,51,79,12,*,4,0,2,*,2.17,*,14,28,49,7,46,55,3,3,6,16,41,66,16,22,38,28,51,39,89,94,55,20,11,49,*,*,*,0,11,0,26,6,*,5,*,0,*,25,21,352591,247368,74113,31110,338794,261665,45694,31435,69822,69387,420,15
2024,FY,PROVIDER,IRF,313029,Encompass Health Rehab Hospital Of Toms River,Toms River,NJ,08755,1618,1887,23597,59845266,53108605,52064893,46822077,77218,8,*,81,40,60,93,1,1,3,*,2,*,2.73,1,11,30,57,10,53,58,3,3,3,16,47,90,19,26,54,44,57,53,96,99,71,27,10,42,0,0,*,*,38,*,11,1,*,6,*,0,9,22,12,1258438,922157,326827,9454,1272958,993159,270904,8895,190001,183526,6475,0
2024,FY,PROVIDER,IRF,313032,"Kessler Institute For Rehabilitation,inc",Marlton,NJ,08053,651,718,8868,62946565,18428984,18152272,17423677,415491,10,0,77,46,54,84,8,2,3,*,3,*,2.16,2,11,24,46,21,41,48,*,4,3,18,37,70,19,24,43,27,47,34,93,93,51,27,5,56,*,4,*,*,5,0,28,*,*,9,*,0,12,31,8,119903,113129,6774,0,138284,119197,19087,0,33881,29537,4344,0
2024,FY,PROVIDER,IRF,313035,Encompass Health Rehab Hospital Of Tinton Falls,Tinton Falls,NJ,07724,971,1117,13478,35289397,29340362,28869634,25868318,13364,8,*,81,38,62,89,5,2,2,*,2,*,2.57,1,11,30,52,8,49,58,3,*,6,12,49,82,18,28,48,35,52,51,96,97,62,27,13,42,0,*,*,0,29,*,14,2,0,4,0,0,10,26,14,703571,521771,180910,890,553854,426371,126968,515,107452,106387,1065,0
2024,FY,PROVIDER,IRF,313036,Encompass Health Rehab Hospital Of Vineland,Vineland,NJ,08360,582,627,7958,22956275,17301195,17047563,16441280,13773,14,*,77,45,55,81,11,*,5,0,*,*,2.49,*,17,29,47,12,43,50,4,3,2,24,41,76,15,22,56,38,55,46,93,96,52,25,6,52,0,0,*,0,8,0,26,0,*,5,0,0,14,29,18,384394,260683,123116,595,411743,303641,107727,375,122634,99399,23145,90
2024,FY,PROVIDER,IRF,313038,Atlantic Rehabilitation Institute,Madison,NJ,07940,623,685,7934,26720503,18672350,18504806,16648325,0,8,*,80,42,58,86,3,5,3,0,*,*,2.13,*,11,27,46,15,39,47,3,*,4,10,36,73,13,24,42,22,40,37,92,93,52,31,9,44,*,*,0,0,8,*,21,*,0,8,*,0,19,31,11,383125,296914,71829,14382,388058,280605,92673,14780,105455,83757,21670,28
2024,FY,PROVIDER,IRF,320002,Christus St Vincent Regional Medical Center,Santa Fe,NM,87505,219,229,2677,11081243,5547920,5508912,5181520,346541,11,*,79,47,53,74,*,*,19,*,*,0,1.93,*,16,19,37,13,38,42,*,*,*,8,27,73,20,24,33,28,42,33,80,82,34,51,5,32,0,0,0,0,*,0,16,*,0,15,*,0,19,38,7,142576,119810,18703,4063,146692,140634,1385,4673,36623,29868,5705,1050
2024,FY,PROVIDER,IRF,320005,San Juan Regional Medical Center Inc,Farmington,NM,87401,155,164,1814,7510894,4062869,4019253,4196157,231613,24,11,77,46,54,58,*,0,8,32,0,*,2.33,0,10,15,20,*,32,34,0,*,*,17,22,59,12,14,35,25,50,32,79,89,40,17,*,30,*,0,0,0,7,0,18,*,*,7,*,0,7,39,13,32407,28568,1686,2153,32131,29157,1080,1894,6025,6025,0,0
2024,FY,PROVIDER,IRF,320063,Carlsbad Medical Center,Carlsbad,NM,88220,121,124,1452,11962962,3131520,3066296,3033062,111163,15,*,80,37,63,78,0,0,21,0,*,*,1.73,0,14,27,43,20,48,48,*,*,*,21,35,78,*,17,37,30,52,42,79,*,45,20,*,36,0,0,*,0,14,0,9,0,0,*,0,0,27,38,*,91856,90440,0,1416,85452,84115,0,1337,2325,2325,0,0
2024,FY,PROVIDER,IRF,323026,New Mexico Rehabilitation Center,Roswell,NM,88203,14,14,153,401315,293159,286631,271105,0,*,0,76,*,*,100,0,0,0,0,0,0,1.97,*,0,*,*,0,*,*,0,0,0,*,*,*,*,*,*,*,*,*,100,*,*,*,*,*,*,0,0,0,*,0,*,0,0,*,0,0,0,*,0,8981,5624,0,3357,9499,5927,0,3572,375,375,0,0
2024,FY,PROVIDER,IRF,323027,Encompass Health Rehabilitation Hospital Of Albuqu,Albuquerque,NM,87109,537,586,7202,17924513,13443034,13022858,13322639,10311,15,4,78,47,53,65,*,*,23,7,3,*,2.19,*,16,23,37,6,44,46,17,5,*,17,35,68,18,16,38,26,40,34,81,88,42,33,7,39,0,*,*,*,11,*,17,0,*,6,0,0,17,27,20,392030,344129,47040,861,327809,287067,39752,990,113968,89390,24453,125
2024,FY,PROVIDER,IRF,323028,Lovelace Unm Rehabilitation Hospital,Albuquerque,NM,87102,416,446,5414,49863069,12387374,12150070,10141373,1269,18,8,76,46,54,67,*,*,21,7,*,*,1.93,*,18,19,36,9,43,46,3,6,3,14,34,68,15,18,37,25,45,33,79,87,42,31,6,40,*,*,*,0,4,0,22,*,*,11,*,0,15,30,10,250225,189520,60645,60,245825,170485,75340,0,103360,100930,2430,0
2024,FY,PROVIDER,IRF,323032,"Rehabilitation Hospital Of Southern New Mexico,inc",Las Cruces,NM,88011,416,448,6242,15416813,12114537,12017345,12325201,0,14,4,79,44,56,72,*,*,26,*,*,*,2.16,*,15,28,43,6,40,45,*,5,*,19,34,73,16,19,38,33,45,42,83,94,50,30,5,38,0,*,*,3,13,*,18,*,*,9,0,0,6,35,13,284728,186443,98285,0,281279,203415,77864,0,85893,80011,5882,0
2024,FY,PROVIDER,IRF,323033,Clearsky Rehabilitation Hospital Of Rio Rancho Llc,Rio Rancho,NM,87124,441,490,6209,14456269,11692462,11393614,11997505,67690,15,5,78,44,56,71,*,*,19,5,*,*,2.28,*,24,22,36,7,44,46,7,4,2,16,35,70,18,20,44,32,44,36,79,90,38,32,5,32,0,0,*,0,31,0,13,0,*,4,0,*,11,27,13,341087,290630,49877,580,318416,276925,41001,490,70916,64143,6770,3
2024,FY,PROVIDER,IRF,290003,Sunrise Hospital And Medical Center,Las Vegas,NV,89109,529,573,7467,131924372,18748295,18642063,15018465,229061,29,4,77,48,52,70,9,5,12,*,*,*,2.62,3,26,26,44,11,42,44,2,5,7,32,44,66,20,20,51,47,57,50,88,96,53,20,8,42,*,*,*,0,35,0,10,*,*,*,*,0,16,32,5,288617,288617,0,0,243305,243305,0,0,83871,83871,0,0
2024,FY,PROVIDER,IRF,290032,Northern Nevada Medical Center,Sparks,NV,89434,80,83,945,13846850,1702040,1687792,1742107,46958,*,*,79,45,55,89,0,*,*,*,*,0,1.80,*,*,14,41,*,39,41,*,*,*,20,38,65,*,19,31,21,30,22,80,*,28,25,*,39,0,*,0,0,*,0,24,*,0,*,0,0,*,35,20,26439,26439,0,0,25866,25866,0,0,13725,13725,0,0
2024,FY,PROVIDER,IRF,290039,Mountainview Hospital,Las Vegas,NV,89128,885,1032,13641,196460344,31074185,30881449,25573472,287994,18,*,79,46,54,72,12,4,9,*,*,2,2.86,2,22,33,47,9,44,46,3,3,5,23,51,70,19,25,62,45,60,57,90,98,60,22,10,38,*,*,*,*,28,0,11,2,*,2,*,*,26,19,8,706953,706953,0,0,703444,703444,0,0,147299,147299,0,0
2024,FY,PROVIDER,IRF,290046,Spring Valley Hospital Medical Center,Las Vegas,NV,89118,786,877,11221,184003888,24197392,23994960,20723024,394607,18,*,78,45,55,72,10,5,8,*,2,*,2.52,2,21,30,46,9,44,47,1,2,4,21,45,74,16,18,56,39,54,52,89,97,55,23,7,35,0,0,0,*,16,0,12,2,0,4,0,0,24,27,15,464163,464163,0,0,472627,472627,0,0,43196,43196,0,0
2024,FY,PROVIDER,IRF,290049,Renown South Meadows Medical Center,Reno,NV,89521,536,576,7060,39594047,13103183,12982847,13228735,43211,13,11,78,48,52,88,*,*,5,2,*,*,2.10,*,17,20,30,9,37,40,*,2,3,16,40,65,15,20,45,31,40,38,86,94,47,27,5,41,*,2,*,0,15,0,23,*,*,7,*,0,3,37,9,337935,337515,420,0,316745,316415,330,0,117868,117703,165,0
2024,FY,PROVIDER,IRF,292002,Kindred Hospital - Las Vegas (sahara Campus),Las Vegas,NV,89146,109,113,1259,5334695,3092328,2964888,2691690,0,49,*,73,48,52,56,14,*,25,*,*,0,3.27,*,39,28,56,15,47,52,*,*,13,43,50,66,17,15,59,49,60,53,83,*,62,26,10,36,*,0,*,0,43,0,*,*,*,*,*,0,*,17,*,53576,52723,296,557,49063,47903,579,581,38752,37627,1065,60
2024,FY,PROVIDER,IRF,293026,Encompass Health Rehabilitation Hospital Of Lv,Las Vegas,NV,89102,681,792,9763,30702053,23746840,22945392,18526699,240474,49,*,74,50,50,55,21,4,16,*,*,2,3.23,3,35,33,65,19,61,63,5,8,16,37,37,74,20,16,53,49,64,52,89,97,55,17,7,38,0,*,0,*,39,0,13,*,0,4,0,*,21,15,8,548687,506553,42134,0,531672,492174,39498,0,68913,67632,1281,0
2024,FY,PROVIDER,IRF,293032,Encompass Health Rehabilitation Hospital Of Hender,Henderson,NV,89052,960,1199,14501,41323377,34244044,33341484,27949439,0,21,1,78,43,57,75,8,6,8,*,1,*,2.99,3,25,35,55,15,65,67,3,6,9,23,50,73,20,23,59,45,59,55,89,98,58,22,10,38,0,*,0,*,34,0,18,6,*,5,0,0,15,15,7,794571,691630,102873,68,713307,639968,73336,3,84318,83293,1025,0
2024,FY,PROVIDER,IRF,293033,Encompass Health Rehab Hospital Of Desert Canyon,Las Vegas,NV,89148,673,808,10361,30962031,24454840,23924440,20063573,57335,23,*,76,48,52,69,11,6,9,*,*,2,3.13,2,28,32,56,9,52,54,3,5,8,26,51,74,20,19,59,46,60,55,90,98,59,21,11,37,*,0,0,0,34,*,16,2,*,4,0,*,16,16,11,492200,473155,19045,0,538159,465707,72447,5,68755,67075,1680,0
2024,FY,PROVIDER,IRF,293034,Pam Rehabilitation Hospital Of Centennial Hills,Las Vegas,NV,89149,938,1154,13141,47966358,33519350,32515462,28403221,6009,35,*,75,45,55,64,18,5,9,*,*,2,3.37,2,30,37,61,16,59,62,5,7,13,32,44,71,21,17,56,50,63,52,90,99,61,21,9,41,0,*,*,*,43,0,15,1,*,4,0,*,15,14,5,666966,662683,4283,0,674936,668941,5995,0,56506,56266,240,0
2024,FY,PROVIDER,IRF,293035,Dignity Health Rehabilitation Hospital,Henderson,NV,89052,1135,1311,15509,129370576,38277422,37779702,32575233,413290,13,1,79,45,55,80,6,5,7,*,*,1,2.65,3,20,31,44,9,46,49,2,3,5,18,45,68,18,22,58,42,56,49,92,97,58,22,9,37,*,*,0,0,35,0,11,1,*,2,*,0,17,11,22,840226,771870,68356,0,774565,705790,68775,0,209525,204745,4780,0
2024,FY,PROVIDER,IRF,330005,Kaleida Health,Buffalo,NY,14210,82,87,1495,7027576,2717303,2662959,2495934,329694,16,*,75,54,46,82,*,0,*,*,*,0,2.39,0,17,17,48,*,38,39,*,*,*,20,40,66,16,22,55,29,54,40,*,*,46,*,*,62,0,0,*,0,14,0,46,0,0,*,0,0,32,*,*,66493,46953,19540,0,66615,48369,18054,192,13526,13526,0,0
2024,FY,PROVIDER,IRF,330013,Albany Medical Center Hospital,Albany,NY,12208,85,85,1045,5224652,1792675,1773195,1971415,184964,19,*,75,48,52,81,*,0,*,0,*,*,2.60,0,18,21,42,13,36,44,*,*,*,*,36,49,14,14,42,31,45,39,87,*,59,*,*,48,0,0,0,0,*,0,18,0,0,*,0,0,35,25,20,46497,45547,950,0,46762,45877,885,0,5550,5550,0,0
2024,FY,PROVIDER,IRF,330014,Jamaica Hospital Medical Center,Jamaica,NY,11418,19,19,246,1010614,623080,619440,469780,53778,*,0,73,*,*,*,*,*,*,0,0,*,1.80,0,*,*,*,*,*,*,0,0,*,*,*,*,*,*,*,*,*,*,*,100,*,*,0,*,0,0,0,0,0,0,*,0,0,0,0,0,*,*,0,*,*,*,*,*,*,*,*,*,*,*,*
2024,FY,PROVIDER,IRF,330024,Mount Sinai Hospital,New York,NY,10029,201,213,3804,41572326,10410677,10036157,7135511,1472967,28,*,75,56,44,65,16,*,8,0,*,*,2.47,*,8,29,35,7,37,45,*,*,*,9,38,63,13,24,39,25,48,40,87,91,52,23,8,52,0,*,0,0,12,0,21,0,0,*,0,0,54,8,*,29885,27980,1905,0,34405,32795,1610,0,4245,4245,0,0
2024,FY,PROVIDER,IRF,330027,Nassau University Medical Center,East Meadow,NY,11554,114,125,1480,12179737,5314581,5292269,3082311,0,20,0,81,41,59,84,12,*,*,0,0,*,2.11,*,11,30,39,11,42,47,*,*,*,12,41,76,12,19,37,24,55,47,89,*,58,21,*,51,0,0,0,0,*,0,19,*,0,*,*,0,*,44,20,82640,82640,0,0,81385,81385,0,0,6525,6525,0,0
2024,FY,PROVIDER,IRF,330044,Wynn Hospital,Utica,NY,13502,87,90,1053,4512681,2072343,2070743,2249553,147493,15,*,78,46,54,95,*,0,0,0,*,0,1.76,*,13,15,45,*,40,49,*,*,*,13,52,66,*,23,43,40,48,44,*,*,46,17,*,75,0,0,0,0,*,0,58,0,0,*,0,0,13,12,*,58375,58140,150,85,59598,59448,90,60,7994,7934,0,60
2024,FY,PROVIDER,IRF,330046,Mount Sinai West,New York,NY,10019,187,197,2896,29563465,7907951,7869279,6139780,2255985,17,*,79,36,64,74,12,*,7,0,*,*,1.80,*,12,24,39,6,37,43,6,*,*,10,24,71,19,25,25,18,33,27,85,86,44,37,*,37,*,0,0,0,*,0,13,0,0,*,0,0,11,37,37,52065,52065,0,0,51825,51825,0,0,1940,1940,0,0
2024,FY,PROVIDER,IRF,330047,St Mary's Healthcare,Amsterdam,NY,12010,85,91,1326,5204884,2303006,2253230,2242891,66256,35,*,79,34,66,93,*,*,*,0,*,0,2.02,*,18,25,58,*,49,61,*,*,*,*,33,71,13,18,46,34,39,39,87,86,41,32,*,22,0,0,0,0,*,0,*,0,*,35,0,0,0,35,12,65760,65730,0,30,64104,64074,0,30,14220,14220,0,0
2024,FY,PROVIDER,IRF,330049,Northern Dutchess Hospital,Rhinebeck,NY,12572,95,100,1397,5093194,3126899,3101155,2436237,0,12,*,78,45,55,86,*,*,*,0,*,*,1.98,*,14,23,55,*,51,54,*,*,*,*,42,65,15,26,29,26,44,34,*,*,52,20,*,58,*,0,0,*,*,0,44,0,*,*,0,0,0,21,25,41239,41029,210,0,47824,47659,165,0,9430,9430,0,0
2024,FY,PROVIDER,IRF,330056,Brooklyn Hospital Center - Downtown Campus,Brooklyn,NY,11201,38,40,484,5877060,1334263,1332631,998911,66998,66,*,77,42,58,*,63,*,*,0,0,0,2.65,*,*,34,32,*,45,55,0,*,*,*,*,63,*,*,55,*,*,*,*,*,50,*,*,58,0,0,*,0,*,0,*,0,0,*,0,0,*,*,*,20220,20220,0,0,19080,19080,0,0,2070,2070,0,0
2024,FY,PROVIDER,IRF,330059,Montefiore Medical Center,Bronx,NY,10467,54,58,767,9573250,2212418,2183210,1344254,6403,31,0,72,54,46,33,26,*,26,0,*,*,3.01,0,*,30,37,*,33,43,*,*,*,*,30,61,*,31,44,20,61,35,*,*,56,24,*,50,0,0,0,0,*,0,28,0,0,0,0,0,29,*,21,33935,33905,30,0,32945,32855,90,0,10377,10377,0,0
2024,FY,PROVIDER,IRF,330101,New York-presbyterian Hospital,New York,NY,10065,455,476,5734,99574650,18464306,18231282,13514967,2195233,28,*,75,55,45,64,17,7,7,*,4,*,2.87,3,11,26,41,8,42,46,3,*,4,12,40,73,19,23,46,27,55,42,88,94,55,22,11,51,0,*,*,0,6,0,25,*,*,2,*,0,24,14,25,259768,258958,720,90,268611,268611,0,0,38677,38677,0,0
2024,FY,PROVIDER,IRF,330102,Kenmore Mercy Hospital,Kenmore,NY,14217,88,91,1555,5403651,2944610,2933682,2692975,111172,18,*,77,45,55,85,*,0,*,0,*,*,2.08,0,14,19,51,*,47,49,0,*,*,20,48,68,17,26,56,35,47,47,86,*,61,18,*,59,*,0,0,0,13,0,44,0,0,0,0,0,22,*,*,57875,57090,45,740,59117,58297,0,820,27960,27960,0,0
2024,FY,PROVIDER,IRF,330126,Garnet Health Medical Center,Middletown,NY,10940,280,302,3953,29195029,9721329,9628153,7692392,174419,15,*,79,40,60,88,4,*,4,0,*,*,2.69,*,14,18,44,*,39,42,*,4,*,14,35,86,19,30,51,44,48,45,91,93,60,23,9,43,0,0,0,0,13,0,16,0,0,*,0,0,25,26,17,231159,200669,8395,22095,227092,191489,13348,22255,19730,19730,0,0
2024,FY,PROVIDER,IRF,330127,Jacobi Medical Center,Bronx,NY,10461,30,30,372,2897769,1064507,1049883,687937,4289,60,0,75,63,37,*,37,*,*,0,0,*,1.84,0,*,*,*,*,*,40,*,*,*,*,*,40,*,*,*,*,63,*,*,*,47,*,*,57,0,0,0,0,0,0,43,0,0,0,0,0,*,*,*,20295,20295,0,0,20004,20004,0,0,1126,1126,0,0
2024,FY,PROVIDER,IRF,330128,Elmhurst Hospital Center,Elmhurst,NY,11373,26,26,330,2273341,1365307,1357211,1078125,475809,*,0,74,54,46,46,*,*,*,0,*,0,2.24,0,*,*,*,*,*,*,0,*,*,*,*,*,*,*,50,*,50,*,*,*,*,*,0,46,0,0,*,0,0,0,*,0,0,*,0,0,*,50,0,12290,12290,0,0,11565,11565,0,0,30,30,0,0
2024,FY,PROVIDER,IRF,330157,Samaritan Medical Center,Watertown,NY,13601,118,123,1251,5991573,2442682,2403770,2538635,166717,23,*,82,37,63,98,*,0,0,0,*,0,2.56,*,14,25,38,11,44,46,*,0,*,13,53,68,16,23,57,42,42,55,91,*,42,38,*,32,*,0,*,0,15,0,13,*,0,10,*,0,11,41,*,94219,92854,0,1365,75800,74252,0,1548,5806,5806,0,0
2024,FY,PROVIDER,IRF,330160,Staten Island University Hospital,Staten Island,NY,10305,187,193,2447,19446001,12516204,12468188,9845528,5094104,22,*,80,42,58,90,*,*,6,0,*,*,2.16,0,9,25,36,*,36,40,*,*,*,13,44,82,17,21,43,36,69,49,*,*,62,23,7,62,0,*,0,0,6,*,26,0,0,*,0,0,9,50,6,88990,88990,0,0,89715,89715,0,0,11825,11825,0,0
2024,FY,PROVIDER,IRF,330181,Glen Cove Hospital,Glen Cove,NY,11542,712,786,10912,135565362,25609357,25092757,18700768,330617,16,*,77,52,48,77,8,6,4,*,5,*,2.38,2,12,29,47,11,40,51,3,*,6,11,38,74,12,23,34,26,48,35,91,93,57,25,16,55,*,*,0,*,15,0,25,*,*,2,0,0,7,23,26,287543,287513,30,0,213255,213255,0,0,118655,118655,0,0
2024,FY,PROVIDER,IRF,330199,Metropolitan Hospital Center,New York,NY,10029,54,56,830,6386334,2817544,2809040,2020507,223037,56,0,77,57,43,37,39,*,*,0,*,*,2.83,*,*,39,30,*,44,56,*,*,*,*,48,61,*,*,48,20,59,33,*,*,56,*,*,78,0,0,0,0,0,0,54,0,0,0,0,0,*,*,34,34508,34508,0,0,31265,31265,0,0,4922,4922,0,0
2024,FY,PROVIDER,IRF,330202,Kings County Hospital Center,Brooklyn,NY,11203,35,35,559,4202808,1470609,1465745,952613,80257,60,0,71,34,66,*,74,*,0,0,*,0,1.70,0,*,*,*,0,*,*,0,*,*,*,*,63,*,*,46,*,60,49,*,*,*,*,0,66,0,0,0,0,*,0,54,0,0,*,*,0,0,31,0,17290,17290,0,0,17905,17905,0,0,1405,1405,0,0
2024,FY,PROVIDER,IRF,330204,Bellevue Hospital Center,New York,NY,10016,46,49,863,6826889,2433240,2412936,1558665,184706,59,0,74,48,52,41,33,*,*,0,*,0,1.94,*,*,*,37,*,41,50,*,*,*,*,37,59,*,*,26,*,50,37,*,*,48,*,*,72,0,0,0,0,0,0,49,0,0,0,0,0,*,31,*,25345,24955,90,300,26350,25690,330,330,4215,4125,0,90
2024,FY,PROVIDER,IRF,330214,Nyu Langone Hospitals,New York,NY,10016,757,826,11429,157734814,37590600,37136104,28713030,9110556,23,*,77,53,47,77,8,5,4,0,3,2,2.70,3,9,30,38,8,39,48,3,2,4,10,44,77,15,24,50,34,52,47,93,93,63,31,9,51,*,1,*,0,9,0,24,1,*,2,*,0,15,18,27,281168,279498,1220,450,252839,250769,1635,435,96023,93278,2265,480
2024,FY,PROVIDER,IRF,330219,Erie County Medical Center,Buffalo,NY,14215,33,36,824,3147879,1547814,1491958,1367186,297067,*,*,70,55,45,82,*,*,*,0,0,0,2.70,*,39,*,52,*,52,52,*,*,*,*,36,67,*,*,55,36,52,39,*,*,42,*,0,*,0,0,0,0,*,0,0,0,0,0,0,0,*,69,*,26399,26399,0,0,26903,26903,0,0,3590,3590,0,0
2024,FY,PROVIDER,IRF,330226,Unity Hospital Of Rochester,Rochester,NY,14626,71,76,1038,4531975,1952102,1910614,1869143,0,31,*,72,48,52,72,18,0,*,0,*,*,2.08,*,*,*,45,*,42,45,*,*,*,20,30,62,23,*,42,23,54,38,*,*,39,*,*,56,0,0,0,0,32,0,38,*,0,*,0,0,*,*,*,37875,37875,0,0,31170,31170,0,0,12660,12660,0,0
2024,FY,PROVIDER,IRF,330234,Westchester Medical Center,Valhalla,NY,10595,193,201,2838,40178956,6906584,6798904,5146654,383487,27,*,76,48,52,78,7,*,*,0,6,0,2.62,*,9,23,44,10,42,48,*,*,6,14,41,66,12,23,39,36,54,38,88,91,61,21,11,51,0,0,0,*,*,0,26,0,0,*,0,0,36,24,8,96368,96368,0,0,96294,96294,0,0,20251,20251,0,0
2024,FY,PROVIDER,IRF,330241,University Hospital S U N Y Health Science Center,Syracuse,NY,13210,114,122,1848,22704441,4691478,4661102,3884462,123762,15,*,75,55,45,90,*,0,*,*,*,*,2.23,*,18,22,46,10,39,45,*,*,*,18,31,63,12,20,32,36,36,27,80,*,42,23,*,54,0,*,0,0,*,0,37,0,0,*,0,0,*,29,18,77987,77987,0,0,73601,73601,0,0,30747,30747,0,0
2024,FY,PROVIDER,IRF,330246,St Charles Hospital,Port Jefferson,NY,11777,629,675,8344,65057055,21843555,21656363,15221017,33353,11,0,77,45,55,89,3,*,3,0,2,*,1.92,*,11,22,49,11,49,58,4,2,3,14,37,77,17,24,39,29,49,36,93,94,63,27,8,52,*,*,*,0,4,0,30,*,0,2,0,0,10,27,25,435291,426716,8515,60,277820,276230,1590,0,81952,81952,0,0
2024,FY,PROVIDER,IRF,330259,Mercy Medical Center,Rockville Centre,NY,11570,386,419,6131,50208334,16213529,16067137,11054126,16046,21,0,79,46,54,75,15,*,4,0,*,*,2.32,*,10,33,39,5,42,46,5,*,5,11,43,81,19,26,53,32,59,46,93,95,65,24,10,54,*,*,0,0,8,*,38,*,0,5,0,0,7,25,12,293960,272220,21380,360,297105,284235,12510,360,51215,51215,0,0
2024,FY,PROVIDER,IRF,330261,Phelps Hospital,Sleepy Hollow,NY,10591,136,145,2074,19080840,5049382,4994486,3872138,145261,14,0,80,51,49,84,8,*,*,0,*,0,2.44,*,10,29,43,*,54,59,*,*,*,*,43,72,15,29,43,30,45,35,89,*,56,29,*,49,0,0,0,0,*,0,20,0,0,*,0,0,0,26,45,59863,59848,0,15,57870,57855,0,15,5305,5305,0,0
2024,FY,PROVIDER,IRF,330285,Strong Memorial Hospital,Rochester,NY,14642,65,71,1361,5454093,2321109,2133413,2136877,338167,29,*,71,68,32,75,*,*,*,0,*,0,3.10,0,17,31,43,*,40,45,*,*,*,17,35,66,*,18,38,31,49,35,*,*,38,*,*,52,0,*,0,0,*,0,27,0,*,0,0,0,*,15,37,44167,42877,495,795,44417,42877,270,1270,12700,11230,1005,465
2024,FY,PROVIDER,IRF,330307,Cayuga Medical Center At Ithaca,Ithaca,NY,14850,58,60,781,2839330,1898026,1889498,1802589,312010,*,*,80,52,48,100,0,0,0,0,0,0,1.68,0,*,*,33,*,45,45,*,*,0,*,40,74,*,19,45,31,36,43,81,*,52,24,*,33,*,*,*,0,*,0,28,*,*,*,0,0,0,35,0,38835,36234,34,2567,37916,35349,0,2567,3119,3119,0,0
2024,FY,PROVIDER,IRF,330350,Suny Health Science Center At Brooklyn University,Brooklyn,NY,11203,36,36,502,4913057,2030301,2021797,1524187,297616,61,0,72,58,42,*,81,0,*,0,*,0,3.15,0,*,*,*,*,*,*,*,*,0,*,*,56,*,*,56,*,*,31,*,100,44,*,*,67,0,0,0,0,*,0,53,0,0,0,0,0,*,*,*,16435,16435,0,0,14705,14705,0,0,2480,2480,0,0
2024,FY,PROVIDER,IRF,330394,"United Health Services Hospitals, Inc",Binghamton,NY,13903,96,98,1344,3616306,2168854,2155926,2375985,118698,16,14,75,45,55,92,*,0,*,0,*,0,1.41,0,*,15,42,*,34,35,*,*,*,18,29,67,19,23,28,30,27,35,89,*,45,23,*,46,0,*,0,0,*,0,20,*,*,*,0,0,0,23,41,68513,68288,225,0,69660,69570,0,90,9845,9845,0,0
2024,FY,PROVIDER,IRF,330405,Helen Hayes Hospital,West Haverstraw,NY,10993,298,342,5084,22744921,13276862,13132838,10073876,1485715,11,*,78,51,49,84,7,*,*,*,4,*,2.05,*,10,25,43,12,40,50,8,*,7,14,47,74,18,20,39,34,47,47,92,96,60,20,10,57,*,*,*,*,20,0,36,6,*,5,*,*,0,19,7,206265,192795,13470,0,202931,168791,34140,0,96610,96610,0,0
2024,FY,PROVIDER,IRF,330406,Sunnyview Hospital And Rehabilitation Center,Schenectady,NY,12308,578,628,8800,30007076,15231099,15087515,16753450,207894,20,5,78,46,54,90,3,*,*,*,3,*,2.13,3,13,22,46,7,46,50,*,2,3,18,48,60,15,20,42,34,41,43,89,94,55,28,5,55,0,0,0,0,5,0,30,0,0,*,0,0,31,30,3,413540,380870,32460,210,406320,374150,32050,120,140040,138240,1800,0
2024,FY,PROVIDER,IRF,333030,Winifred Masterson Burke Rehabilitation Hospital,White Plains,NY,10605,1487,1653,21840,83963600,62543219,61976531,38147157,197499,15,*,78,43,57,76,11,3,6,0,3,1,2.07,3,10,24,44,8,42,46,3,2,4,11,37,76,16,24,40,29,44,36,89,93,53,27,8,40,*,2,*,0,7,*,21,5,*,8,*,0,9,23,25,1095625,997970,97220,435,1083311,1010946,71495,870,234855,234090,60,705
2024,FY,PROVIDER,IRF,360001,Mercy Health-anderson Hospital,Cincinnati,OH,45255,144,153,1843,7966475,3470401,3455841,3555670,0,8,*,77,52,48,97,0,*,*,0,*,*,2.49,*,10,28,42,17,49,52,*,*,*,21,48,72,17,25,53,37,54,53,*,*,68,22,*,49,0,*,*,0,17,0,25,0,0,*,0,0,21,14,18,85596,74692,0,10904,86979,76145,0,10834,47460,47130,0,330
2024,FY,PROVIDER,IRF,360008,Southern Ohio Medical Center,Portsmouth,OH,45662,248,281,3016,12300312,6445105,6364193,6336301,26640,21,11,77,42,58,99,*,0,0,0,0,*,2.41,*,17,25,52,10,47,50,*,*,*,18,50,72,15,24,59,45,57,59,82,96,65,31,5,33,*,*,0,0,14,0,15,*,*,9,*,0,11,28,21,170685,149739,16968,3978,186005,173851,8506,3648,13466,13466,0,0
2024,FY,PROVIDER,IRF,360009,Lima Memorial Health System,Lima,OH,45804,167,186,1871,6006514,3585562,3538362,3880972,9158,9,17,79,50,50,89,*,0,*,0,*,*,2.60,*,8,26,56,7,43,44,*,0,*,22,46,75,*,19,49,40,55,53,90,*,70,20,8,35,0,*,*,0,22,0,23,*,0,*,*,0,12,16,17,104828,104828,0,0,105964,105964,0,0,19427,19427,0,0
2024,FY,PROVIDER,IRF,360010,Union Hospital,Dover,OH,44622,76,84,961,4790831,2343767,2315727,2659421,498920,14,*,78,57,43,95,*,0,*,0,*,0,2.40,*,*,18,49,*,46,49,0,0,*,24,58,68,16,21,49,49,53,46,*,*,61,22,*,37,0,*,*,0,*,0,17,*,0,*,*,0,15,27,21,55739,55739,0,0,56389,56389,0,0,3439,3439,0,0
2024,FY,PROVIDER,IRF,360016,The Jewish Hospital-mercy Health,Cincinnati,OH,45236,160,175,1848,8748175,3733533,3694117,3888837,67502,12,*,76,51,49,87,12,0,*,0,*,0,2.37,*,12,21,44,11,52,54,*,*,*,18,40,74,14,19,42,31,42,47,88,92,54,29,8,44,0,0,0,0,13,0,18,0,0,*,0,0,23,15,28,106910,88109,0,18801,107350,88249,0,19101,25136,25136,0,0
2024,FY,PROVIDER,IRF,360025,Firelands Regional Medical Center,Sandusky,OH,44870,270,289,3552,9797224,6765952,6684848,6866839,274436,10,0,78,41,59,92,6,*,*,0,*,0,2.41,*,8,19,39,*,43,44,*,*,*,16,40,84,10,22,47,26,41,35,88,94,43,33,7,41,*,*,0,*,15,*,16,*,4,12,*,0,*,28,15,186194,156526,0,29668,184266,154328,60,29878,44292,43197,645,450
2024,FY,PROVIDER,IRF,360032,Grand Lake Health System,Saint Marys,OH,45885,25,25,310,871530,743095,736567,852777,200490,*,0,75,48,52,96,0,0,0,0,*,*,1.75,*,*,*,*,*,*,*,*,0,0,*,44,*,*,*,*,*,44,*,*,*,*,*,0,*,0,0,0,0,0,0,48,0,0,0,0,0,0,*,*,17920,17920,0,0,17459,17459,0,0,4262,4262,0,0
2024,FY,PROVIDER,IRF,360036,Wooster Community Hospital,Wooster,OH,44691,81,85,1135,3397826,2051165,2015517,2052574,36566,*,*,79,46,54,83,0,0,*,0,16,*,1.71,0,*,23,48,*,60,60,*,*,0,15,36,78,14,17,49,22,37,27,85,*,35,15,14,38,0,*,*,*,*,*,19,0,*,*,*,0,0,33,27,55937,55937,0,0,55117,55117,0,0,21683,21683,0,0
2024,FY,PROVIDER,IRF,360040,Knox Community Hospital,Mount Vernon,OH,43050,68,73,768,2998217,1656663,1622519,1785046,175233,*,*,77,50,50,97,0,0,0,0,*,*,1.77,0,*,21,37,*,46,50,0,0,*,26,32,63,*,19,37,32,46,35,82,*,53,19,*,46,0,*,0,*,*,0,26,0,0,*,*,0,26,22,*,33324,33264,0,60,34707,33840,0,867,15765,15375,0,390
2024,FY,PROVIDER,IRF,360041,Parma Community General Hospital,Parma,OH,44129,129,136,1317,5681042,3337771,3281739,3573388,56172,*,0,78,46,54,92,0,*,*,0,*,0,2.11,*,15,16,42,*,40,40,*,*,*,12,37,71,17,23,49,31,51,39,*,*,55,22,*,38,*,*,0,0,*,0,21,*,0,0,*,0,12,35,28,82479,78964,0,3515,81370,77855,0,3515,10143,10143,0,0
2024,FY,PROVIDER,IRF,360054,Holzer Medical Center,Gallipolis,OH,45631,184,211,2630,9141911,5406243,5355595,5405093,154088,26,54,79,40,60,97,*,0,*,0,*,0,2.90,*,11,30,66,11,65,68,*,*,*,28,49,87,19,23,57,47,53,59,90,*,61,34,8,37,0,0,0,0,9,0,14,*,*,*,*,0,41,18,11,142058,142058,0,0,148961,148961,0,0,11341,11341,0,0
2024,FY,PROVIDER,IRF,360056,Mercy Health - Fairfield Hospital,Fairfield,OH,45014,139,145,1612,6865757,3055792,3028928,3155280,5322,*,*,79,46,54,92,*,*,*,0,*,0,2.45,*,*,29,41,10,42,42,*,*,*,14,50,78,19,17,43,30,53,52,*,*,68,23,*,45,0,*,*,0,*,0,22,0,0,*,0,0,21,28,21,86716,77051,0,9665,87716,78051,0,9665,23918,23918,0,0
2024,FY,PROVIDER,IRF,360059,Metrohealth System,Cleveland,OH,44109,117,131,2179,11802314,4382752,4327392,4678247,753630,28,0,71,63,37,64,22,*,*,0,*,*,2.43,*,33,23,45,*,38,50,*,*,*,27,30,61,14,22,29,38,51,40,91,*,44,9,*,53,0,*,*,0,11,0,27,*,0,*,0,0,*,31,20,99248,98074,78,1096,76832,75469,135,1228,38399,37792,10,597
2024,FY,PROVIDER,IRF,360064,Mh St Elizabeth Youngstown Hospital,Youngstown,OH,44501,106,112,1529,8352646,2401776,2390384,2802207,43469,*,0,77,58,42,92,*,*,*,0,*,0,1.87,0,12,19,40,*,42,44,*,*,*,23,38,78,11,12,48,26,59,35,87,*,43,17,*,61,0,0,0,0,*,0,38,0,0,0,0,0,*,30,23,70070,50102,19555,413,78314,62849,15325,140,21095,11718,4415,4962
2024,FY,PROVIDER,IRF,360066,Mercy Health-st Rita's Medical Center,Lima,OH,45801,220,250,3052,16538323,5239870,5193334,5755035,13535,9,20,77,50,50,91,*,*,*,0,*,0,2.25,*,9,18,50,6,52,55,*,*,*,16,46,80,11,25,50,38,55,55,87,95,65,22,8,49,*,0,0,0,*,0,23,*,0,*,0,0,20,29,20,184228,184228,0,0,182545,182545,0,0,53992,53992,0,0
2024,FY,PROVIDER,IRF,360068,Toledo Hospital The,Toledo,OH,43606,350,383,4840,26192041,8307910,8189134,9115277,624431,6,*,77,48,52,91,*,*,*,*,3,*,2.31,*,9,16,49,4,44,47,*,*,*,17,44,75,16,24,51,38,51,49,91,95,53,30,5,38,*,*,*,0,*,0,10,*,*,3,*,0,49,18,16,257358,228117,0,29241,258423,229088,45,29290,26030,25355,605,70
2024,FY,PROVIDER,IRF,360070,Mercy Medical Center,Canton,OH,44708,82,86,1180,4812909,1813780,1791188,2149241,91671,*,*,77,46,54,93,*,0,*,0,*,0,2.48,*,17,27,41,*,48,54,*,*,*,24,50,65,15,22,55,39,48,52,*,*,48,21,*,40,*,*,*,0,*,0,27,*,0,*,*,0,*,24,19,57998,52038,5660,300,57677,51972,5435,270,9702,9672,30,0
2024,FY,PROVIDER,IRF,360076,Atrium Medical Center,Franklin,OH,45005,183,206,1807,10698998,4389763,4332411,4491042,88430,7,*,78,46,54,95,*,*,*,0,*,*,2.24,*,14,28,52,9,55,57,*,*,*,17,40,75,13,27,49,41,50,50,90,*,63,32,8,34,0,0,*,0,24,0,16,0,0,18,0,0,*,34,*,137126,137126,0,0,133213,133068,145,0,12210,12150,60,0
2024,FY,PROVIDER,IRF,360084,Aultman Hospital,Canton,OH,44710,411,462,5962,24781166,9195400,8932600,10704263,89447,11,*,79,40,60,92,3,*,*,0,3,*,2.17,*,12,31,65,3,55,60,*,*,5,15,45,84,16,25,48,33,43,47,87,96,49,24,6,44,*,*,*,0,11,*,20,4,*,9,3,0,4,32,13,370628,353943,16514,171,369022,358145,10700,177,53801,53771,30,0
2024,FY,PROVIDER,IRF,360085,Ohio State University Hospitals,Columbus,OH,43210,240,256,3270,13283812,7788646,7664198,6682012,193202,10,*,73,53,47,87,7,*,*,0,*,*,2.57,*,12,20,46,16,45,50,*,*,*,15,34,72,12,21,39,21,45,34,83,89,46,25,5,44,*,*,*,*,7,0,24,*,*,11,*,0,5,20,29,9678,9328,200,150,9409,9189,220,0,1635,1485,0,150
2024,FY,PROVIDER,IRF,360086,Mercy Health - Springfield Regional Medical Center,Springfield,OH,45504,234,255,2724,17904669,5099059,5011883,5552948,130746,12,0,78,47,53,91,6,*,0,0,*,*,2.55,*,10,26,53,13,54,56,*,*,6,18,53,77,16,18,49,51,53,53,92,*,64,28,5,36,0,*,0,0,8,0,15,*,*,*,0,0,25,28,20,120512,112022,2212,6278,117474,110509,800,6165,6114,5956,45,113
2024,FY,PROVIDER,IRF,360095,Blanchard Valley Hospital,Findlay,OH,45840,22,22,226,522520,452756,451124,475345,0,0,*,77,*,*,100,0,0,0,0,0,0,2.51,0,*,*,*,0,*,*,0,*,0,*,*,*,*,*,*,*,*,*,*,*,*,*,*,*,0,*,*,0,*,0,*,0,0,*,0,0,0,*,0,11775,11563,212,0,11992,11887,105,0,5725,5725,0,0
2024,FY,PROVIDER,IRF,360098,Lake Health,Concord,OH,44077,84,87,1271,5156843,1936773,1906709,2112684,799,*,0,77,43,57,95,*,0,0,0,*,0,1.82,0,*,17,48,*,51,54,*,*,*,21,43,71,18,32,33,29,46,48,*,*,55,24,*,63,*,0,0,0,*,0,40,0,*,*,0,0,*,25,18,72996,72996,0,0,70056,69951,105,0,15785,15785,0,0
2024,FY,PROVIDER,IRF,360112,Mercy Health St Vincent Medical Center,Toledo,OH,43608,142,162,1878,11865274,3763502,3723358,3968938,99906,9,*,76,47,53,89,*,0,*,0,*,*,2.60,*,13,25,50,*,58,61,*,*,*,22,44,77,16,16,50,46,55,60,89,*,63,23,9,51,0,0,0,0,*,0,15,0,*,*,0,0,33,23,17,136855,135791,707,357,132880,130994,1284,602,21701,21701,0,0
2024,FY,PROVIDER,IRF,360118,Ohiohealth Mansfield Hospital,Mansfield,OH,44903,113,122,1452,7264590,2853558,2829110,2988400,89595,15,0,77,42,58,88,*,*,*,0,*,0,2.74,*,12,22,46,*,47,51,*,*,0,24,55,73,20,22,44,35,45,53,87,*,50,21,*,50,0,0,0,0,*,0,31,0,0,*,0,0,66,0,0,79147,79102,45,0,81343,81292,51,0,21251,21191,60,0
2024,FY,PROVIDER,IRF,360132,Fort Hamilton Hughes Memorial Hospital,Hamilton,OH,45013,147,159,1715,13806092,3618620,3567564,3755291,329318,14,*,80,44,56,97,*,0,*,0,*,0,2.46,0,10,29,52,*,51,53,*,*,*,16,53,79,13,27,53,38,53,59,*,*,71,29,7,41,0,*,0,0,13,0,17,*,0,*,0,0,25,20,22,89506,86430,95,2981,100421,96459,752,3210,18793,18738,0,55
2024,FY,PROVIDER,IRF,360155,Southwest General Health Center,Middleburg Heights,OH,44130,76,83,1057,4629754,1791820,1782092,1994608,79208,*,0,80,43,57,95,*,0,*,0,*,*,1.91,0,*,18,39,*,39,45,0,0,*,14,37,86,*,28,41,24,45,37,*,*,47,28,*,57,*,*,0,0,*,0,36,0,0,*,*,0,*,23,22,65429,60051,0,5378,61647,56269,0,5378,10011,9662,0,349
2024,FY,PROVIDER,IRF,360163,Christ Hospital,Cincinnati,OH,45219,209,228,2685,8959739,5603303,5559271,5815191,45762,5,*,77,55,45,87,10,*,0,0,*,*,2.79,*,10,22,42,18,44,46,*,*,*,14,51,78,17,24,54,38,47,57,89,95,61,24,8,37,*,0,0,0,9,0,11,*,*,*,*,0,27,16,32,140482,139552,0,930,140381,139346,60,975,28962,28647,90,225
2024,FY,PROVIDER,IRF,360172,Mercy Health-lorain Hospital,Lorain,OH,44053,258,302,3492,17612970,6866948,6752468,7286172,223290,10,*,79,37,63,88,7,*,*,0,*,0,2.62,*,20,31,55,7,56,59,*,*,*,22,48,90,14,22,60,50,53,50,94,*,61,26,9,36,*,0,*,0,8,0,16,*,*,9,*,0,33,14,18,207405,207405,0,0,211779,211764,15,0,26963,26963,0,0
2024,FY,PROVIDER,IRF,360174,Upper Valley Medical Center,Troy,OH,45373,140,147,1383,8421582,2923746,2874946,3145899,262413,*,0,77,49,51,94,*,*,0,0,*,*,1.97,*,15,24,46,*,41,43,*,*,0,21,40,76,15,26,43,26,51,40,92,91,41,23,*,39,0,0,0,0,*,0,23,0,*,*,0,0,*,41,23,85719,85719,0,0,87247,87157,90,0,9256,9224,32,0
2024,FY,PROVIDER,IRF,360211,Trinity Medical Ctr East &trinity Medical Ctr West,Steubenville,OH,43952,108,127,1336,4138715,2126998,2043182,2470630,48499,12,*,78,38,62,97,*,*,0,0,0,0,2.11,*,12,31,53,12,46,50,0,*,*,19,44,72,13,28,41,31,48,42,90,*,57,29,*,44,0,*,0,0,*,0,12,0,0,*,*,0,35,23,20,81101,77048,0,4053,85813,81760,0,4053,6550,6550,0,0
2024,FY,PROVIDER,IRF,360218,Licking Memorial Hospital,Newark,OH,43055,84,86,986,4814185,1951909,1914789,2000343,338150,13,*,78,45,55,96,0,0,*,0,*,0,1.71,*,*,24,42,*,44,45,*,*,*,18,45,71,*,24,45,30,56,38,*,*,46,33,*,60,0,0,0,0,*,0,16,0,0,*,0,0,15,42,16,59678,59233,0,445,59622,59177,0,445,9270,9270,0,0
2024,FY,PROVIDER,IRF,360234,Mercy Health - West Hospital,Cincinnati,OH,45211,181,193,2248,10877027,4340980,4291332,4478339,124414,9,*,79,44,56,90,7,0,0,0,*,*,2.45,*,10,17,42,20,40,42,*,*,*,14,46,80,13,25,49,33,46,53,88,*,54,25,7,37,0,0,*,0,10,0,17,*,0,7,0,0,25,26,12,36700,32915,15,3770,37429,33659,0,3770,6771,6771,0,0
2024,FY,PROVIDER,IRF,361319,Selby General Hospital,Marietta,OH,45750,75,80,1074,3443950,1813677,1799085,1849244,28931,*,19,77,56,44,99,*,0,0,0,*,0,2.61,0,*,27,57,*,51,53,0,0,*,20,37,80,*,25,49,31,53,45,*,*,64,24,*,45,0,0,0,0,*,0,22,0,0,*,0,0,21,28,20,59045,59045,0,0,62328,62328,0,0,5089,5089,0,0
2024,FY,PROVIDER,IRF,361325,Galion Community Hospital,Galion,OH,44833,82,84,815,3305363,2013473,1946785,2236359,312306,21,0,75,39,61,98,*,0,0,0,*,0,2.00,*,*,*,41,*,49,50,34,*,*,27,30,85,*,16,46,43,49,29,87,*,48,22,0,32,0,0,0,0,*,0,15,0,0,*,0,0,15,13,45,52281,52239,42,0,52186,52103,77,6,6864,6864,0,0
2024,FY,PROVIDER,IRF,363026,"Hillside Rehabilitation Hospital, Inc",Warren,OH,44484,249,276,3799,18541150,6235440,6134984,7235006,20901,8,*,78,51,49,95,*,*,*,0,*,0,2.15,*,11,22,45,*,42,46,*,*,*,18,40,83,12,24,48,35,53,48,89,95,54,19,6,41,0,*,*,0,8,0,18,0,0,*,0,0,15,27,28,276413,159373,116320,720,157100,115565,41310,225,21826,21766,60,0
2024,FY,PROVIDER,IRF,363033,The Rehabilitation Institute Of Ohio,Dayton,OH,45402,644,720,8311,22259900,15279965,14929621,15632096,0,9,2,77,43,57,80,16,*,*,0,2,*,2.23,2,14,23,51,19,50,53,*,3,4,18,38,78,14,21,46,36,49,47,89,95,51,28,6,39,0,*,0,0,22,0,16,0,*,4,0,0,8,30,20,475737,396500,79182,55,479817,393479,86263,75,79280,74160,4888,232
2024,FY,PROVIDER,IRF,363034,Encompass Health Rehabilitation Hospital Of Cincin,Cincinnati,OH,45216,420,489,6376,17097950,12405400,12084096,11947346,21478,23,4,75,47,53,74,22,*,*,0,3,*,3.13,4,19,34,51,25,55,63,4,5,7,18,44,79,21,20,50,34,54,52,88,93,58,21,7,40,*,*,*,0,35,0,17,*,*,6,0,0,7,20,13,360987,278523,81464,1000,348948,272093,76137,718,51871,46967,4589,315
2024,FY,PROVIDER,IRF,363035,Summa Rehab Hospital,Akron,OH,44304,505,586,7303,33590227,13087532,12848412,14407497,9683,12,*,78,49,51,88,9,*,*,0,*,*,2.39,*,14,25,46,8,50,54,*,*,4,18,42,75,15,20,56,38,50,46,89,96,54,24,6,33,*,0,0,0,14,0,11,0,*,3,*,0,27,27,18,388408,336771,50882,755,386831,359440,26586,805,69200,63724,5476,0
2024,FY,PROVIDER,IRF,363036,University Hospitals Rehabilitation Hospital,Beachwood,OH,44122,462,499,5158,17311829,11740075,11477171,11807484,7626,8,*,78,47,53,75,22,*,0,0,*,*,2.24,*,12,28,42,5,46,49,3,*,3,18,37,76,16,24,48,29,46,42,92,95,47,24,10,39,*,*,*,0,8,0,19,3,2,9,*,*,15,31,9,301260,251267,45905,4088,269807,226461,39923,3423,66069,61179,4890,0
2024,FY,PROVIDER,IRF,363037,Ohiohealth Rehabilitation Hospital,Columbus,OH,43201,771,861,11074,50307997,22991613,22479693,21590614,10598,14,2,75,52,48,85,9,2,*,0,4,*,2.49,*,17,24,50,14,52,56,2,3,4,19,42,75,14,20,47,28,47,42,87,93,52,26,7,43,*,*,*,0,8,0,16,*,*,10,*,0,43,13,7,394735,344835,49900,0,383129,333129,50000,0,147722,135327,12395,0
2024,FY,PROVIDER,IRF,363038,Cleveland Clinic Rehabilitation Hospitals Llc,Avon,OH,44011,1874,2149,29326,235567713,52763650,51379226,55315467,891353,8,*,78,51,49,86,9,1,1,*,2,*,2.71,2,14,30,46,8,50,60,3,3,4,14,43,74,18,22,53,34,47,50,89,95,52,25,9,41,*,1,*,*,10,*,11,*,*,5,*,0,48,18,7,1496964,1180584,310785,5595,1580005,1338607,235833,5565,550874,529986,20888,0
2024,FY,PROVIDER,IRF,363039,University Hospitals Avon Rehabilitation Hospital,Avon,OH,44011,397,451,5033,17928088,10332881,10116409,11008478,0,5,*,80,46,54,90,4,*,*,0,3,*,2.55,*,11,29,46,4,51,55,4,*,3,15,43,77,13,26,57,39,50,41,93,96,64,30,11,42,*,*,*,0,11,0,19,5,*,12,2,0,11,23,12,306272,289202,12247,4823,224976,212494,7788,4694,92846,90666,2180,0
2024,FY,PROVIDER,IRF,363040,Rehabilitation Hospital Of Northwest Ohio Llc,Toledo,OH,43614,225,250,3448,8814369,6110712,5993160,6432322,63329,10,5,76,49,51,82,8,*,*,0,5,*,2.70,*,16,20,44,8,48,51,*,*,5,19,44,74,16,25,51,30,54,49,88,95,49,23,9,39,0,0,0,0,6,0,21,*,0,*,0,0,22,26,22,183713,146167,37546,0,179700,142594,37106,0,51260,39505,11755,0
2024,FY,PROVIDER,IRF,363041,Trihealth Rehabilitation Hospital Llc,Cincinnati,OH,45207,366,407,5771,39989204,10898525,10713205,11093160,308766,10,*,77,45,55,83,11,*,*,0,4,0,2.88,*,15,28,46,25,51,55,4,*,5,15,42,70,16,27,51,27,45,52,89,94,58,27,7,43,0,0,0,0,8,0,13,0,0,*,0,0,47,0,32,275759,230979,44780,0,273953,226423,47530,0,79597,75703,3894,0
2024,FY,PROVIDER,IRF,363042,"Mount Carmel Rehabilitation Hospital, An Affiliate",Westerville,OH,43082,431,479,6064,16239295,11550209,11357513,11258778,54951,11,*,76,52,48,84,13,*,0,*,*,*,2.43,*,11,22,46,10,65,70,*,*,5,17,40,74,13,24,51,24,51,42,88,93,51,26,6,49,0,*,*,0,10,0,25,*,*,*,0,0,18,24,19,266707,219237,45770,1700,312479,247570,63118,1791,104037,84878,18903,256
2024,FY,PROVIDER,IRF,363043,Encompass Health Rehab Hospital Of Toledo,Toledo,OH,43623,478,567,6461,18621276,12273365,11897589,12952810,22922,16,*,76,45,55,83,13,0,*,0,*,*,2.87,*,14,28,51,11,57,59,4,3,5,19,42,83,21,23,54,40,52,51,88,94,55,23,8,31,0,0,*,0,26,*,8,*,0,5,0,0,25,15,21,316035,237863,77702,470,347776,293908,53473,395,119303,106947,12226,130
2024,FY,PROVIDER,IRF,363045,Liberty Rehabilitation Hospital,Liberty Township,OH,45044,246,271,2771,7543748,5761343,5595895,5950137,1197,7,*,78,50,50,90,6,*,*,0,*,*,2.45,*,12,28,53,14,52,56,*,*,*,15,44,84,17,20,54,33,49,49,88,96,55,27,11,40,0,*,*,0,20,0,13,0,0,6,0,0,20,20,20,163688,158535,1767,3386,156893,150364,3088,3441,51473,50853,570,50
2024,FY,PROVIDER,IRF,363046,Pam Rehabilitation Hospital Of Dayton Llc,Miamisburg,OH,45342,592,674,7675,33981322,15007446,14590422,16267876,551541,11,3,79,45,55,87,9,*,*,*,3,*,2.39,2,16,27,49,10,56,59,2,4,5,16,39,78,15,23,51,38,48,55,91,94,53,29,6,34,0,*,3,*,25,*,15,2,0,6,0,*,14,19,14,362731,353946,8605,180,380628,374073,6390,165,110540,108625,1885,30
2024,FY,PROVIDER,IRF,363047,Cincinnati Rehabilitation Hospital Llc,Blue Ash,OH,45242,142,158,1970,6520633,3541204,3445732,3705131,3854,9,*,78,44,56,82,11,*,*,0,*,*,1.98,*,14,36,61,18,61,65,*,*,*,15,39,86,15,22,50,26,45,39,87,*,55,32,13,30,0,0,0,0,23,0,7,0,0,*,0,0,29,25,11,107142,102576,2701,1865,108650,104450,2440,1760,31086,29886,1200,0
2024,FY,PROVIDER,IRF,370001,Hillcrest Medical Center,Tulsa,OK,74104,250,273,2686,20172769,5861205,5772237,6416858,158690,13,17,75,52,48,85,*,*,*,8,*,*,2.64,*,27,30,48,8,55,58,*,*,*,28,44,67,15,19,54,43,61,55,89,*,52,20,*,53,0,6,*,*,12,0,35,*,*,4,0,0,7,20,8,144635,144595,40,0,155040,145460,9580,0,58560,58530,30,0
2024,FY,PROVIDER,IRF,370008,Norman Regional,Norman,OK,73072,281,298,3211,15535059,6194468,6146580,6547185,60530,8,5,78,37,63,91,*,*,*,*,*,*,2.17,*,16,34,46,12,52,55,*,4,7,19,43,77,16,22,41,35,48,37,89,*,59,29,10,43,0,*,0,0,9,*,17,*,*,*,*,0,6,34,28,171146,157711,10945,2490,186040,172450,11205,2385,67938,67623,270,45
2024,FY,PROVIDER,IRF,370018,Ascension St John Jane Phillips,Bartlesville,OK,74006,120,127,1493,3652181,2753353,2714177,2911146,95711,25,22,78,47,53,87,*,0,*,9,0,0,1.87,0,14,23,39,*,42,44,0,*,*,36,39,63,12,12,44,25,42,42,88,*,39,21,*,45,*,0,0,0,*,0,24,0,0,*,0,*,31,28,*,105593,105593,0,0,107945,107945,0,0,8184,8184,0,0
2024,FY,PROVIDER,IRF,370019,Great Plains Regional Medical Center,Elk City,OK,73644,116,125,1219,4835321,2514083,2441403,2580628,40697,14,18,80,39,61,95,*,0,*,0,*,*,1.86,*,15,28,45,*,49,51,*,*,*,22,39,73,22,20,41,38,45,51,81,*,49,25,*,34,0,0,*,0,12,0,10,*,0,*,*,0,15,35,18,82648,80366,679,1603,69360,69180,165,15,12962,12962,0,0
2024,FY,PROVIDER,IRF,370020,Mercy Hospital Ada,Ada,OK,74820,151,156,1557,6719983,4114279,4094791,4846351,765152,15,28,80,34,66,94,*,0,0,*,0,*,2.12,*,11,30,48,*,50,53,*,*,*,19,47,80,17,21,50,37,38,58,89,*,57,22,*,40,*,0,0,0,10,0,17,*,*,8,0,0,21,31,11,80967,60476,20131,360,81693,64833,16500,360,14823,14823,0,0
2024,FY,PROVIDER,IRF,370023,"Duncan Regional Hospital, Inc",Duncan,OK,73533,82,86,1003,3918325,2073348,2027812,2444535,616486,23,*,78,37,63,95,*,0,*,*,0,0,1.96,0,13,22,49,13,50,51,*,*,*,20,39,*,17,22,52,41,51,51,82,100,46,37,*,41,0,*,*,0,13,0,20,*,*,*,0,0,0,37,15,64652,58957,5695,0,62572,57292,5280,0,1970,1970,0,0
2024,FY,PROVIDER,IRF,370025,Saint Francis Hospital Muskogee,Muskogee,OK,74401,210,233,2712,7474896,5679038,5596078,5392771,626,15,23,78,39,61,81,*,0,*,12,*,0,2.78,*,23,26,51,10,50,51,*,*,*,19,43,76,15,19,56,38,44,56,85,95,60,28,*,29,0,*,*,0,9,0,10,*,0,6,0,0,24,38,11,142870,142405,0,465,142480,139863,2152,465,37043,36998,0,45
2024,FY,PROVIDER,IRF,370026,St Mary's Regional Medical Center,Enid,OK,73701,218,231,2881,28834765,5055181,4986109,5572868,194043,6,29,80,45,55,94,*,0,*,*,0,*,2.11,*,10,25,41,6,43,49,0,*,*,14,45,74,19,22,48,34,47,47,88,95,57,25,11,29,0,0,*,0,15,0,10,0,0,6,0,0,22,39,8,174546,162471,12075,0,194794,179749,15045,0,42029,34694,7335,0
2024,FY,PROVIDER,IRF,370034,Mcalester Regional Health Center,Mcalester,OK,74501,110,118,1360,3884341,2818814,2784702,2797036,32201,19,35,79,29,71,87,*,0,*,11,0,0,1.98,0,14,16,40,*,45,47,*,*,*,25,43,67,13,12,49,45,47,55,85,*,60,35,*,31,0,0,0,0,*,0,16,0,0,*,0,0,31,25,14,76187,55784,9245,11158,76306,54817,10225,11264,22025,20697,1083,245
2024,FY,PROVIDER,IRF,370037,Ssm Health St Anthony Hospital - Oklahoma City,Oklahoma City,OK,73102,64,71,986,4584314,1875252,1867124,1953324,60524,*,*,76,47,53,81,*,*,*,0,*,0,2.24,*,19,42,48,*,81,*,*,*,*,25,42,72,19,19,42,36,55,36,*,*,59,22,*,73,0,*,0,0,*,0,46,0,0,*,0,0,*,24,*,55573,55198,375,0,53780,51475,2305,0,10275,10275,0,0
2024,FY,PROVIDER,IRF,370047,"Mercy Hospital Ardmore, Inc",Ardmore,OK,73401,163,181,2269,7434966,4405133,4336813,4451195,106551,18,31,78,34,66,93,*,0,0,*,*,0,2.56,*,11,27,55,10,53,58,*,*,*,24,42,84,15,18,56,39,43,50,90,*,60,28,*,42,*,*,0,0,9,*,18,*,*,*,*,0,8,38,15,136754,129521,7143,90,137953,133958,3905,90,11111,11111,0,0
2024,FY,PROVIDER,IRF,370049,Stillwater Medical Center,Stillwater,OK,74076,259,273,2903,12120878,5972873,5927465,6639998,470274,10,12,81,36,64,95,*,0,*,*,*,*,1.78,0,7,30,37,5,48,52,*,*,*,12,46,80,17,18,39,29,41,46,90,*,49,33,7,32,*,0,0,0,17,0,17,0,0,7,*,0,13,32,12,160320,140508,16805,3007,166175,145952,17416,2807,43097,42792,165,140
2024,FY,PROVIDER,IRF,370056,Comanche County Memorial Hospital,Lawton,OK,73505,142,152,1801,6956814,3026042,3010634,3459180,0,16,11,78,40,60,85,*,0,*,*,0,*,2.05,*,10,24,50,8,51,54,*,*,*,22,44,72,11,23,45,43,39,61,*,*,57,34,*,38,*,0,*,0,*,0,17,*,*,*,*,0,9,45,16,101753,100963,790,0,111800,111710,90,0,11448,11448,0,0
2024,FY,PROVIDER,IRF,370091,"Saint Francis Hospital, Inc",Tulsa,OK,74136,211,223,2752,8846476,4979360,4924224,5411996,77864,8,8,79,45,55,85,*,*,*,*,*,*,2.38,*,17,21,36,7,43,44,*,*,*,12,46,69,15,28,51,29,40,49,86,*,52,33,*,39,0,*,0,0,9,0,20,*,0,*,0,0,21,35,9,139437,133948,4302,1187,155314,146619,7523,1172,52527,51852,675,0
2024,FY,PROVIDER,IRF,370097,Southwestern Medical Center,Lawton,OK,73505,117,120,1310,6489801,2720830,2684310,3296026,349306,14,10,79,41,59,71,11,0,*,10,*,*,2.38,*,16,28,58,11,44,46,*,*,*,29,36,82,12,10,48,52,52,55,88,*,49,25,15,43,*,0,*,0,29,0,26,*,*,*,*,0,*,*,24,67079,40817,3369,22893,76650,46535,4037,26078,5826,5826,0,0
2024,FY,PROVIDER,IRF,370106,Integris Southwest Medical Center,Oklahoma City,OK,73109,675,723,8836,59740476,17177737,16962177,17524848,224521,14,8,76,46,54,84,5,*,4,5,*,*,2.72,*,17,17,44,9,49,50,*,2,2,20,44,73,19,20,52,35,52,48,89,98,58,21,4,36,0,*,0,0,7,0,18,0,*,*,0,0,17,31,26,460135,457355,2780,0,496276,490321,5955,0,143205,141240,1965,0
2024,FY,PROVIDER,IRF,370236,Integris Health Edmond Hospital,Edmond,OK,73034,241,248,3110,20050131,5833028,5761628,6065240,84371,9,5,79,40,60,86,7,*,*,*,*,*,1.98,*,15,22,45,13,49,50,*,*,*,13,38,73,22,24,44,30,45,37,86,94,51,27,6,37,0,*,0,0,*,0,21,*,*,*,0,0,18,35,20,167115,166305,810,0,177547,177177,370,0,49173,48963,0,210
2024,FY,PROVIDER,IRF,373025,"Valir Rehabilitation Hospital Of Okc, Llc",Oklahoma City,OK,73102,329,355,4666,8696620,8042788,7868852,7672636,18557,22,11,74,46,54,79,12,*,3,4,*,*,2.41,*,21,26,50,14,55,60,*,4,3,23,43,74,18,16,47,40,50,45,84,92,55,24,4,28,*,*,*,0,5,0,11,6,*,5,*,0,15,30,22,216629,216399,0,230,220947,220857,0,90,21652,21581,30,41
2024,FY,PROVIDER,IRF,373033,Mercy Rehabilitation Hospital Oklahoma City,Oklahoma City,OK,73142,876,945,11045,30224591,21480866,21273953,23132513,1462,6,7,79,43,57,91,5,*,*,2,*,*,2.13,2,15,22,47,18,52,55,1,4,3,14,42,78,23,21,52,31,44,42,89,96,57,30,6,33,*,2,*,0,13,0,19,4,4,14,4,0,6,26,6,568987,509185,59417,385,636226,578014,58032,180,110647,103012,7610,25
2024,FY,PROVIDER,IRF,373034,"St John Rehab Hospital, An Affiliate Of Encompass",Broken Arrow,OK,74012,756,843,10055,26476391,19562494,18949006,20715237,17421,15,12,77,47,53,80,5,*,2,11,*,*,3.05,2,21,30,48,10,55,56,2,3,4,24,42,67,14,18,63,37,52,50,85,96,51,22,7,38,*,*,*,*,13,0,16,0,*,3,0,*,21,23,22,518582,401594,116958,30,518741,416611,102100,30,114564,113131,1433,0
2024,FY,PROVIDER,IRF,373035,Pam Rehabilitation Hospital Of Tulsa,Tulsa,OK,74133,914,1019,11980,47637337,22966926,22215534,25100619,17974,18,8,77,42,58,82,6,*,*,9,*,*,2.71,2,21,33,51,10,56,57,2,3,5,26,42,74,18,19,53,43,50,53,88,96,53,27,7,33,*,*,*,*,46,*,14,*,*,5,0,0,9,14,10,651801,649331,2455,15,667508,629208,38300,0,140187,139257,930,0
2024,FY,PROVIDER,IRF,373036,"Everest Rehabilitation Hospital Okc, Llc",Midwest City,OK,73135,487,525,5612,15501861,11988836,11800164,12754752,78317,8,7,79,39,61,87,5,*,*,5,*,*,2.17,0,13,24,51,11,51,55,*,3,3,27,46,76,23,24,52,38,52,46,89,95,64,27,5,31,*,*,*,0,15,*,19,3,2,12,2,0,4,27,14,313811,304384,9412,15,341413,334616,6782,15,52599,51719,880,0
2024,FY,PROVIDER,IRF,373037,Tulsa Rehabilitation Hospital Llc,Tulsa,OK,74133,454,494,5886,19660710,10488789,10291309,11860937,35051,11,6,78,40,60,87,3,*,*,6,*,*,2.13,3,20,30,51,11,59,60,*,4,5,17,38,76,16,18,48,35,43,45,86,95,46,31,6,31,*,0,*,0,11,0,11,*,0,*,0,0,28,31,18,303787,275292,23920,4575,281077,243182,33340,4555,124030,115735,8150,145
2024,FY,PROVIDER,IRF,373038,"Oklahoma City Rehabilitation Hospital, Llc",Oklahoma City,OK,73114,668,725,8441,28441880,16677932,16378628,17933450,13645,9,5,78,44,56,87,6,*,2,3,*,*,2.95,*,19,24,61,22,54,56,2,4,3,20,43,86,22,18,58,40,51,47,92,98,60,33,7,29,0,0,*,0,40,0,9,3,*,5,0,0,10,20,13,403170,378563,9419,15188,406879,385330,8258,13291,186611,181707,2935,1969
2024,FY,PROVIDER,IRF,373039,Ascension St John Rehabilitation Hospital Of Owass,Owasso,OK,74055,613,673,8016,22344271,13545700,13177724,15262041,2902,14,12,78,40,60,84,3,*,*,11,*,*,2.42,*,16,31,49,6,52,54,*,2,3,22,45,76,15,16,49,34,48,51,86,97,50,28,6,29,0,*,*,*,21,0,8,0,*,4,0,0,13,31,22,421924,291270,130624,30,496950,346103,150787,60,89780,83995,5785,0
2024,FY,PROVIDER,IRF,380017,Legacy Good Samaritan Medical Center,Portland,OR,97210,141,143,1710,6273432,4189237,4137741,3200752,43326,18,*,74,62,38,87,*,*,*,0,*,*,1.71,*,21,29,41,*,45,50,*,*,*,18,36,50,13,20,30,21,31,30,79,87,38,23,*,68,0,*,0,*,15,0,57,0,*,*,0,0,*,13,*,83703,83703,0,0,73932,73932,0,0,43880,43880,0,0
2024,FY,PROVIDER,IRF,380018,Asante Rogue Regional Medical Center,Medford,OR,97504,142,150,1724,10609232,3907795,3857395,3385696,49776,17,*,76,65,35,90,0,*,*,*,*,*,2.21,*,23,18,35,16,32,36,*,*,*,14,36,72,15,23,36,25,35,51,82,92,50,20,*,50,0,0,*,0,*,0,31,*,0,*,0,0,46,*,*,39072,36742,0,2330,38070,35800,0,2270,6693,6693,0,0
2024,FY,PROVIDER,IRF,380033,Sacred Heart University District,Eugene,OR,97401,24,24,257,1295267,765553,763953,614166,4571,*,*,73,*,*,96,0,0,0,0,*,*,2.53,*,*,*,*,*,*,50,*,*,*,*,*,*,*,*,*,*,*,*,*,*,*,*,*,*,0,0,0,0,*,0,*,0,0,0,0,0,*,*,*,11239,10984,0,255,8838,8583,0,255,4318,4318,0,0
2024,FY,PROVIDER,IRF,380047,St Charles Bend Campus,Bend,OR,97701,139,148,1638,9286952,5440584,5419432,5017497,1384810,11,*,76,50,50,91,*,0,*,*,*,*,2.23,*,16,22,42,*,52,55,*,*,0,15,35,63,13,32,29,25,32,35,83,90,39,32,9,43,*,*,*,0,13,0,28,*,0,*,*,0,13,23,11,88141,88141,0,0,87821,87821,0,0,46891,46891,0,0
2024,FY,PROVIDER,IRF,380051,Salem Hospital,Salem,OR,97301,99,105,1402,6892161,3368590,3331526,2901162,302974,17,*,75,61,39,85,*,*,*,*,*,*,2.15,*,19,18,38,*,41,45,*,*,*,21,39,64,*,13,25,21,43,36,83,*,46,16,*,52,0,0,*,*,*,0,33,0,0,*,0,0,22,30,*,61344,60751,565,28,61344,61104,240,0,31895,31882,0,13
2024,FY,PROVIDER,IRF,380061,Providence Portland Medical Center,Portland,OR,97213,93,99,1283,5078518,3109192,3078248,2434180,29323,25,*,72,54,46,90,0,*,0,*,*,0,2.21,*,16,17,52,*,44,52,*,*,*,22,44,63,13,22,38,16,34,35,81,88,28,19,*,67,0,*,0,0,*,0,45,0,0,0,0,0,*,*,31,63504,63504,0,0,58317,58257,60,0,34662,34662,0,0
2024,FY,PROVIDER,IRF,380075,Providence Medford Medical Center,Medford,OR,97504,68,77,1082,8184037,2765500,2738604,2563584,899691,16,*,75,47,53,96,0,*,*,0,*,0,1.81,*,19,22,50,38,54,57,*,*,*,19,31,76,25,24,37,32,44,43,*,*,35,26,*,46,0,0,0,*,*,0,25,*,*,*,0,0,*,19,26,42629,42509,0,120,44388,44208,30,150,23298,23238,60,0
2024,FY,PROVIDER,IRF,380102,Sacred Heart Medical Center  Riverbend,Springfield,OR,97477,108,114,1359,6174632,3541819,3525499,3039126,0,22,*,75,52,48,92,*,0,*,*,*,0,1.58,*,22,30,43,*,55,70,*,*,*,19,37,61,20,15,38,30,33,37,80,*,29,24,*,54,*,0,0,0,*,0,39,0,0,*,0,0,14,22,11,71242,70344,135,763,59675,57592,1320,763,21630,21330,300,0
2024,FY,PROVIDER,IRF,390002,Upmc Mckeesport,Mc Keesport,PA,15132,27,28,412,2768976,818319,777551,853525,60350,*,0,75,52,48,81,*,0,0,0,*,0,3.24,0,*,*,56,*,*,*,0,*,*,41,48,*,*,*,52,52,48,*,*,100,59,*,*,48,0,0,0,0,*,0,*,0,0,*,0,0,*,*,*,21238,15051,6187,0,20534,17943,2591,0,6113,6113,0,0
2024,FY,PROVIDER,IRF,390009,Saint Vincent Hospital,Erie,PA,16544,190,206,2494,16225339,4423922,4341738,5220708,399180,11,*,78,48,52,95,*,0,*,0,*,*,2.71,*,12,19,40,*,44,46,*,*,*,16,53,69,10,21,48,37,47,63,92,93,59,24,*,37,0,*,0,0,11,0,25,*,*,8,0,0,17,23,12,147451,144340,3111,0,149400,149106,294,0,9958,9950,0,8
2024,FY,PROVIDER,IRF,390013,Wellspan Evangelical Community Hospital,Lewisburg,PA,17837,68,75,811,5171002,2385691,2355219,2753902,726520,*,*,79,44,56,97,*,0,0,0,*,0,1.69,0,*,22,46,*,46,49,*,*,*,18,29,74,*,32,40,21,44,35,*,82,37,38,*,31,0,0,*,0,*,0,28,*,0,*,0,0,15,31,*,50085,49744,15,326,51435,50977,132,326,4949,4949,0,0
2024,FY,PROVIDER,IRF,390016,Upmc Jameson,New Castle,PA,16105,40,47,672,2330010,1334376,1317064,1309971,33688,*,0,75,48,52,95,*,0,0,0,*,0,2.39,*,*,*,38,*,58,58,0,0,0,*,32,*,*,*,55,*,58,35,*,*,45,*,*,55,0,0,0,0,*,0,28,0,0,*,0,0,*,23,*,31575,22681,8894,0,30966,27260,3706,0,3078,3078,0,0
2024,FY,PROVIDER,IRF,390028,Upmc Mercy,Pittsburgh,PA,15219,159,177,3071,23474960,5570829,5323037,5655908,461947,13,*,72,53,47,90,*,*,*,0,*,0,2.16,*,19,23,49,23,48,51,*,*,*,19,32,76,13,20,39,27,43,39,86,91,47,22,9,62,0,0,*,*,19,0,24,0,0,*,0,0,21,32,*,108649,87439,21210,0,110704,94989,15715,0,31763,31455,308,0
2024,FY,PROVIDER,IRF,390030,Lehigh Valley Hospital-schuylkill,Pottsville,PA,17901,133,142,1666,7421033,3787625,3772969,3778626,19351,17,0,78,47,53,97,0,*,*,0,0,*,3.05,*,*,26,47,*,38,44,*,0,*,19,47,73,9,23,56,33,51,59,*,*,56,44,15,54,*,*,0,0,11,0,27,*,0,8,*,0,9,30,8,105385,98130,6520,735,100550,94900,5095,555,30554,30059,495,0
2024,FY,PROVIDER,IRF,390032,Allegheny Valley Hospital,Natrona,PA,15065,74,83,1092,5513861,2023863,2003311,2267704,232877,*,*,75,54,46,93,*,0,0,0,*,0,2.59,*,*,20,45,*,45,47,*,*,*,15,45,68,16,24,50,32,54,51,*,*,54,28,*,49,0,*,0,0,14,0,18,0,0,*,0,0,*,36,*,54613,54583,30,0,54037,54037,0,0,9385,9385,0,0
2024,FY,PROVIDER,IRF,390041,Uniontown Hospital,Uniontown,PA,15401,70,71,960,3438383,1532122,1525690,1696872,61284,*,*,79,47,53,100,0,0,0,0,0,0,2.27,0,*,29,39,27,43,43,*,0,*,24,36,74,*,27,44,46,41,47,*,*,57,27,*,36,*,*,0,0,*,0,24,*,*,*,*,0,0,27,20,53154,53154,0,0,55998,55998,0,0,2282,2252,0,30
2024,FY,PROVIDER,IRF,390044,Reading Hospital,West Reading,PA,19611,570,668,9751,40565665,16706104,16388848,16342105,787914,11,0,78,50,50,91,*,*,4,*,2,*,2.64,*,14,30,56,14,48,54,3,*,4,18,43,79,16,23,55,30,46,48,93,94,56,29,13,48,*,*,*,*,13,*,19,*,*,2,0,0,17,26,22,480036,478514,240,1282,514183,512389,465,1329,150381,150094,164,123
2024,FY,PROVIDER,IRF,390045,Upmc Williamsport,Williamsport,PA,17701,149,165,2162,11376127,3980646,3896278,4238922,243593,17,14,76,54,46,93,*,*,*,0,*,0,2.52,*,9,15,49,11,45,47,*,*,*,21,38,72,15,21,52,32,49,40,92,*,52,27,*,41,*,0,0,0,16,0,19,0,0,*,0,0,27,27,7,114057,102292,11765,0,129560,120733,8827,0,13430,13430,0,0
2024,FY,PROVIDER,IRF,390049,St Luke's Hospital Bethlehem,Bethlehem,PA,18015,451,486,6334,74157998,12344682,12264874,12466694,345605,10,*,77,50,50,93,2,*,2,0,*,*,2.97,*,18,20,52,6,47,50,*,*,*,17,44,69,14,24,61,29,50,44,91,95,45,30,3,45,*,2,*,0,2,0,19,*,*,3,*,*,*,42,27,399241,383898,13300,2043,375858,358386,15597,1875,70779,69075,1351,353
2024,FY,PROVIDER,IRF,390057,Grand View Health,Sellersville,PA,18960,230,250,2961,15893900,5417376,5391680,5456945,19274,7,0,79,41,59,92,*,*,*,0,*,*,2.56,*,19,25,45,*,47,53,*,0,*,8,49,68,12,22,48,29,40,39,89,92,48,29,6,44,0,*,*,0,*,0,12,0,0,*,0,0,13,57,14,86163,86163,0,0,92975,92975,0,0,16776,16770,4,2
2024,FY,PROVIDER,IRF,390058,Upmc Carlisle,Carlisle,PA,17015,154,162,1841,7674046,4009362,3973242,4047105,62778,*,*,80,47,53,95,*,0,*,0,*,*,2.17,*,12,26,44,*,49,51,*,*,*,19,41,67,12,27,55,30,43,46,89,*,57,25,7,34,0,*,0,0,42,0,13,0,0,*,0,0,12,25,*,135023,135023,0,0,118517,118517,0,0,24359,24359,0,0
2024,FY,PROVIDER,IRF,390066,Wellspan Good Samaritan Hospital,Lebanon,PA,17042,136,152,1980,8400016,4005361,3971313,3787173,156653,12,0,80,44,56,93,*,0,*,0,*,0,2.44,0,12,28,46,*,45,46,*,*,*,18,43,74,12,21,52,34,38,49,90,*,53,35,8,39,0,0,0,0,*,*,18,0,0,*,0,0,38,21,20,106499,106389,0,110,101541,101351,50,140,23116,23083,0,33
2024,FY,PROVIDER,IRF,390079,Robert Packer Hospital,Sayre,PA,18840,200,213,2226,9103514,4910033,4792825,5098997,234009,16,12,77,52,48,96,*,0,*,0,*,0,1.81,*,14,16,46,18,48,49,*,*,*,11,40,82,12,22,43,28,44,37,87,91,48,20,8,30,*,*,*,0,10,0,22,*,*,20,*,0,0,32,*,63470,51521,2518,9431,62756,49070,4246,9440,5808,5808,0,0
2024,FY,PROVIDER,IRF,390086,Penn Highlands Dubois,Dubois,PA,15801,82,90,1084,3410880,2216561,2192553,2264721,61163,*,21,79,43,57,98,0,0,0,0,*,*,2.58,*,*,34,48,*,38,49,0,0,*,17,62,74,17,37,54,44,48,52,*,*,61,34,*,35,0,*,0,0,*,0,16,0,0,0,0,0,36,32,*,55667,43517,11490,660,65515,56555,8505,455,22090,20900,1190,0
2024,FY,PROVIDER,IRF,390090,West Penn Hospital,Pittsburgh,PA,15224,107,118,1827,11573876,2931003,2856563,3230912,360230,14,*,75,49,51,87,11,0,*,0,*,0,2.71,*,17,35,54,*,49,53,*,*,*,21,40,73,13,27,49,38,49,51,85,*,53,21,*,45,0,*,*,0,*,0,22,*,*,*,*,0,28,19,14,82161,78508,3638,15,85263,78095,7168,0,12776,12776,0,0
2024,FY,PROVIDER,IRF,390091,Upmc Northwest,Seneca,PA,16346,47,48,574,3404160,1241561,1223737,1215760,7055,*,34,79,57,43,96,0,0,0,0,*,*,2.67,0,*,23,38,*,23,23,0,*,0,26,62,77,*,28,55,45,45,45,*,*,64,26,*,57,0,0,0,0,*,0,31,0,0,*,*,0,*,*,*,37280,19120,18160,0,19842,13939,5903,0,1998,1998,0,0
2024,FY,PROVIDER,IRF,390102,Upmc St Margaret,Pittsburgh,PA,15215,86,95,1259,8593081,2027026,1960778,2198383,41552,*,*,77,47,53,90,*,0,*,0,*,0,2.17,*,14,21,48,*,41,49,*,0,*,20,31,84,17,20,34,27,38,28,*,*,48,35,*,35,0,0,0,0,*,0,19,0,0,*,0,0,33,20,14,73504,52553,20951,0,73396,52278,21118,0,11458,11458,0,0
2024,FY,PROVIDER,IRF,390107,Upmc Passavant,Pittsburgh,PA,15237,104,126,1445,9544500,2653310,2600558,2950747,80691,*,*,77,60,40,92,*,*,0,0,*,*,2.29,*,*,21,51,11,42,50,*,*,*,19,39,83,11,26,34,28,40,27,87,*,40,27,12,45,0,*,0,0,13,0,21,0,0,*,0,0,41,17,*,72041,50901,21140,0,71287,48713,22574,0,10461,10461,0,0
2024,FY,PROVIDER,IRF,390110,Conemaugh Memorial Medical Center,Johnstown,PA,15905,158,173,2461,8361149,3895883,3823531,4446985,60256,16,*,77,54,46,96,*,0,*,0,0,0,2.78,*,8,22,48,*,49,54,*,*,*,23,47,72,9,20,58,33,52,55,91,*,62,23,*,30,0,*,0,0,8,0,13,*,0,*,0,0,30,29,13,126154,108777,17377,0,126551,121489,5062,0,25672,16977,8695,0
2024,FY,PROVIDER,IRF,390111,Hospital Of Univ Of Pennsylvania,Philadelphia,PA,19104,301,332,4758,61174511,11852780,11471732,10572271,2994045,19,*,72,54,46,72,19,4,*,0,*,*,2.76,*,12,20,49,13,45,50,*,*,*,18,36,63,15,28,44,26,49,41,86,93,48,22,4,48,0,4,*,0,5,0,17,*,0,*,0,0,*,13,55,206849,171824,35025,0,211342,179811,31531,0,45400,45400,0,0
2024,FY,PROVIDER,IRF,390125,Wayne Memorial Hospital,Honesdale,PA,18431,104,107,1392,5258585,2699383,2656295,3028367,393626,*,61,78,47,53,95,*,*,*,0,*,0,2.21,*,12,14,38,*,33,35,*,*,*,15,38,63,13,21,45,32,38,45,89,*,53,23,*,44,*,*,*,0,24,0,21,*,0,*,0,0,15,15,16,77547,70033,7514,0,77485,72935,4550,0,4837,4837,0,0
2024,FY,PROVIDER,IRF,390127,Phoenixville Hospital,Phoenixville,PA,19460,135,141,1712,10861348,3955225,3912985,3792061,11978,*,0,76,53,47,91,*,*,*,0,*,0,1.89,*,16,18,39,*,43,53,*,*,*,19,37,69,19,20,48,35,38,32,*,91,47,25,12,53,0,*,0,0,11,0,32,0,0,*,0,0,11,20,25,103806,99963,683,3160,101561,98026,405,3130,28940,28730,180,30
2024,FY,PROVIDER,IRF,390133,Lehigh Valley Hospital,Allentown,PA,18103,715,770,9238,53582286,19908430,19727558,20044848,80976,8,*,78,50,50,92,2,*,3,0,*,*,2.56,2,13,23,51,8,49,52,2,2,3,15,47,73,16,24,57,33,48,50,92,94,53,31,9,43,2,*,*,*,8,0,20,2,*,8,*,0,12,24,23,539233,517948,18037,3248,531067,522547,5077,3443,103212,99305,3172,735
2024,FY,PROVIDER,IRF,390137,Wilkes-barre General Hospital,Wilkes-barre,PA,18764,346,387,5139,42551765,8948890,8910378,10150179,503823,13,0,82,34,66,97,*,*,*,0,*,0,2.29,*,13,19,51,4,41,42,*,*,*,18,49,90,14,23,51,43,47,54,96,*,62,30,5,38,0,0,0,0,21,*,9,0,*,13,*,0,28,18,9,49398,49383,15,0,51268,51208,60,0,9909,9909,0,0
2024,FY,PROVIDER,IRF,390142,Albert Einstein Medical Center,Philadelphia,PA,19141,701,791,10916,59458914,24504354,24064130,20210265,220016,18,*,74,54,46,74,18,3,2,*,2,*,2.37,2,18,23,45,6,45,51,3,3,4,18,36,71,14,21,44,26,54,38,93,95,53,21,7,55,*,1,*,0,5,0,30,*,*,2,*,0,8,18,35,588716,514620,73765,331,428421,389537,38720,164,138099,135079,2990,30
2024,FY,PROVIDER,IRF,390145,Independence Health System Westmoreland Hospital,Greensburg,PA,15601,64,69,758,1916143,1325670,1277918,1463149,32348,*,0,76,56,44,100,0,0,0,0,0,0,2.27,*,*,23,38,*,33,39,*,*,*,20,44,77,*,20,45,30,52,45,*,*,58,*,*,56,0,0,0,0,0,0,29,0,0,0,0,0,54,*,*,46353,44205,2148,0,47881,45946,1935,0,5169,5169,0,0
2024,FY,PROVIDER,IRF,390147,Penn Highlands Mon Valley,Monongahela,PA,15063,45,49,652,1844984,1209605,1201853,1346657,65340,*,*,79,49,51,98,*,0,0,0,*,0,2.78,0,*,*,42,*,42,49,*,*,*,*,38,76,*,24,51,44,44,36,*,*,44,*,*,31,*,*,0,0,0,0,*,*,*,*,0,0,43,*,*,52565,52565,0,0,24051,24051,0,0,3937,3937,0,0
2024,FY,PROVIDER,IRF,390151,Wellspan Chambersburg Hospital,Chambersburg,PA,17201,124,131,1779,10584281,4816281,4794089,4316994,1092563,*,0,79,50,50,98,0,0,0,0,*,*,2.25,*,*,23,47,*,41,44,*,*,*,15,45,63,10,23,52,27,48,46,*,*,51,27,*,40,0,0,0,0,*,0,24,0,0,*,0,0,31,29,15,106893,96402,10491,0,104283,98643,5640,0,6760,6760,0,0
2024,FY,PROVIDER,IRF,390156,Mercy Catholic Medical Center- Mercy Fitzgerald,Darby,PA,19023,63,66,686,3672111,3320768,3308152,3077383,1525916,37,0,75,48,52,59,38,*,0,0,0,*,2.26,0,21,24,44,*,43,44,*,*,*,32,32,70,*,21,41,46,59,40,*,*,60,22,*,41,*,*,*,0,*,0,23,*,0,*,*,0,*,17,*,41370,40560,810,0,38920,38575,345,0,5835,5835,0,0
2024,FY,PROVIDER,IRF,390160,Canonsburg General Hospital,Canonsburg,PA,15317,139,152,1973,9826073,3180552,3135928,3552585,60071,*,*,77,49,51,96,*,0,0,0,*,*,2.40,*,12,29,51,*,52,55,*,*,*,15,38,79,11,27,40,34,45,40,87,92,50,28,12,46,0,0,0,0,11,0,20,*,*,*,0,0,26,24,12,122869,118605,4264,0,124699,123912,787,0,12991,12991,0,0
2024,FY,PROVIDER,IRF,390164,Upmc Presbyterian Shadyside,Pittsburgh,PA,15213,68,73,1101,16606582,2404268,2330572,2468503,471837,24,*,71,71,29,82,*,*,0,0,*,*,3.33,*,21,34,50,25,49,53,0,*,*,25,46,74,*,22,46,32,51,41,84,*,66,*,*,57,0,0,0,0,33,0,18,0,0,*,0,0,29,*,*,38126,27162,10964,0,40131,28649,11482,0,12858,12858,0,0
2024,FY,PROVIDER,IRF,390173,Indiana Regional Medical Center,Indiana,PA,15701,49,53,645,2666517,1303710,1277886,1293782,13243,*,*,79,41,59,98,*,0,0,0,*,0,2.19,*,*,31,49,*,47,49,0,*,*,*,41,73,*,*,41,29,39,43,*,*,39,22,*,47,0,0,*,0,*,0,30,0,0,*,0,0,30,*,*,32999,31343,366,1290,33535,31914,331,1290,6084,6084,0,0
2024,FY,PROVIDER,IRF,390180,Crozer Chester Medical Center,Upland,PA,19013,282,323,3781,41123057,8790823,8621703,7738462,237944,13,*,78,41,59,75,21,*,*,0,*,*,2.71,0,15,32,46,13,50,57,*,*,4,20,35,76,22,21,64,41,56,45,87,96,55,25,7,41,*,0,*,0,9,0,11,*,*,4,*,0,39,20,13,197852,184982,2650,10220,194949,184534,650,9765,89504,86369,1440,1695
2024,FY,PROVIDER,IRF,390185,Lehigh Valley Hospital - Hazleton,Hazleton,PA,18201,187,200,2480,14107370,4418885,4380661,4860600,19726,11,0,79,44,56,96,*,*,*,0,*,0,2.38,0,17,24,41,6,42,47,*,*,*,14,53,74,10,20,55,37,57,49,93,*,57,26,6,32,*,*,*,0,12,0,16,*,*,*,0,0,17,30,18,148341,141426,6870,45,165810,159300,6420,90,19905,19875,30,0
2024,FY,PROVIDER,IRF,390198,Millcreek Community Hospital,Erie,PA,16509,149,153,1951,5260778,3076625,2989505,3540580,55349,14,*,79,40,60,96,*,0,0,0,*,0,2.03,*,13,40,57,8,58,63,*,*,*,14,43,82,11,20,40,30,40,50,90,*,54,23,*,26,0,0,*,0,50,0,10,*,*,*,0,*,0,12,17,95131,95131,0,0,108848,108848,0,0,36167,36167,0,0
2024,FY,PROVIDER,IRF,390201,Lehigh Valley Hospital - Pocono,East Stroudsburg,PA,18301,142,146,1545,7516251,3187503,3166319,3374439,6490,8,*,79,49,51,87,*,*,*,0,*,0,2.60,*,9,21,47,*,38,43,*,*,*,20,42,68,15,22,63,35,52,52,*,*,68,20,*,40,*,*,0,0,*,0,14,*,0,*,*,0,13,29,28,108670,87586,20064,1020,105320,88455,15845,1020,6015,6015,0,0
2024,FY,PROVIDER,IRF,390204,Nazareth Hospital,Philadelphia,PA,19152,41,42,596,2161823,2066706,2056210,1614937,914540,41,0,76,44,56,68,*,*,*,*,0,0,2.20,0,*,*,32,*,41,51,*,*,*,*,44,*,*,34,44,27,56,39,*,*,56,*,*,68,0,0,0,0,*,0,52,0,0,*,0,0,*,*,*,26054,25814,0,240,23031,22581,90,360,11953,11953,0,0
2024,FY,PROVIDER,IRF,390225,Wellspan Ephrata Community Hospital,Ephrata,PA,17522,70,73,900,5754948,2053302,2041942,2197152,378675,*,0,78,54,46,96,0,*,*,0,*,0,2.62,*,*,29,51,*,51,54,*,*,*,*,44,66,19,19,50,31,56,44,*,*,54,20,*,46,0,0,0,0,0,0,18,0,0,*,0,0,30,27,21,49759,49759,0,0,49354,49354,0,0,11344,11344,0,0
2024,FY,PROVIDER,IRF,390265,Jefferson Hospital,Jefferson Hills,PA,15025,118,125,1619,8781126,2642439,2609191,2915023,54852,11,*,76,48,52,92,*,0,*,0,0,*,2.74,0,10,32,57,10,55,58,*,0,*,17,47,76,14,17,49,32,47,45,86,*,47,25,14,53,0,0,0,0,*,0,26,*,0,*,0,0,20,22,20,98528,96447,2081,0,98784,97998,786,0,12622,12622,0,0
2024,FY,PROVIDER,IRF,390267,Forbes Hospital,Monroeville,PA,15146,115,134,1868,9515063,3028852,2967708,3395861,72618,*,0,74,54,46,92,*,*,0,0,*,0,2.48,*,15,25,54,*,49,53,*,*,*,22,43,89,17,12,49,41,55,43,*,*,62,24,11,54,0,*,*,0,10,0,28,*,0,*,0,*,13,27,15,100111,96769,3342,0,102856,100324,2532,0,12251,12251,0,0
2024,FY,PROVIDER,IRF,390304,Roxborough Memorial Hospital,Philadelphia,PA,19128,19,19,291,1904295,598040,596440,527017,20474,*,0,69,*,*,*,*,*,*,0,0,0,3.09,0,*,*,*,*,*,*,0,0,0,*,*,*,*,*,100,*,*,*,*,100,*,*,0,*,0,0,*,0,0,0,*,0,0,*,0,0,*,*,*,12445,11359,0,1086,12486,11497,0,989,2070,2070,0,0
2024,FY,PROVIDER,IRF,390327,Wellspan Surgery And Rehabilitation Hospital,York,PA,17403,506,543,7912,26699075,17733883,17546651,17380036,2183550,9,*,78,49,51,91,2,*,*,0,4,*,2.43,*,14,25,51,10,50,58,*,*,3,15,46,76,20,23,52,33,48,47,92,94,61,28,7,40,0,0,0,0,*,0,18,0,0,2,0,0,29,28,22,453355,447704,3935,1716,346653,340178,4600,1875,79262,77825,625,812
2024,FY,PROVIDER,IRF,390328,Upmc East,Monroeville,PA,15146,100,104,1406,8343336,2281293,2224445,2487053,13904,*,0,75,56,44,85,*,*,0,0,*,*,2.08,*,13,21,49,15,37,43,*,*,*,15,35,87,17,26,39,27,51,41,*,*,52,22,*,46,*,*,*,0,*,0,23,0,0,*,0,0,38,14,*,74162,55807,18355,0,75336,63631,11705,0,8706,8706,0,0
2024,FY,PROVIDER,IRF,392027,Kindred Hospital Philadelphia,Lawncrest,PA,19111,119,128,1642,5707249,3885666,3778466,3311554,111240,13,0,77,54,46,84,11,*,*,0,*,0,2.42,0,20,34,49,9,52,61,*,*,*,20,44,69,13,20,46,34,44,47,86,*,60,24,9,55,*,*,*,0,12,0,32,*,*,9,0,0,*,26,*,63442,52509,351,10582,64970,53669,325,10976,22107,21796,75,236
2024,FY,PROVIDER,IRF,393025,Bryn Mawr Rehabilitation Hospital,Malvern,PA,19355,879,985,13527,80972632,24294591,24033183,23382744,132408,6,*,77,49,51,88,6,*,*,0,4,*,2.04,2,10,18,44,8,52,66,2,2,2,15,36,73,15,23,35,24,37,32,92,91,50,28,8,52,0,*,0,0,3,0,26,0,0,*,0,0,8,30,31,734339,722286,11963,90,700495,695494,5001,0,205544,204239,1205,100
2024,FY,PROVIDER,IRF,393026,Encompass Health Rehabilitation Hospital Of Readin,Reading,PA,19607,812,999,11526,26567706,24281171,23732579,24128360,67508,10,*,80,41,59,94,3,*,2,0,1,*,2.52,1,12,42,59,14,53,57,4,3,8,17,47,83,17,18,56,33,50,53,93,97,59,31,10,41,0,0,*,*,56,*,7,0,*,9,0,0,5,16,7,608017,342620,263990,1407,770994,516645,252877,1472,92206,90696,1420,90
2024,FY,PROVIDER,IRF,393027,Encompass Health Rehab Hospital Of Harmarville,Pittsburgh,PA,15238,421,490,6810,16281560,12143525,11792613,13196992,51764,9,*,78,49,51,89,8,*,*,0,*,0,2.86,*,17,33,57,13,56,65,8,3,4,18,54,87,19,24,46,38,50,48,92,96,63,25,8,40,*,*,*,*,49,0,13,*,*,5,0,0,*,18,12,383860,175692,208168,0,316862,264937,51925,0,97383,96658,725,0
2024,FY,PROVIDER,IRF,393030,Allied Services Institute Of Rehabilitation,Scranton,PA,18508,462,526,6722,11706328,13484077,13364501,13766193,37462,16,13,79,44,56,97,*,*,*,0,*,0,2.29,*,12,25,54,8,47,50,*,*,4,17,48,84,11,24,53,34,48,51,91,95,59,30,12,40,*,3,3,0,17,0,25,5,*,11,2,0,4,26,3,359331,346191,13140,0,356151,350799,5352,0,38610,38610,0,0
2024,FY,PROVIDER,IRF,393031,Encompass Health Rehabilitation Hospital Of Mechan,Mechanicsburg,PA,17055,1029,1214,14789,35000216,28413255,27917495,28599688,50047,9,*,80,41,59,93,2,*,1,*,1,*,2.63,2,9,33,54,7,50,53,7,2,4,11,46,76,15,23,58,31,47,52,91,96,56,28,10,36,*,*,*,*,40,0,12,2,*,3,*,0,14,19,8,827532,518074,301683,7775,911751,567573,336378,7800,132702,132314,298,90
2024,FY,PROVIDER,IRF,393035,"Good Shepherd Rehabilitation Hospital, The",Center Valley,PA,18034,682,761,10415,45479730,19936131,19525483,19074259,1185585,10,*,78,51,49,92,2,*,3,0,*,*,2.48,2,16,29,55,9,55,63,2,4,5,14,42,74,17,22,54,26,49,47,91,94,49,29,9,42,*,*,*,*,12,*,19,*,*,5,2,0,12,29,17,539854,446671,93103,80,525343,436165,89118,60,104200,104200,0,0
2024,FY,PROVIDER,IRF,393036,John Heinz Institute Of Rehabilitation Medicine,Wilkes Barre Townshi,PA,18702,355,389,4575,7278409,10000828,9875820,9854902,18325,11,*,80,41,59,98,*,*,*,0,*,0,2.24,*,13,23,47,5,46,49,*,*,3,19,45,78,9,23,55,36,48,50,90,95,56,30,8,35,*,4,4,*,16,*,19,4,*,14,4,0,*,28,3,234907,232467,2440,0,249437,247997,1440,0,45465,45465,0,0
2024,FY,PROVIDER,IRF,393037,"Encompass Health Rehabilitation Hospital Of York,",York,PA,17404,1078,1265,16875,41325802,33921540,33021540,32928414,245776,12,*,79,45,55,93,3,1,*,0,2,*,2.37,1,13,30,55,14,55,57,3,2,4,15,46,83,17,22,58,34,52,48,92,96,56,29,8,35,0,0,*,0,54,0,9,0,*,4,0,*,4,20,9,858744,579870,275634,3240,946447,700065,243277,3105,95831,85353,10453,25
2024,FY,PROVIDER,IRF,393038,Magee Rehabilitation Hospital,Philadelphia,PA,19102,255,310,6671,48784778,15148170,14571578,13132853,4337770,20,0,74,55,45,75,18,*,*,0,*,*,3.14,*,17,42,44,11,41,82,*,4,4,21,38,70,18,22,44,30,53,44,90,92,58,25,9,57,0,0,0,0,7,0,29,*,0,*,*,0,9,19,35,218290,218275,0,15,215830,215380,450,0,82450,82420,0,30
2024,FY,PROVIDER,IRF,393039,Encompass Health Rehabilitation Hospital Of Nittan,Pleasant Gap,PA,16823,660,798,9286,21699552,21486672,21145568,19567336,953,15,5,79,45,55,97,*,*,*,0,*,0,2.43,2,12,28,49,11,50,56,3,5,5,17,42,66,15,23,54,32,46,50,86,93,54,31,7,33,*,2,*,*,28,*,12,*,*,5,*,*,16,24,13,495990,301691,194299,0,553401,319858,233543,0,65754,65409,345,0
2024,FY,PROVIDER,IRF,393040,Encompass Health Rehabilitation Hospital Of Altoon,Altoona,PA,16602,664,801,9915,24441847,18521942,18140966,19614869,48289,13,12,78,42,58,98,*,*,*,0,*,*,2.38,*,12,25,52,8,47,50,2,2,3,18,45,82,17,22,52,36,47,49,91,93,61,26,8,38,0,0,0,0,32,0,14,*,*,5,0,0,15,19,15,557883,336381,221502,0,543151,340350,202801,0,94405,86625,7780,0
2024,FY,PROVIDER,IRF,393045,Encompass Health Rehabilitation Hosp Of Sewickley,Sewickley,PA,15143,873,1060,12800,30791710,23653245,22926605,25877237,15625,10,*,78,44,56,93,4,*,*,0,*,*,2.58,2,11,32,54,11,54,59,1,2,4,18,46,74,13,22,51,38,46,52,88,95,60,27,10,38,*,*,*,0,41,*,15,1,*,5,0,0,9,18,10,732764,492311,240343,110,736645,533782,202863,0,118784,113104,5680,0
2024,FY,PROVIDER,IRF,393046,"Encompass Health Rehabilitation Hospital Of Erie,",Erie,PA,16507,600,678,7778,19247566,13827446,13485310,15808073,28733,17,*,77,49,51,96,2,0,*,0,*,*,2.44,2,14,28,51,10,55,60,2,3,4,20,41,72,16,22,46,37,51,48,91,95,55,24,7,38,*,*,*,0,19,*,14,*,*,*,0,0,22,25,17,438093,291931,146162,0,453805,325941,127804,60,51425,51234,191,0
2024,FY,PROVIDER,IRF,393047,Geisinger Encompass Health Rehabilitation Hospital,Danville,PA,17821,324,352,3932,9010564,7879796,7702628,8398754,0,16,*,76,49,51,97,*,*,*,0,*,*,2.50,*,12,28,47,15,49,52,*,3,4,17,36,70,15,23,51,28,48,41,88,89,51,30,14,40,0,0,0,0,16,0,14,0,0,*,0,0,15,31,22,244472,160218,84254,0,227030,171116,55704,210,29463,29263,195,5
2024,FY,PROVIDER,IRF,393053,Penn State Health Rehabilitation Hospital,Hummelstown,PA,17036,729,811,10211,74557587,22720191,22239127,20217400,460593,10,*,78,49,51,90,4,*,2,0,2,*,2.42,2,10,29,44,20,45,47,2,3,3,13,43,71,14,22,54,28,49,42,88,94,50,30,10,34,*,4,*,0,16,0,19,4,3,11,1,0,18,22,*,448208,410517,37611,80,577914,477912,99922,80,84498,84498,0,0
2024,FY,PROVIDER,IRF,393054,Lancaster Rehabilitation Hospital,Lancaster,PA,17604,718,798,9652,26641526,19477286,19228214,20368917,66786,7,*,78,47,53,95,*,*,2,0,*,*,2.32,*,11,27,50,18,47,51,*,2,3,13,38,73,20,25,62,29,47,45,86,92,51,33,8,41,*,*,*,0,13,0,23,2,*,7,*,*,12,25,14,520659,447985,71858,816,516092,473850,41453,789,132910,131234,1676,0
2024,FY,PROVIDER,IRF,393055,St Mary Rehabilitation Hospital,Langhorne,PA,19047,637,729,9014,36534200,19467173,19200285,19024163,5898,11,*,78,49,51,92,2,2,*,0,2,*,2.54,2,12,24,53,7,51,57,4,2,5,16,48,72,15,26,48,32,47,45,94,97,64,24,10,49,*,*,*,*,12,0,22,2,*,5,0,*,17,28,13,484215,397657,81430,5128,507850,438375,63660,5815,75314,75254,0,60
2024,FY,PROVIDER,IRF,393056,Helen M Simpson Rehabilitation Hospital,Harrisburg,PA,17109,610,701,8497,61035786,17492254,17234190,17303813,25439,13,*,79,42,58,85,11,*,*,0,*,*,2.64,*,11,26,50,7,48,50,3,*,3,16,42,77,15,21,62,37,49,54,89,97,58,27,9,35,0,*,*,0,17,*,10,*,*,4,0,0,36,19,10,499841,422147,77694,0,495261,426916,68345,0,55784,55784,0,0
2024,FY,PROVIDER,IRF,400012,Hospital Oncologico Dr Isaac Gonzalez Martinez,San Juan,PR,00936,16,16,178,307545,171315,161619,307267,0,+,0,76,*,*,0,0,0,100,0,0,0,1.23,0,*,*,*,*,*,*,0,0,0,*,*,*,0,*,*,*,*,*,*,*,*,*,*,*,0,*,0,0,0,0,*,0,0,*,0,0,*,*,0,9810,9180,630,0,12400,11290,1110,0,540,540,0,0
2024,FY,PROVIDER,IRF,400014,Bella Vista Hospital,Mayaguez,PR,00681,11,11,139,224752,165747,162891,327508,3708,+,0,79,*,*,0,0,0,100,0,0,0,2.17,0,*,*,*,*,0,*,0,0,*,*,*,*,*,*,*,0,*,*,*,*,*,*,0,*,0,0,0,0,*,0,*,0,0,0,0,0,0,*,0,*,*,*,*,*,*,*,*,*,*,*,*
2024,FY,PROVIDER,IRF,400016,Auxilio Mutuo Hospital,San Juan,PR,00918,74,78,636,1102295,802825,793849,1531047,0,+,*,79,38,62,*,*,0,93,0,*,0,1.53,0,*,*,16,*,*,16,0,0,*,*,18,72,22,24,36,16,64,23,81,*,28,24,*,30,0,0,*,0,*,0,*,0,0,55,0,0,0,18,0,*,*,*,*,*,*,*,*,*,*,*,*
2024,FY,PROVIDER,IRF,400021,Hospital De La Concepcion,San German,PR,00683,48,48,483,1443268,647301,627813,1075273,0,+,0,78,52,48,*,0,0,98,0,*,0,1.26,0,0,*,*,*,*,25,0,0,0,*,*,58,*,*,29,*,62,25,69,*,23,25,*,27,0,0,0,0,*,0,*,0,0,*,0,0,*,31,38,32880,32880,0,0,22090,22090,0,0,4770,4770,0,0
2024,FY,PROVIDER,IRF,400104,Hospital Menonita Caguas Inc,Caguas,PR,00725,37,37,439,596091,528566,517614,986649,41920,+,*,75,*,*,0,*,0,97,0,*,0,1.10,0,*,*,*,*,*,*,0,*,*,*,*,41,*,*,*,*,51,*,65,*,*,*,*,30,0,0,0,0,*,0,*,0,0,*,0,0,*,32,*,20475,17175,3300,0,28515,27465,1050,0,3617,3617,0,0
2024,FY,PROVIDER,IRF,403025,Encompass Health Rehabilitation Hospital Of San Ju,San Juan,PR,00936,65,68,804,1711608,1005431,951831,1825332,1271,+,0,81,32,68,0,*,0,98,0,*,0,1.97,*,*,29,35,*,28,34,*,0,*,*,28,54,18,18,54,18,74,46,*,*,42,28,*,37,0,0,0,0,16,0,*,0,0,*,0,0,*,34,24,35129,27013,8116,0,29350,23750,5600,0,9796,8626,1170,0
2024,FY,PROVIDER,IRF,403026,Encompass Health Rehabilitation Hospital Manati,Alts De Manati,PR,00674,118,123,1466,3007908,1863396,1753252,3371822,16130,+,0,78,43,57,*,0,0,99,0,*,0,1.70,*,*,24,22,*,31,35,0,*,*,11,16,53,16,15,36,19,66,25,76,*,35,31,*,44,0,0,0,0,14,0,22,0,0,16,0,0,*,29,15,71211,56791,14410,10,57549,44504,13030,15,35650,19440,16190,20
2024,FY,PROVIDER,IRF,403027,Multy Medical Facilities Corporation,San Juan,PR,00918,41,41,471,1048764,534038,524278,983313,5518,+,*,81,*,*,0,0,0,98,0,*,*,1.27,0,*,*,*,*,*,*,*,0,0,*,*,54,*,*,*,*,51,32,73,*,32,*,*,41,0,0,0,0,*,0,*,0,0,*,0,0,*,*,59,14450,14450,0,0,6090,6090,0,0,105,105,0,0
2024,FY,PROVIDER,IRF,410005,Our Lady Of Fatima Hospital,North Providence,RI,02904,52,52,709,3095899,1361778,1353618,1272628,449,21,0,74,54,46,81,*,0,*,0,*,*,2.10,0,21,*,56,*,54,62,*,*,*,21,27,67,*,25,42,33,54,40,*,*,50,*,*,63,0,*,0,0,*,0,50,0,0,0,0,0,0,*,*,38064,29707,5010,3347,35295,25038,6990,3267,14753,11028,3525,200
2024,FY,PROVIDER,IRF,410006,Newport Hospital,Newport,RI,02840,190,212,2890,10035348,5837575,5778735,5640183,451653,11,*,77,54,46,87,*,0,6,0,*,*,2.08,*,19,19,49,15,43,56,*,*,*,18,37,69,19,19,40,27,34,30,89,91,42,24,*,52,0,0,0,0,*,0,26,0,0,0,0,0,71,*,0,116011,115891,0,120,123094,122689,285,120,49586,49586,0,0
2024,FY,PROVIDER,IRF,410009,Kent County Memorial Hospital,Warwick,RI,02886,153,164,1847,7710863,4152738,4115402,4024598,111788,10,0,78,46,54,93,*,0,*,0,*,*,2.27,*,8,16,46,8,46,51,*,*,*,14,46,67,18,31,44,37,50,54,*,*,64,25,10,35,0,0,*,*,10,*,23,*,0,*,*,0,9,32,12,103478,99993,3075,410,109943,107548,1975,420,16938,16788,150,0
2024,FY,PROVIDER,IRF,413025,Rehabilitation Hospital Of Rhode Island,North Smithfield,RI,02896,202,216,2526,11146104,5485432,5363688,5138785,15964,13,0,78,47,53,93,*,*,*,0,*,*,1.88,*,13,22,54,11,50,53,*,*,*,10,40,73,17,21,39,28,40,36,91,*,47,24,12,42,*,*,*,0,8,0,21,*,*,10,*,0,9,34,13,133657,117506,16151,0,115704,108377,7327,0,17092,17092,0,0
2024,FY,PROVIDER,IRF,413026,Encompass Health Rehab Hospital Of Johnston,Johnston,RI,02919,68,68,694,2130666,1356025,1336441,1335237,0,*,0,77,56,44,91,*,0,0,0,*,0,1.36,*,16,24,54,*,49,50,*,*,*,*,34,66,*,*,40,25,41,26,*,*,47,26,*,38,0,0,0,0,16,0,19,0,0,*,0,0,*,29,24,33596,33131,330,135,31890,31545,210,135,6560,6560,0,0
2024,FY,PROVIDER,IRF,420004,Musc Medical Center,Charleston,SC,29425,103,115,1245,6471109,2664979,2625867,2899636,400552,14,12,78,39,61,66,33,0,0,0,*,*,2.13,*,*,34,40,*,39,40,*,*,*,16,31,79,11,17,55,27,54,33,87,*,49,21,*,35,0,0,*,0,11,*,17,*,*,25,*,0,*,23,*,76813,60968,15275,570,71136,57240,13746,150,9596,9596,0,0
2024,FY,PROVIDER,IRF,420007,Spartanburg Medical Center,Spartanburg,SC,29303,238,251,3014,14072026,5052418,4926418,5320010,322523,6,*,78,34,66,92,7,0,*,0,*,0,1.91,*,11,24,53,16,58,61,*,*,*,15,34,76,18,16,48,38,42,36,93,*,44,33,7,43,0,*,*,0,6,0,17,*,0,*,0,0,10,39,26,189231,188110,0,1121,189789,188669,0,1120,34324,34324,0,0
2024,FY,PROVIDER,IRF,420023,St Francis-downtown,Greenville,SC,29601,189,198,2212,11573638,4397264,4361544,4739409,244403,*,0,78,48,52,92,*,*,*,0,*,*,2.31,*,15,29,49,17,47,50,*,*,*,15,40,76,12,26,54,31,40,46,90,91,53,33,11,32,*,*,*,0,14,*,14,7,*,7,*,0,6,27,17,136460,120931,3072,12457,132872,117584,2819,12469,14071,14071,0,0
2024,FY,PROVIDER,IRF,420030,Colleton Medical Center,Walterboro,SC,29488,110,122,1741,16933190,3424306,3395242,3591980,250172,11,87,78,45,55,83,17,0,0,0,0,0,2.78,*,15,29,48,*,42,44,*,0,*,25,49,75,12,20,50,42,54,51,*,*,53,19,12,42,0,0,*,0,12,0,14,*,0,*,*,0,30,29,11,64412,64128,0,284,66059,65699,0,360,6090,5665,120,305
2024,FY,PROVIDER,IRF,420036,Musc Health Lancaster Medical Center,Lancaster,SC,29720,219,250,3123,23649433,6056625,5969313,5957250,294538,10,*,78,41,59,90,8,0,*,0,0,*,2.51,*,7,33,47,*,49,52,*,*,*,18,48,68,15,26,66,40,58,47,89,*,56,27,*,37,*,*,*,0,16,0,18,*,0,12,*,0,24,20,0,177239,146869,29513,857,191804,159048,31916,840,7687,7412,215,60
2024,FY,PROVIDER,IRF,420049,Conway Medical Center,Conway,SC,29526,198,208,2186,9186981,4434321,4377489,4675294,100398,9,*,78,41,59,92,6,0,*,0,*,0,2.32,*,17,27,56,15,48,49,*,*,*,18,42,75,14,19,45,35,45,42,92,94,44,24,9,33,0,*,0,*,9,0,19,*,*,*,*,0,13,28,22,99835,92820,7015,0,119542,115610,3932,0,41934,38004,3690,240
2024,FY,PROVIDER,IRF,420067,Beaufort County Memorial Hospital,Beaufort,SC,29902,223,244,2659,7596767,5114453,5068581,5793454,238315,6,5,79,45,55,82,11,*,*,0,*,*,2.20,*,17,31,87,10,41,43,*,*,*,16,42,89,12,24,66,35,50,41,87,*,45,24,10,30,0,*,*,0,17,0,17,*,*,7,*,0,20,29,5,147802,130424,13995,3383,150184,137756,8630,3798,27373,26058,120,1195
2024,FY,PROVIDER,IRF,420070,Prisma Health Tuomey Hospital,Sumter,SC,29150,69,73,1017,4117590,1522376,1509416,1820426,88629,*,*,80,29,71,77,20,*,0,0,0,*,3.30,0,20,32,52,*,61,62,*,*,*,19,36,83,19,16,64,48,49,65,*,*,57,22,*,38,0,0,*,0,*,0,*,0,0,*,0,0,33,38,*,51462,51062,400,0,63601,62808,793,0,2098,2098,0,0
2024,FY,PROVIDER,IRF,420078,Prisma Health Greenville Memorial Hospital,Greenville,SC,29605,323,341,4892,18041884,8605829,8442781,8834051,838152,8,*,75,59,41,88,7,*,*,0,*,0,2.24,*,14,24,43,9,45,49,*,*,*,18,41,63,14,20,50,23,44,37,89,90,52,31,6,43,*,*,0,0,5,0,19,0,*,6,0,0,22,27,21,207705,206630,1045,30,208361,206041,2320,0,68321,68201,30,90
2024,FY,PROVIDER,IRF,420079,Trident Medical Center,Charleston,SC,29406,239,247,2907,32612647,5806845,5754381,6100024,46627,5,*,79,42,58,81,15,*,*,0,*,*,2.21,*,21,28,52,16,50,51,0,*,*,19,43,67,16,28,49,40,51,43,94,*,48,23,6,50,0,*,0,0,6,0,21,*,0,*,0,0,25,32,13,154360,153185,1175,0,144355,144205,150,0,38412,37352,1060,0
2024,FY,PROVIDER,IRF,420082,Aiken Regional Medical Center,Aiken,SC,29801,167,180,2200,26003208,3917025,3883761,4429909,103938,*,8,80,32,68,89,9,0,*,0,*,0,1.88,*,13,26,48,7,46,47,*,*,*,10,31,80,8,24,44,26,43,35,86,92,39,31,7,34,0,*,*,0,8,0,17,*,*,12,*,0,*,43,*,100193,100013,0,180,63731,63551,0,180,4495,4495,0,0
2024,FY,PROVIDER,IRF,420085,Grand Strand Regional Medical Center,Myrtle Beach,SC,29572,450,476,5517,54172766,11109220,11016140,12244591,160093,4,*,79,46,54,93,3,*,*,0,*,*,2.14,*,15,28,45,23,42,45,*,2,3,19,46,78,12,23,44,38,45,46,94,96,54,32,7,44,*,*,*,0,5,0,20,*,0,3,0,0,18,43,8,233132,233005,0,127,233580,233420,0,160,17195,17195,0,0
2024,FY,PROVIDER,IRF,420087,Roper Hospital,Charleston,SC,29401,503,537,6827,32223434,13344356,13212916,13973702,274867,3,3,78,48,52,82,15,*,*,0,*,*,2.32,3,14,25,47,8,45,50,3,4,2,14,46,70,15,29,45,27,45,45,93,94,49,30,6,36,*,*,*,*,6,0,19,*,*,5,*,0,16,28,20,381486,350941,30080,465,396983,362543,33975,465,71465,63365,8100,0
2024,FY,PROVIDER,IRF,420089,East Cooper Medical Center,Mount Pleasant,SC,29464,159,176,1788,19960598,3725314,3710754,4033540,348701,*,*,78,53,47,88,8,*,*,0,*,0,2.47,*,18,29,55,8,52,55,*,*,*,18,47,79,16,25,42,33,45,50,92,*,52,26,8,48,*,0,*,*,19,0,23,*,*,*,0,0,15,15,14,113530,113530,0,0,105550,105550,0,0,50913,50913,0,0
2024,FY,PROVIDER,IRF,420091,Musc Health Florence Medical Center,Florence,SC,29505,264,280,3204,20601345,5977140,5907852,6503141,55316,8,28,77,47,53,78,20,0,0,0,*,*,2.44,*,16,28,52,10,45,48,*,*,*,23,40,73,13,25,56,42,56,52,91,*,53,22,*,40,*,*,*,0,10,0,27,*,*,10,*,0,15,24,*,187187,167895,19292,0,185410,158382,27028,0,31792,31792,0,0
2024,FY,PROVIDER,IRF,423025,Encompass Health Rehabilitation Hospital Of Cola,Columbia,SC,29203,1101,1235,14137,33005595,26446164,25862380,28683796,3992,10,2,78,44,56,70,27,*,*,*,1,*,2.44,2,13,30,51,7,46,48,2,3,3,15,42,74,17,23,54,31,53,50,91,96,55,24,6,37,*,*,*,0,18,*,16,*,*,4,0,0,19,22,20,808599,613067,194422,1110,801701,617487,183374,840,181721,165166,16555,0
2024,FY,PROVIDER,IRF,423026,Encompass Health Rehabilitation Hospital Of Flore,Florence,SC,29506,771,861,10230,23940748,18978690,18668250,21372683,8378,14,33,77,46,54,74,23,*,*,*,*,*,2.78,*,15,30,50,10,47,49,4,3,4,21,41,71,12,23,59,42,57,57,92,98,52,21,4,36,0,*,0,0,12,0,16,*,*,3,0,0,27,28,13,541790,402210,136550,3030,573423,413495,156947,2981,109783,94409,15339,35
2024,FY,PROVIDER,IRF,423027,Encompass Health Rehabilitation Hospital Of Charl,North Charleston,SC,29406,703,765,8454,19404562,15760553,15508137,16745604,5207,8,4,78,46,54,78,19,*,*,0,*,*,2.60,2,16,30,46,16,52,54,2,4,4,19,43,70,18,23,70,39,56,50,92,98,48,24,10,38,*,0,0,*,12,0,14,0,*,2,0,0,26,25,21,468904,336225,132344,335,468970,349997,118758,215,80777,77977,2785,15
2024,FY,PROVIDER,IRF,423028,Encompass Health Rehabilitation Hospital Of Rock H,Rock Hill,SC,29732,1009,1113,13071,29823576,26266782,25821238,26672688,0,8,*,79,43,57,86,11,*,*,*,*,*,2.33,2,13,31,50,5,48,50,2,2,4,14,43,75,16,22,47,34,47,45,89,96,55,35,8,35,0,*,*,*,38,0,18,*,0,4,0,0,5,23,10,757427,545804,211503,120,805423,591011,214352,60,60359,58909,1450,0
2024,FY,PROVIDER,IRF,423029,Anmed Healthsouth Rehabilitation Hospital,Anderson,SC,29621,986,1149,12603,30160517,24946432,24451856,26605538,14237,8,7,80,42,58,91,6,*,*,0,*,*,2.24,1,16,31,50,10,49,51,2,2,5,13,43,74,15,23,48,37,45,46,88,96,51,28,7,30,0,*,*,*,30,0,8,0,*,1,0,0,28,20,12,644154,418442,224362,1350,729309,479214,248820,1275,170524,119797,50697,30
2024,FY,PROVIDER,IRF,423030,"Greenwood Regional Rehabilitation Hospital, Inc",Greenwood,SC,29646,405,465,7255,16196666,13386176,13149408,13308718,64720,8,5,80,46,54,86,11,*,*,0,*,*,2.25,*,15,34,51,8,52,54,*,3,*,12,46,70,14,21,58,31,50,68,88,96,49,25,5,38,0,*,*,*,21,0,10,*,*,9,0,0,31,15,12,352049,259254,92795,0,420593,314505,106088,0,53989,44809,9150,30
2024,FY,PROVIDER,IRF,423031,"Spartanburg Rehabilitation Institute, Inc",Spartanburg,SC,29303,514,572,8091,20483618,14230441,13889769,15074284,52673,9,2,78,41,59,90,9,*,*,0,*,0,2.53,*,12,30,62,8,60,60,*,2,3,15,42,75,18,20,58,32,48,47,89,95,55,32,9,39,*,*,*,0,5,0,10,0,0,7,0,0,32,27,19,432789,359062,73577,150,447548,371288,76005,255,56281,47781,8500,0
2024,FY,PROVIDER,IRF,423032,Encompass Health Rehab Hospital Of Bluffton,Bluffton,SC,29910,787,863,9664,25638325,17360253,16969645,19822307,78373,3,4,80,45,55,91,6,*,*,0,2,*,2.12,*,13,30,45,7,43,46,1,*,2,12,42,76,11,24,46,28,41,40,93,95,47,24,10,34,0,0,0,0,15,0,11,*,0,2,0,0,23,34,14,506394,374322,124678,7394,442986,358176,76011,8799,121329,113299,7800,230
2024,FY,PROVIDER,IRF,423033,Tidelands Health Rehabilitation Hospitals,Murrells Inlet,SC,29576,1490,1676,19835,52223883,38305447,37737375,38108945,40061,5,5,79,45,55,93,4,0,1,*,1,*,2.37,1,17,30,49,12,53,55,2,3,2,18,48,77,14,23,49,38,49,49,94,96,57,29,10,35,0,*,0,0,20,*,10,*,*,4,0,*,23,27,15,990454,754365,235704,385,943610,734558,208902,150,226952,194587,32365,0
2024,FY,PROVIDER,IRF,423034,Midlands Regional Rehabilitation Hospital,Elgin,SC,29045,391,436,6288,14672813,10533852,10348436,11486256,137774,7,3,78,39,61,73,25,*,*,0,*,0,2.13,*,14,27,55,19,49,52,*,4,3,13,41,79,16,22,52,28,52,46,94,97,60,25,7,40,0,*,0,*,6,0,12,0,0,6,0,*,32,24,18,300701,254631,46028,42,326169,282763,43364,42,56651,50756,5895,0
2024,FY,PROVIDER,IRF,423035,Encompass Health Rehabilitation Hospital Greenvill,Greenville,SC,29607,834,912,9520,25275567,20101391,19730799,21501034,4886,6,*,78,46,54,89,7,*,*,*,2,*,2.35,4,18,33,54,16,53,55,2,3,3,14,41,75,17,25,53,30,47,45,90,96,50,36,10,36,0,*,0,*,23,0,11,0,*,3,0,0,17,25,20,622071,436056,185635,380,561703,414314,147214,175,85616,85251,335,30
2024,FY,PROVIDER,IRF,423036,Lexington Regional Rehabilitation Hospital,Cayce,SC,29033,467,530,7995,27126593,12655902,12474918,13975041,228500,5,3,79,46,54,87,10,0,*,0,*,*,1.93,*,14,30,52,6,50,53,*,*,*,13,44,77,16,23,50,29,44,47,91,97,54,27,6,39,0,0,*,*,13,0,15,*,*,11,*,0,23,19,17,357573,276590,80803,180,414888,319463,94945,480,74566,70940,3536,90
2024,FY,PROVIDER,IRF,430016,Avera Mckennan Hospital & University Health Center,Sioux Falls,SD,57117,246,257,3200,15960110,4941442,4877914,5599770,500229,9,25,75,46,54,96,*,*,*,*,0,*,2.00,*,10,15,46,7,42,49,*,*,*,16,37,64,9,21,38,24,40,32,82,95,41,26,7,43,0,*,0,0,10,0,30,0,0,*,0,0,20,17,21,105475,105475,0,0,104796,104796,0,0,26576,26576,0,0
2024,FY,PROVIDER,IRF,430027,Sanford Usd Medical Center,Sioux Falls,SD,57117,125,129,1961,10102592,2988162,2886290,3303379,282264,10,25,74,66,34,87,*,*,*,*,*,0,1.70,*,12,17,34,*,46,46,*,*,0,22,34,55,12,25,36,21,32,26,*,*,41,14,*,68,0,*,*,0,*,0,56,*,*,*,0,0,*,12,*,71559,71519,40,0,70718,70581,137,0,39996,39996,0,0
2024,FY,PROVIDER,IRF,430077,Monument Health Rapid City Hospital,Rapid City,SD,57701,34,35,508,2118700,738001,720401,768627,52761,*,*,79,56,44,88,0,0,0,*,*,0,2.15,0,*,*,38,*,32,35,0,0,0,*,35,*,*,*,32,*,38,38,*,*,38,35,0,50,0,0,0,0,0,0,34,0,0,*,0,0,*,*,*,24696,24696,0,0,24802,24802,0,0,4149,4149,0,0
2024,FY,PROVIDER,IRF,430099,Rehab & Critical Care Hospital Of The Black Hills,Rapid City,SD,57701,97,102,1714,8800466,2241625,2222857,2468296,25745,12,19,75,55,45,88,0,0,0,*,*,*,1.50,*,*,19,38,*,46,48,*,0,*,18,39,61,11,16,29,22,42,38,78,*,42,32,*,43,0,0,0,0,*,0,25,*,0,*,0,0,*,37,17,6821,6652,15,154,11911,11760,32,119,1226,1226,0,0
2024,FY,PROVIDER,IRF,433027,Encompass Health Rehab Hospital Of Sioux Falls,Sioux Falls,SD,57108,684,764,10004,29342631,16535047,15906903,18171579,381000,15,19,77,49,51,93,*,*,*,3,*,*,2.56,3,15,22,52,12,51,55,4,2,4,18,39,75,17,28,50,34,50,46,85,93,55,27,8,26,0,*,0,0,59,0,7,0,0,1,0,0,5,15,12,487005,358541,128464,0,585644,367047,218597,0,57559,54459,3100,0
2024,FY,PROVIDER,IRF,440003,Highpoint Health-sumner With Ascension Saint Thoma,Gallatin,TN,37066,110,113,1352,10296907,2998835,2980475,3261201,502387,13,*,77,46,54,95,*,0,0,*,*,0,2.98,0,*,29,55,14,64,69,*,*,*,20,52,79,20,21,65,48,58,50,*,*,69,22,*,45,*,*,*,0,*,0,22,*,0,*,*,0,31,27,*,67905,66795,0,1110,69465,68235,0,1230,28400,28235,0,165
2024,FY,PROVIDER,IRF,440006,Tristar Skyline Medical Center,Nashville,TN,37207,279,295,3987,31341957,7219611,7156395,7661423,81596,10,6,76,49,51,86,10,*,*,0,*,*,2.23,*,16,22,49,6,46,49,*,*,6,24,40,72,14,21,51,34,57,44,90,96,56,19,5,47,*,*,*,0,8,0,25,*,0,*,*,0,20,32,10,130548,129828,60,660,127446,126286,170,990,43579,41069,2240,270
2024,FY,PROVIDER,IRF,440035,Tennova Healthcare-clarksville,Clarksville,TN,37040,152,162,1974,17554310,2936469,2909717,3653616,55941,*,*,78,38,62,91,*,*,*,0,*,0,1.74,*,9,25,43,8,44,45,*,*,*,16,34,72,11,18,47,34,47,39,88,*,42,24,*,34,0,0,0,0,8,0,14,0,0,*,0,0,18,49,10,83945,83945,0,0,84468,84378,90,0,22318,22318,0,0
2024,FY,PROVIDER,IRF,440046,Tristar Horizon Medical Center,Dickson,TN,37055,176,193,2469,23001027,4633337,4601233,4982024,134643,9,26,80,46,54,99,0,0,0,0,*,*,2.59,*,7,34,61,11,59,64,*,*,*,22,53,76,11,18,58,37,54,53,91,*,59,24,11,43,*,0,*,0,16,0,17,*,*,*,*,0,25,30,6,122623,120151,0,2472,126512,123080,780,2652,19023,19023,0,0
2024,FY,PROVIDER,IRF,440058,Highpoint Health - Winchester With Ascension Saint,Winchester,TN,37398,90,97,1079,8630191,1982424,1964536,2093185,5045,*,*,79,41,59,99,*,0,0,0,*,0,1.75,*,12,20,50,*,54,59,*,0,*,21,42,76,17,24,57,38,60,52,88,*,76,26,*,38,0,0,0,0,*,0,18,*,0,*,0,0,13,37,23,65845,65845,0,0,63706,63705,1,0,7158,7158,0,0
2024,FY,PROVIDER,IRF,440059,Cookeville Regional Medical Center,Cookeville,TN,38501,302,333,3396,9669950,6382149,6314301,7075148,227521,16,9,79,44,56,97,*,*,*,0,0,*,2.24,*,19,28,50,8,53,55,*,*,6,23,48,78,14,21,53,48,51,56,90,*,57,25,10,39,*,0,0,0,*,0,13,*,0,0,*,0,46,20,19,202181,150488,48594,3099,188248,167291,17628,3329,29795,29795,0,0
2024,FY,PROVIDER,IRF,440150,Tristar Summit Medical Center,Hermitage,TN,37076,192,203,2438,23512387,4812086,4797430,5255469,224446,6,*,78,46,54,91,7,*,*,0,*,0,2.18,*,15,29,46,6,54,55,*,0,*,19,40,72,15,20,55,34,45,44,84,*,43,23,6,46,*,*,0,0,8,0,24,0,*,*,0,0,24,29,10,111348,111308,0,40,108118,108118,0,0,32751,30646,2105,0
2024,FY,PROVIDER,IRF,440151,Ascension Saint Thomas River Park Hospital,Mcminnville,TN,37110,104,108,1135,5726273,2208955,2182531,2383929,90189,11,18,79,40,60,100,0,0,0,0,0,0,1.92,*,*,29,47,12,44,46,*,0,*,33,48,75,13,20,59,47,51,55,88,*,57,17,*,32,*,*,0,0,11,0,21,12,*,11,0,0,*,31,*,72545,72165,380,0,65380,63820,1560,0,3164,3164,0,0
2024,FY,PROVIDER,IRF,440152,Regional One Health,Memphis,TN,38103,110,115,1017,4653815,2053705,2027689,2162099,4422,20,12,73,39,61,62,33,*,*,0,*,*,2.14,*,18,30,38,10,43,45,0,*,*,24,25,73,12,18,40,26,52,31,81,*,49,20,*,36,0,*,*,0,*,0,*,0,0,*,*,0,26,63,0,64911,64679,159,73,62952,62824,55,73,3020,3020,0,0
2024,FY,PROVIDER,IRF,440156,Parkridge Medical Center,Chattanooga,TN,37404,114,123,1578,18340605,2827736,2775704,3062310,177963,*,*,77,35,65,94,*,*,*,0,0,0,2.73,*,17,24,48,*,43,47,*,*,*,18,47,86,18,19,60,45,54,49,90,*,61,32,*,35,*,*,0,0,12,0,11,0,0,*,0,0,24,26,19,68306,68306,0,0,63924,63924,0,0,1772,1772,0,0
2024,FY,PROVIDER,IRF,440175,Southern Tennessee Regional Health System Lawrence,Lawrenceburg,TN,38464,144,157,1527,15113427,3595253,3548173,4158402,504458,8,22,79,44,56,96,*,0,*,0,*,0,2.07,*,12,19,49,8,44,45,10,*,*,22,45,70,11,23,52,41,46,47,88,*,56,17,12,32,0,*,0,0,35,0,12,0,0,7,0,0,*,29,11,98447,74543,5432,18472,99745,75132,6174,18439,7811,7573,0,238
2024,FY,PROVIDER,IRF,440183,St Francis Hospital,Memphis,TN,38119,121,130,2149,19845450,2747009,2706601,3089021,364510,9,*,78,41,59,71,26,0,*,0,0,*,2.63,*,*,22,39,*,41,42,*,*,*,14,41,79,14,18,55,30,66,47,*,*,73,14,*,43,0,0,0,0,22,0,22,*,0,*,0,0,*,26,15,39567,39252,0,315,40428,39528,0,900,2905,2905,0,0
2024,FY,PROVIDER,IRF,440187,Livingston Regional Hospital,Livingston,TN,38570,77,83,1068,10272624,1906156,1891564,2125147,76908,18,32,79,34,66,100,0,0,0,0,0,0,2.56,0,14,29,64,*,66,70,0,*,*,23,49,79,*,21,49,57,48,68,*,*,52,34,*,38,*,*,*,*,22,0,14,*,*,*,*,0,*,35,*,65149,65149,0,0,62278,62278,0,0,6024,6024,0,0
2024,FY,PROVIDER,IRF,440197,Tristar Southern Hills Medical Center,Nashville,TN,37211,114,120,1565,19484851,2953564,2936980,3165504,68142,10,*,78,46,54,89,*,0,*,0,0,*,2.15,*,23,25,56,14,61,63,*,*,*,18,41,78,18,19,48,48,46,45,89,*,55,23,*,35,0,0,*,0,17,0,16,*,0,*,0,0,26,20,12,79321,77656,750,915,69662,68127,650,885,25829,25634,195,0
2024,FY,PROVIDER,IRF,440231,Trustpoint Hospital,Murfreesboro,TN,37129,181,193,2005,11010117,3506373,3451045,3852975,4942,7,*,75,40,60,96,*,*,0,0,*,0,2.05,*,12,15,48,8,49,50,*,*,*,19,34,73,11,14,43,29,46,38,92,*,50,29,6,46,0,*,0,0,8,0,26,0,0,14,0,0,21,23,7,93419,93119,0,300,95568,95268,0,300,36438,36438,0,0
2024,FY,PROVIDER,IRF,443025,Siskin Hospital For Physical Rehabilitation,Chattanooga,TN,37403,915,1000,12999,25089237,21917086,21484413,24003759,316202,9,6,78,47,53,92,5,*,*,*,*,*,2.36,2,19,25,54,10,48,54,2,3,4,16,46,73,16,24,51,34,48,45,88,97,52,25,8,39,2,*,*,0,7,*,18,3,*,4,*,0,17,26,21,798753,704608,93540,605,478125,458766,18634,725,129875,129875,0,0
2024,FY,PROVIDER,IRF,443027,"Rehabilitation Hospital Of Kingsport, A Joint Vent",Kingsport,TN,37660,401,464,5546,13347348,10327966,10178662,11898891,2917,12,15,76,42,58,97,*,*,*,0,*,*,2.70,*,22,26,58,10,57,60,3,*,3,25,42,74,17,21,59,44,52,50,89,95,51,31,6,32,*,*,0,0,28,0,14,2,*,7,0,0,16,20,11,315852,215909,99943,0,290590,206630,83780,180,93037,76113,16924,0
2024,FY,PROVIDER,IRF,443028,Vanderbilt Stallworth Rehab Hospital,Nashville,TN,37212,406,455,5724,16089676,9716415,9398407,10318423,239120,10,8,73,51,49,83,11,*,*,*,3,*,2.87,*,16,22,54,13,55,57,4,5,6,18,41,71,16,25,49,31,49,40,85,93,54,23,6,35,0,*,*,0,23,0,13,*,*,3,0,0,19,18,21,282777,239927,42355,495,284186,249026,34420,740,76767,74127,2595,45
2024,FY,PROVIDER,IRF,443029,Encompass Health Rehabilitiation Hospital Of Memph,Memphis,TN,38104,628,710,8586,20538352,15572110,15314790,17079152,50836,22,2,75,43,57,47,50,*,*,0,*,0,2.87,2,14,28,40,7,45,49,4,2,4,20,38,70,15,23,54,36,57,52,91,*,59,17,4,49,0,*,*,0,26,0,18,0,*,4,*,0,18,14,18,460365,317563,142282,520,461078,326788,133830,460,78363,67995,10353,15
2024,FY,PROVIDER,IRF,443030,West Tennessee Healthcare Rehabilitation Hospital,Martin,TN,38237,514,571,6977,15566532,12865908,12596492,13415937,0,18,17,79,40,60,96,3,0,*,0,*,0,2.34,*,16,29,60,9,54,55,*,*,6,23,47,81,14,23,51,47,48,55,89,97,60,21,7,33,0,*,0,*,27,0,13,0,*,2,0,0,28,22,7,478863,371659,107204,0,345806,305666,40140,0,48378,46333,2045,0
2024,FY,PROVIDER,IRF,443031,Encompass Health Methodist Rehabilitation Hospital,Memphis,TN,38128,590,646,8044,19961657,13360152,13126776,14872356,109962,10,2,78,41,59,79,18,*,*,0,*,*,2.35,*,11,30,45,8,45,49,2,2,4,16,46,79,16,23,57,38,53,52,90,*,58,23,5,39,0,*,*,*,28,0,9,*,0,2,0,0,29,22,9,408935,337638,71297,0,413288,342845,70443,0,81228,72704,8524,0
2024,FY,PROVIDER,IRF,443032,Encompass Health Rehabilitation Hospital Of Chatta,Chattanooga,TN,37404,596,653,7795,18771758,14396389,14083589,15429249,5964,17,6,77,44,56,90,8,0,*,*,*,*,2.75,3,22,32,59,14,56,61,*,4,9,21,45,76,15,24,52,39,55,48,88,97,61,28,6,38,*,*,*,*,23,*,17,0,*,5,0,0,19,19,15,438109,295280,142829,0,414503,311325,103178,0,88515,78375,10140,0
2024,FY,PROVIDER,IRF,443033,"Quillen Rehabilitation Hospital, Ajv Of Ballad Hlt",Johnson City,TN,37601,408,458,5664,13293182,9532681,9402809,11282736,14193,10,6,78,42,58,96,*,*,*,0,*,0,2.46,*,17,25,57,12,52,56,5,3,5,18,47,73,13,21,50,32,47,51,87,94,53,27,5,36,*,*,0,0,35,*,13,0,*,*,0,0,9,31,9,316549,243494,72935,120,324082,262609,61413,60,82581,56171,26410,0
2024,FY,PROVIDER,IRF,443034,Baptist Memorial Rehabilitation Hospital,Germantown,TN,38138,836,908,11084,46850048,20282714,20096762,23061036,0,7,3,79,42,58,83,15,*,*,0,*,0,2.37,*,10,28,44,6,41,44,1,2,4,15,44,78,12,25,51,30,49,45,90,97,56,26,6,44,1,*,*,*,7,*,20,3,*,6,2,0,10,32,17,581093,434632,145711,750,618596,468761,148800,1035,111898,110235,1663,0
2024,FY,PROVIDER,IRF,443035,Encompass Health Rehabilitation Hospital Of Frankl,Franklin,TN,37067,543,588,6834,17154413,11950108,11717748,12861917,0,5,4,78,46,54,92,3,*,*,0,*,*,1.96,*,11,26,52,9,52,61,3,2,4,12,40,75,15,25,44,24,39,37,84,93,45,23,9,36,0,*,*,*,18,0,15,0,*,4,0,0,18,27,19,417663,291900,125763,0,417570,292015,125555,0,41915,40585,1330,0
2024,FY,PROVIDER,IRF,443036,West Tennessee Healthcare Rehabilitation Hosptial,Jackson,TN,38301,699,767,9541,23963923,14301977,13952161,17373697,0,12,32,79,44,56,92,7,*,0,0,*,*,2.26,*,12,29,71,6,68,70,*,2,5,20,47,79,10,21,48,38,51,53,87,97,56,22,6,36,0,0,*,0,29,0,15,*,0,2,0,0,17,25,11,534255,366283,166407,1565,553009,401603,150221,1185,74300,62267,12033,0
2024,FY,PROVIDER,IRF,443037,Knoxville Rehabilitation Hospital,Knoxville,TN,37909,802,888,10194,47760647,17835607,17522063,22466472,166547,10,6,78,41,59,94,3,*,*,0,2,*,2.28,2,15,30,51,8,53,57,1,3,5,16,44,75,13,20,51,35,49,42,90,95,48,28,9,34,*,*,*,0,12,0,15,4,2,5,2,0,5,29,22,481440,440021,11505,29914,518376,467172,22677,28527,228516,207452,16700,4364
2024,FY,PROVIDER,IRF,443038,Ascension Saint Thomas Rehabilitation Hospital,Nashville,TN,37203,356,375,4065,14688647,7955648,7811336,8613974,21408,5,8,76,47,53,87,9,*,*,0,*,0,1.95,*,14,19,49,11,45,47,*,*,*,14,39,71,12,18,47,24,48,41,91,95,53,24,4,36,0,0,0,0,7,0,20,*,0,6,*,0,10,15,42,223100,198740,23907,453,223393,200424,22526,443,52270,49662,2581,27
2024,FY,PROVIDER,IRF,443039,Patricia Neal Rehabilitation Hospital,Knoxville,TN,37922,873,952,11185,31026492,17145960,16643160,21497250,27269,9,5,78,44,56,95,3,*,*,0,*,*,2.42,2,14,27,49,5,46,48,2,2,3,17,41,73,13,20,46,32,49,38,88,94,46,28,7,42,0,*,0,*,11,0,21,*,0,3,0,0,20,28,16,530925,425667,105103,155,597039,502036,94853,150,212953,170522,42431,0
2024,FY,PROVIDER,IRF,450007,Peterson Regional Medical Center,Kerrville,TX,78028,296,315,3906,18582736,7301268,7181548,7456069,307974,6,7,80,43,57,94,0,*,5,*,*,0,1.77,*,13,22,35,12,48,54,*,*,*,13,40,68,13,22,35,26,41,33,89,*,44,26,5,34,*,*,*,0,7,0,20,*,*,*,*,0,*,15,49,238492,238492,0,0,217249,217249,0,0,36368,36368,0,0
2024,FY,PROVIDER,IRF,450015,Parkland Health And Hospital System,Dallas,TX,75235,30,32,401,2600252,1032155,1023619,863119,5169,*,0,72,*,*,40,*,0,43,0,*,0,2.28,0,*,*,*,*,47,53,0,*,*,*,*,63,*,*,*,*,43,*,*,*,37,*,*,47,0,0,0,0,*,0,*,0,0,*,0,0,*,*,*,16753,16753,0,0,16120,15830,290,0,6060,5984,76,0
2024,FY,PROVIDER,IRF,450032,Christus Good Shepherd Medical Center,Longview,TX,75601,288,305,3051,20411994,6481647,6387415,6566490,170436,10,13,78,41,59,88,10,*,*,0,*,0,2.44,5,14,24,48,10,48,51,*,*,*,19,41,72,18,23,45,43,48,47,87,96,52,32,4,41,*,*,*,0,4,0,16,*,*,5,*,0,24,30,14,185606,184766,540,300,190407,189057,1110,240,17345,17315,30,0
2024,FY,PROVIDER,IRF,450033,Vhs Harlingen Hospital Company Llc,Harlingen,TX,78550,156,166,2074,41362425,3435737,3363873,3795088,76678,21,*,78,44,56,64,*,0,35,0,*,0,2.46,*,12,15,37,*,44,47,*,*,*,10,45,66,10,21,53,28,62,41,92,*,63,22,7,44,0,0,0,0,11,0,17,0,0,*,0,0,29,26,16,32750,32750,0,0,31725,31725,0,0,3215,3215,0,0
2024,FY,PROVIDER,IRF,450044,Ut Southwestern University Hospital,Dallas,TX,75390,303,328,3338,20881466,9563292,9396332,9643371,1900178,9,*,75,53,47,75,13,*,6,*,*,*,3.11,*,13,40,48,16,51,54,4,4,*,13,38,83,17,26,50,31,50,45,89,94,54,34,11,42,0,*,0,0,9,0,15,0,0,3,0,0,46,9,16,189081,184162,4864,55,157570,153114,4243,213,75893,75350,518,25
2024,FY,PROVIDER,IRF,450046,Christus Spohn Hospital Corpus Christi,Corpus Christi,TX,78404,161,172,2711,17394226,4506225,4461769,4420302,521472,14,11,76,47,53,61,*,*,33,*,0,*,2.49,0,19,23,45,9,48,51,0,*,*,17,37,73,22,17,51,42,61,50,91,*,63,33,*,48,*,0,0,0,6,0,27,*,*,*,0,0,21,31,10,137330,137280,50,0,124182,124182,0,0,28691,28691,0,0
2024,FY,PROVIDER,IRF,450058,Baptist Medical Center,San Antonio,TX,78205,548,585,7381,68283297,12731449,12579777,13704772,875627,11,3,78,45,55,63,6,*,28,0,*,0,2.45,*,14,26,41,5,48,69,*,3,3,15,43,64,15,18,54,28,57,43,90,96,55,23,6,43,3,2,*,0,5,*,25,3,*,5,*,0,12,25,19,396818,396818,0,0,395050,394930,120,0,67347,67347,0,0
2024,FY,PROVIDER,IRF,450068,Memorial Hermann Texas Medical Center,Houston,TX,77030,78,81,1032,6379648,2798227,2782843,2100092,28067,*,*,76,50,50,58,26,*,*,0,0,*,3.18,*,*,27,35,*,35,37,*,*,*,14,47,60,*,21,60,35,54,62,*,*,63,29,*,45,0,*,0,0,14,0,25,*,0,*,0,0,*,26,21,50744,49229,710,805,55854,53902,1260,692,14152,14122,30,0
2024,FY,PROVIDER,IRF,450072,Chi St Luke's Health Brazosport,Lake Jackson,TX,77566,136,156,1571,7606101,3600978,3554690,3527024,143463,*,*,79,47,53,83,*,*,12,0,*,0,2.45,*,8,46,36,9,47,49,0,*,*,21,45,73,9,23,57,41,59,51,91,*,59,27,10,44,*,*,*,0,21,0,13,*,*,8,*,0,18,20,14,93870,93750,120,0,88945,88885,60,0,19770,19770,0,0
2024,FY,PROVIDER,IRF,450079,Baylor Scott And White Medical Center  Irving,Irving,TX,75061,158,171,1857,6763632,3669799,3640895,3669139,60011,*,0,79,46,54,83,*,*,7,0,*,*,2.36,*,18,19,39,7,39,42,*,*,*,13,45,66,13,20,50,27,42,47,92,92,48,23,*,34,0,0,0,0,*,0,15,0,0,*,0,0,42,27,15,102978,78524,24454,0,103555,78338,25217,0,23394,23394,0,0
2024,FY,PROVIDER,IRF,450080,Titus Regional Medical Center,Mount Pleasant,TX,75455,55,58,524,1328305,1144168,1123144,1122549,1557,*,*,79,33,67,93,*,0,*,*,0,0,1.83,*,*,35,44,*,44,49,*,*,*,27,42,*,*,24,35,49,27,45,*,100,65,27,*,49,*,0,*,0,*,0,22,0,*,21,*,0,*,*,*,29314,29314,0,0,29511,29511,0,0,14130,14130,0,0
2024,FY,PROVIDER,IRF,450092,Fort Duncan Medical Center,Eagle Pass,TX,78852,88,91,1181,13462950,2716369,2693705,2416271,0,68,*,79,39,61,*,0,0,93,0,*,0,3.08,0,15,55,30,*,38,40,0,0,*,*,38,*,15,22,78,31,76,45,*,*,*,66,*,34,0,0,0,0,34,0,*,0,0,*,0,0,32,18,*,66785,66785,0,0,53264,53264,0,0,20430,20430,0,0
2024,FY,PROVIDER,IRF,450097,Hca Houston Healthcare Southeast,Pasadena,TX,77504,180,201,2726,26894967,5615643,5574835,5402786,8288,12,*,77,47,53,73,6,*,19,0,*,0,2.46,0,15,29,44,*,50,92,0,*,7,18,47,67,8,19,61,38,56,57,91,*,59,26,7,47,*,*,*,*,13,0,21,*,*,*,*,0,21,24,7,127892,127782,110,0,119526,119526,0,0,14733,14733,0,0
2024,FY,PROVIDER,IRF,450101,Baylor Scott & White Medical Center - Hillcrest,Waco,TX,76712,205,221,2640,11758183,5697196,5638340,5823812,198040,8,14,76,45,55,82,8,0,10,0,*,*,2.14,*,14,18,44,9,48,50,*,*,*,19,39,76,20,25,38,30,44,38,88,93,41,27,*,41,0,0,0,0,*,*,14,0,0,*,0,0,35,31,14,130909,116212,14697,0,131946,117861,14035,50,27130,26720,410,0
2024,FY,PROVIDER,IRF,450104,Guadalupe Regional Medical Center,Seguin,TX,78155,152,158,1897,7720063,3587932,3544284,3914215,211875,9,7,81,41,59,80,*,*,13,0,0,*,2.34,0,*,26,37,*,39,39,0,*,*,13,53,62,11,20,49,26,39,51,87,*,54,24,*,32,0,0,0,0,17,0,13,0,0,8,0,0,32,19,11,135966,134808,80,1078,130009,128828,113,1068,19970,19773,0,197
2024,FY,PROVIDER,IRF,450107,Las Palmas Medical Center A Campus Of Lpds Healthc,El Paso,TX,79902,223,241,3097,48337932,5959631,5904335,6509948,165713,21,6,78,45,55,47,5,*,47,*,0,0,2.60,*,13,29,51,7,51,52,0,*,6,23,40,60,17,26,62,30,57,42,87,*,46,26,*,36,0,*,0,0,10,0,12,*,0,5,0,0,20,40,12,104555,104555,0,0,104692,104602,90,0,30363,30363,0,0
2024,FY,PROVIDER,IRF,450119,South Texas Health System Behavioral,Edinburg,TX,78539,231,259,3271,41016655,6359729,6310897,7208662,207959,37,*,78,38,62,42,*,0,57,0,0,*,2.56,0,12,32,35,*,56,57,*,*,*,15,36,61,11,15,58,31,70,55,90,*,59,23,6,41,0,*,0,0,24,0,23,*,*,*,0,0,24,19,5,99350,99350,0,0,92801,92801,0,0,41882,41882,0,0
2024,FY,PROVIDER,IRF,450147,Detar Healthcare System,Victoria,TX,77901,176,193,2167,27410155,4000569,3964889,4579823,336571,9,33,80,41,59,84,*,*,14,0,0,*,2.22,*,15,29,47,14,41,44,*,*,*,16,50,79,13,20,52,42,51,52,86,*,52,30,*,40,0,0,0,0,19,0,9,0,*,*,0,0,33,32,*,130736,114640,5670,10426,126005,107961,7614,10430,14133,14089,0,44
2024,FY,PROVIDER,IRF,450176,Mission Regional Medical Center,Mission,TX,78572,105,115,1215,9426442,2444825,2410713,2774771,59143,31,*,79,47,53,53,0,0,47,0,0,0,2.78,0,12,31,31,*,*,*,0,*,*,25,45,72,10,*,56,50,66,50,*,*,77,29,*,30,0,0,*,0,41,0,*,*,*,11,*,0,23,14,*,70278,62067,8211,0,70355,62280,8075,0,6913,6913,0,0
2024,FY,PROVIDER,IRF,450184,Memorial Hermann Hospital System,Houston,TX,77008,487,509,6412,32599921,13326593,13172689,12846051,248458,11,*,77,48,52,74,10,5,9,0,*,*,2.51,2,13,33,43,9,40,44,*,*,5,18,36,74,13,19,50,28,56,46,92,95,55,30,7,53,*,*,0,0,13,0,24,*,0,2,*,0,4,37,19,348304,323442,21794,3068,336660,323152,10500,3008,100901,99941,180,780
2024,FY,PROVIDER,IRF,450196,Paris Regional Health,Paris,TX,75460,451,483,5254,31806181,11084692,10950124,10685968,0,18,30,79,41,59,91,4,*,*,3,0,*,2.34,*,12,30,51,6,53,54,*,*,*,34,44,85,21,23,53,55,51,56,89,*,76,26,7,34,*,*,0,0,29,0,11,3,*,3,*,0,13,26,13,312563,220273,91645,645,316871,276812,39744,315,100630,93340,6435,855
2024,FY,PROVIDER,IRF,450209,Northwest Texas Hospital,Amarillo,TX,79106,295,307,3866,52124655,6150628,6108476,7255959,293278,15,22,78,43,57,82,*,*,14,0,*,*,2.21,*,13,23,37,4,38,39,*,*,*,26,43,73,15,18,52,44,50,53,84,*,61,23,5,34,0,*,0,0,15,0,15,*,*,*,0,0,26,34,5,230300,228271,0,2029,230334,228218,20,2096,27156,27089,0,67
2024,FY,PROVIDER,IRF,450211,Chi St Lukes Health Memorial Lufkin,Lufkin,TX,75901,110,116,1280,7769750,2855686,2840718,2916839,174709,10,44,78,47,53,89,*,0,*,0,*,0,1.96,*,11,16,35,*,37,38,*,*,*,20,47,67,15,28,48,43,50,47,*,*,52,29,*,45,0,0,0,0,*,0,19,0,0,0,*,0,34,22,22,80168,74495,0,5673,81059,75524,0,5535,12277,11205,0,1072
2024,FY,PROVIDER,IRF,450213,University Health System,San Antonio,TX,78229,48,50,563,3199699,1208032,1174736,1262162,134031,*,0,74,44,56,56,*,*,35,0,*,0,3.24,0,*,25,46,*,38,46,0,*,0,*,40,75,*,29,60,*,69,46,*,*,54,31,*,27,0,*,0,0,*,0,*,0,0,0,*,0,*,30,42,30591,30591,0,0,31571,31571,0,0,3965,3965,0,0
2024,FY,PROVIDER,IRF,450222,Hca Houston Healthcare Conroe,Conroe,TX,77304,268,296,3677,40518814,7069370,7019250,6885318,95082,11,13,79,50,50,84,4,*,9,*,*,*,2.26,*,13,36,41,10,40,43,0,4,4,21,55,63,15,19,53,40,52,52,87,*,60,20,4,46,*,0,*,0,12,0,26,*,*,4,*,0,12,31,9,175269,174909,360,0,151496,151406,90,0,10943,10943,0,0
2024,FY,PROVIDER,IRF,450229,Hendrick Medical Center,Abilene,TX,79601,304,326,4015,28437391,7886784,7730496,8047971,716361,14,22,77,47,53,85,*,*,9,0,*,*,2.22,*,11,27,50,*,45,47,*,*,*,24,40,84,17,16,50,37,48,41,84,96,54,24,6,33,*,*,*,0,14,*,17,*,*,14,*,0,5,31,10,200285,196597,3618,70,200383,196861,3467,55,71780,71209,571,0
2024,FY,PROVIDER,IRF,450231,Bsa Hospital,Amarillo,TX,79106,239,249,3631,16436149,6138082,6117058,7278158,895125,6,18,78,44,56,93,*,*,5,0,0,0,1.94,*,10,16,38,*,40,41,*,*,0,17,33,82,14,21,37,28,41,38,84,*,50,31,*,37,0,*,*,0,6,0,20,0,0,12,0,0,10,43,8,156426,156339,30,57,151842,151651,90,101,52838,52674,120,44
2024,FY,PROVIDER,IRF,450236,Christus Mother Frances Hospital Sulphur Springs,Sulphur Springs,TX,75482,108,111,968,9585906,2928220,2883916,3032981,636937,*,38,79,37,63,94,0,*,*,*,*,0,1.71,0,*,13,36,*,35,37,0,*,*,16,39,73,16,29,42,32,45,41,90,*,54,19,*,39,0,0,0,0,10,0,22,0,0,*,0,0,13,34,21,61558,61548,10,0,66526,66526,0,0,3553,3553,0,0
2024,FY,PROVIDER,IRF,450271,Medical City Decatur,Decatur,TX,76234,99,104,1313,9817099,4088774,4069222,4162792,1499747,*,14,79,43,57,95,0,*,*,0,0,0,2.17,0,*,31,58,*,60,60,*,*,*,20,43,66,17,16,54,34,56,43,88,*,48,36,11,52,0,0,0,0,*,*,19,*,0,*,0,0,31,37,*,63061,63061,0,0,62399,62129,270,0,18318,18318,0,0
2024,FY,PROVIDER,IRF,450324,Texoma Medical Center,Denison,TX,75020,302,340,3982,34982047,7240495,7149455,8115951,30190,9,9,79,42,58,92,*,*,*,4,*,*,2.29,*,14,33,47,13,58,60,*,4,*,23,49,78,19,23,45,52,51,56,93,*,65,26,9,45,*,0,*,0,16,0,14,0,0,*,*,0,25,32,8,283529,283529,0,0,256345,256345,0,0,56263,56263,0,0
2024,FY,PROVIDER,IRF,450346,Baptist Beaumont Hospital,Beaumont,TX,77701,158,178,2067,14988195,3729521,3714865,3840306,40684,9,13,80,43,57,82,12,*,*,0,*,*,2.52,0,12,25,40,*,41,42,*,*,*,18,54,70,14,22,52,41,53,53,*,*,64,30,*,35,8,0,*,*,7,0,19,*,*,7,*,0,10,26,15,117729,87594,29115,1020,120005,90517,28448,1040,6727,6727,0,0
2024,FY,PROVIDER,IRF,450347,Huntsville Memorial Hospital,Huntsville,TX,77340,69,72,858,3582064,1614640,1590720,1576327,14193,*,26,80,48,52,93,*,0,*,0,0,0,2.13,*,*,32,54,*,48,48,*,*,*,23,48,77,20,22,45,55,45,52,*,*,43,22,*,35,0,0,0,0,18,0,*,*,*,*,0,0,32,24,*,44691,44691,0,0,46204,46204,0,0,1045,1045,0,0
2024,FY,PROVIDER,IRF,450352,Hunt Regional Healthcare,Greenville,TX,75401,203,220,2853,10491184,4978801,4889337,4913297,42206,9,5,79,41,59,92,*,0,*,*,0,0,2.54,*,13,44,54,7,54,57,7,*,*,35,48,75,16,22,52,43,57,62,89,*,61,35,10,44,0,*,*,*,30,0,25,*,*,5,0,0,*,23,12,148631,148241,0,390,157206,156816,0,390,39757,39757,0,0
2024,FY,PROVIDER,IRF,450358,Houston Methodist Hospital,Houston,TX,77030,215,233,3178,28850398,8250477,7941653,7795585,2638775,7,*,76,58,42,77,10,*,7,0,*,*,3.66,*,18,24,50,5,40,45,*,*,*,13,51,77,20,22,64,34,53,63,92,*,70,33,7,51,0,0,0,0,5,0,17,0,0,*,0,0,30,8,40,115168,113708,1460,0,121317,115227,6000,90,9688,9628,60,0
2024,FY,PROVIDER,IRF,450388,Methodist Hospital,San Antonio,TX,78229,887,953,11905,112896769,21435327,21062767,22857613,508973,7,4,78,45,55,65,5,*,27,0,1,*,2.55,*,13,24,44,8,45,79,*,4,3,13,44,65,19,23,57,27,60,47,91,98,57,26,7,39,*,*,*,0,12,0,20,2,*,4,*,0,14,24,19,605407,605212,195,0,588923,588923,0,0,51341,51341,0,0
2024,FY,PROVIDER,IRF,450403,Medical City Mckinney,Mckinney,TX,75069,336,365,4099,35650637,8980943,8896503,9140485,577697,7,*,79,37,63,87,*,3,3,*,*,*,2.01,*,11,28,39,9,46,48,4,*,3,11,43,76,17,21,46,29,43,43,92,*,52,31,8,33,0,*,*,0,13,0,9,*,*,6,*,0,12,36,22,185721,185721,0,0,152097,152097,0,0,33400,33400,0,0
2024,FY,PROVIDER,IRF,450431,St David's Medical Center,Austin,TX,78705,900,977,14229,107622992,27578712,27137880,28328547,828861,5,8,78,46,54,85,4,*,7,*,*,*,2.24,2,15,27,47,11,51,60,3,2,3,13,45,73,14,24,42,24,41,43,88,93,50,28,7,39,*,*,*,*,19,*,17,2,*,5,1,0,10,24,19,578482,572057,6425,0,543579,537949,5630,0,130954,130053,901,0
2024,FY,PROVIDER,IRF,450462,Texas Health Presbyterian Hospital  Dallas,Dallas,TX,75231,335,356,4006,22299413,8543843,8465075,8342815,299335,4,*,79,51,49,87,4,*,4,*,*,*,2.17,4,17,26,44,9,44,46,*,*,*,13,44,72,13,23,45,30,42,43,91,95,46,30,6,38,*,0,0,0,4,0,17,*,*,5,0,0,37,34,3,280645,249248,31397,0,281214,253756,27458,0,39444,39444,0,0
2024,FY,PROVIDER,IRF,450508,Nacogdoches Memorial Hospital,Nacogdoches,TX,75961,136,145,1670,9139397,3322332,3289948,3343575,108977,12,20,78,43,57,88,*,*,*,*,*,0,2.17,*,13,25,51,8,40,41,*,*,*,25,43,79,18,20,46,44,54,48,90,*,51,22,*,43,0,*,0,0,*,0,19,0,0,*,0,0,32,26,12,88741,80367,4981,3393,88824,80833,4551,3440,5804,5804,0,0
2024,FY,PROVIDER,IRF,450617,Hca Houston Healthcare Clear Lake,Webster,TX,77598,380,424,5494,59526903,10870173,10788333,10610032,387733,12,*,79,41,59,80,9,*,8,0,*,0,3.08,*,18,35,47,13,48,52,*,3,7,20,50,73,14,22,59,40,57,59,92,*,68,29,8,43,*,*,*,*,21,0,21,*,*,8,*,0,13,22,5,272131,270851,1280,0,273254,271634,1620,0,19433,19433,0,0
2024,FY,PROVIDER,IRF,450634,Medical City Denton,Denton,TX,76210,48,50,678,5496156,1764235,1756483,1949326,403501,*,*,76,35,65,94,0,0,*,0,*,0,1.65,*,*,38,67,*,65,71,0,*,0,*,46,62,*,*,40,38,46,42,*,*,48,33,*,50,0,*,0,0,*,0,*,0,0,*,0,0,*,46,*,28700,28700,0,0,30462,28992,1470,0,7259,7259,0,0
2024,FY,PROVIDER,IRF,450638,Hca Houston Healthcare Northwest,Houston,TX,77090,134,138,1849,28288594,4278447,4253999,4095820,463583,19,*,76,39,61,59,20,*,15,0,*,*,2.50,0,15,34,37,16,47,89,*,*,*,22,45,68,13,22,55,40,65,46,*,*,50,24,*,49,*,*,*,0,9,0,26,*,0,*,*,0,14,34,*,93065,92765,150,150,92764,92614,0,150,5905,5905,0,0
2024,FY,PROVIDER,IRF,450644,Hca Houston Healthcare West,Houston,TX,77082,87,94,1281,16689869,2581330,2572858,2404611,19480,20,*,78,43,57,60,16,*,*,0,*,*,2.76,*,16,34,38,13,49,82,*,*,*,18,43,57,18,16,56,44,62,57,86,*,54,22,*,38,0,0,0,0,15,0,18,*,*,*,*,0,28,19,12,56468,56468,0,0,56780,56780,0,0,4316,4316,0,0
2024,FY,PROVIDER,IRF,450647,Medical City Dallas,Dallas,TX,75230,277,295,3300,38463644,7952000,7864176,7936594,555464,10,*,77,42,58,81,9,*,5,0,*,*,2.73,*,16,21,50,11,48,52,0,*,4,12,39,75,17,21,47,26,50,44,87,96,44,34,7,34,*,*,*,0,17,*,13,*,*,5,*,0,16,23,22,156983,156983,0,0,157915,157915,0,0,20528,20528,0,0
2024,FY,PROVIDER,IRF,450651,Medical City Plano,Plano,TX,75075,468,507,6617,48862232,12437991,12320599,12486063,265244,9,5,79,43,57,85,4,5,4,*,*,*,2.33,3,14,31,47,11,47,54,*,*,3,15,40,71,14,22,46,24,46,47,90,97,56,28,6,38,0,*,*,0,14,0,12,*,*,4,*,0,10,38,19,211063,210943,120,0,219568,215368,4200,0,44226,43896,330,0
2024,FY,PROVIDER,IRF,450668,Sierra Medical Center,El Paso,TX,79902,163,176,2415,33107083,4142961,4114561,4629738,385162,13,*,78,39,61,52,*,*,42,0,0,0,2.34,*,17,37,53,10,50,53,*,*,9,16,38,77,17,18,48,25,59,40,91,*,48,28,*,35,*,*,*,0,*,0,19,*,*,*,*,0,7,22,22,108848,108848,0,0,108941,108941,0,0,59653,59653,0,0
2024,FY,PROVIDER,IRF,450669,Medical City Lewisville,Lewisville,TX,75057,228,254,3148,39321943,6245605,6170933,6325531,185935,6,*,79,40,60,87,*,*,*,0,*,*,2.27,*,13,32,47,11,51,55,*,*,*,15,49,76,21,22,50,37,45,41,94,*,56,25,7,38,0,*,0,0,6,0,11,*,*,5,*,0,20,34,18,146592,146402,190,0,125480,125240,240,0,29554,29554,0,0
2024,FY,PROVIDER,IRF,450670,Hca Houston Healthcare Tomball,Tomball,TX,77375,264,294,4200,46920662,8321829,8262645,8109523,156618,7,4,81,43,57,90,*,*,6,0,*,*,2.91,*,16,42,41,20,50,52,*,*,6,16,52,75,14,25,60,44,57,64,95,*,68,28,5,39,*,*,*,0,26,0,18,5,*,5,*,0,7,26,6,182122,179888,2234,0,189820,188587,1233,0,18335,18335,0,0
2024,FY,PROVIDER,IRF,450672,Medical City Fort Worth,Fort Worth,TX,76104,175,184,2121,18755586,4398393,4368441,4415115,118445,13,*,76,45,55,83,8,*,*,0,*,*,2.95,0,13,21,49,18,50,54,*,*,*,17,42,75,16,24,55,31,61,48,92,*,59,23,*,45,0,*,*,0,8,0,24,*,0,*,0,*,23,10,27,81746,80496,1250,0,81578,79510,2068,0,14114,14024,90,0
2024,FY,PROVIDER,IRF,450675,Medical City Arlington,Arlington,TX,76015,125,138,1573,19369171,3508806,3476638,3560258,330681,15,*,76,42,58,71,12,*,11,0,*,0,2.66,*,18,31,38,14,44,47,*,*,*,15,42,67,22,25,54,37,56,46,89,*,56,23,*,38,0,0,0,0,8,0,20,0,0,*,*,0,14,41,12,58444,58299,145,0,61995,61995,0,0,8921,8921,0,0
2024,FY,PROVIDER,IRF,450702,Longview Regional Medical Center,Longview,TX,75605,140,143,1659,13429849,7624392,7595080,7940815,4452949,*,18,78,37,63,94,*,0,0,0,*,0,2.24,*,14,19,50,*,48,49,*,*,0,23,47,79,13,29,47,41,48,51,*,*,56,31,8,28,0,0,0,*,9,0,*,*,0,10,0,0,31,27,15,102912,101122,90,1700,104339,102674,90,1575,8399,8399,0,0
2024,FY,PROVIDER,IRF,450711,Rio Grande Regional Hospital,Mcallen,TX,78503,69,71,959,14226545,3349135,3329647,4078904,1870806,29,*,78,46,54,42,0,0,58,0,0,0,3.02,*,*,41,33,*,43,46,*,0,*,19,45,57,*,*,57,39,71,61,*,*,62,30,*,39,0,0,0,0,38,0,24,0,*,0,*,0,*,23,*,23865,23865,0,0,24306,24216,90,0,13590,13590,0,0
2024,FY,PROVIDER,IRF,450718,Round Rock Medical Center,Round Rock,TX,78681,138,144,1776,13364197,3764347,3733459,3905784,8788,*,*,78,46,54,79,*,*,9,0,*,*,2.63,*,10,28,51,9,46,54,*,*,*,14,46,69,14,25,46,24,46,41,*,*,59,30,9,47,0,*,*,0,*,0,19,*,*,*,*,0,15,41,15,89002,88972,30,0,88500,88470,30,0,8799,8769,30,0
2024,FY,PROVIDER,IRF,450747,Palestine Regional Medical Center,Palestine,TX,75801,54,56,717,5709837,1380180,1354228,1383673,24813,*,20,80,41,59,96,*,0,0,0,*,0,2.02,0,*,41,57,*,61,67,0,*,*,*,39,69,*,22,46,33,54,37,*,*,54,28,*,46,0,0,0,0,*,0,21,*,0,*,0,0,30,*,*,32624,32624,0,0,33395,33395,0,0,28797,28797,0,0
2024,FY,PROVIDER,IRF,450775,Hca Houston Healthcare Kingwood,Kingwood,TX,77325,384,425,5454,44841861,11631173,11553565,11203802,202624,12,5,78,39,61,82,9,*,8,*,*,0,2.37,*,16,34,43,8,42,45,*,*,5,27,48,65,11,22,50,42,57,57,89,*,64,25,7,42,*,*,*,0,25,*,23,3,*,4,*,0,10,28,3,259037,258900,137,0,246862,246862,0,0,12010,12010,0,0
2024,FY,PROVIDER,IRF,450788,"Corpus Christi Medical Center,the",Corpus Christi,TX,78414,91,99,1270,16927828,2455228,2420292,2424028,75728,*,*,76,52,48,74,0,*,23,0,*,0,2.30,*,23,30,41,*,58,60,*,*,*,27,31,66,14,26,54,37,48,42,*,*,51,23,*,44,*,*,*,0,*,0,22,*,*,*,*,*,12,27,12,72390,72017,0,373,72858,72640,0,218,6941,6941,0,0
2024,FY,PROVIDER,IRF,450801,Christus St Michael Health System,Texarkana,TX,75503,538,606,7329,39401115,13328250,13095674,13943780,291252,14,28,78,41,59,85,12,*,*,*,*,*,2.30,*,9,19,37,5,44,45,*,2,2,21,42,69,13,21,47,41,53,45,85,96,53,20,5,36,3,*,*,0,9,*,17,6,2,3,2,0,7,27,22,441764,420743,20991,30,443967,428651,15316,0,99086,99086,0,0
2024,FY,PROVIDER,IRF,450809,North Austin Medical Center,Austin,TX,78758,233,244,3186,25677156,6565380,6517116,6801180,130561,6,*,80,49,51,79,5,*,9,0,*,*,1.96,*,10,29,50,9,42,47,*,*,5,11,41,76,14,23,41,22,49,35,87,*,48,24,6,37,*,*,*,0,8,0,14,*,*,*,*,0,14,36,19,152938,152938,0,0,137131,137131,0,0,28477,28477,0,0
2024,FY,PROVIDER,IRF,450862,St Luke's The Woodlands Hospital,The Woodlands,TX,77384,58,59,593,3756262,1696025,1691193,1682824,416544,*,*,76,40,60,86,*,*,*,0,0,0,2.75,*,*,24,50,26,36,38,0,*,*,*,36,71,*,33,64,31,59,50,*,*,55,*,*,41,0,0,0,0,*,0,*,0,0,0,*,0,49,*,29,22302,20582,90,1630,22135,20448,90,1597,2637,2604,0,33
2024,FY,PROVIDER,IRF,450869,Doctors Hosptal At Renaissance,Edinburg,TX,78539,174,192,2427,12520733,4817386,4764194,5639022,482514,29,*,76,36,64,37,*,*,60,0,0,0,2.87,0,10,30,38,7,40,45,*,*,*,13,34,65,16,16,57,32,71,46,*,*,58,28,6,37,0,0,0,0,6,0,12,*,0,*,0,0,26,26,27,135855,135855,0,0,137010,137010,0,0,18350,18350,0,0
2024,FY,PROVIDER,IRF,452023,Kindred Hospital Houston Medical Center,Houston,TX,77030,88,91,1038,5091225,2455300,2298420,2248121,213362,20,*,73,56,44,64,24,*,*,0,0,*,3.55,*,20,24,55,*,51,56,*,*,*,17,48,62,16,28,56,52,50,55,84,*,64,31,*,36,*,*,0,0,48,0,14,*,0,*,0,*,*,16,*,49534,37552,2411,9571,47871,37961,1045,8865,5724,4201,1523,0
2024,FY,PROVIDER,IRF,452034,Cornerstone Specialty Hospitals Round Rock,Austin,TX,78756,117,130,1424,7372383,2787515,2638075,2816757,2774,10,9,76,44,56,77,9,*,10,*,*,0,3.30,*,14,35,68,11,63,66,*,*,*,25,50,71,17,23,57,43,52,59,*,*,55,26,*,44,0,*,*,0,23,0,25,10,*,*,*,0,*,24,*,78305,78305,0,0,65372,65372,0,0,12920,12920,0,0
2024,FY,PROVIDER,IRF,452039,Kindred Hospital Houston Nw,Houston,TX,77065,84,87,1044,5130708,2381208,2260856,2289037,345280,14,*,74,52,48,65,13,*,15,0,*,0,3.05,*,17,24,42,*,54,60,*,*,*,20,49,73,23,15,65,48,77,70,*,100,68,20,*,48,*,0,0,*,28,*,17,17,*,*,0,0,0,14,*,47218,46884,187,147,47453,47313,60,80,6788,6788,0,0
2024,FY,PROVIDER,IRF,452062,Post Acute Medical At Luling Llc,Luling,TX,78648,311,365,4405,19816076,8897801,8544017,8884437,4015,17,31,78,50,50,81,*,*,15,0,*,0,2.47,*,17,40,47,7,51,53,*,*,5,14,47,66,13,15,51,32,55,49,88,*,55,23,6,32,0,0,0,3,28,0,14,4,*,4,0,*,26,15,4,297110,297110,0,0,205011,205011,0,0,35561,35261,300,0
2024,FY,PROVIDER,IRF,452080,Kindred Hospital Sugar Land,Sugar Land,TX,77479,81,94,1131,5864588,2645304,2518376,2461109,226615,16,*,73,57,43,62,22,*,*,0,*,*,5.22,*,21,30,49,*,47,57,*,*,*,20,52,72,23,27,64,46,73,72,*,*,77,19,*,40,*,*,*,0,46,0,16,*,*,13,0,*,0,*,*,43698,42155,1113,430,44134,42149,1545,440,12234,12164,0,70
2024,FY,PROVIDER,IRF,452083,Mid-jefferson Extended Care Hospital,Nederland,TX,77627,134,141,1763,7010734,3153949,3039725,3215942,1683,28,16,76,46,54,84,10,*,*,0,0,*,3.23,*,22,45,56,10,59,62,*,*,8,28,51,68,18,15,54,57,66,66,90,*,66,26,*,43,0,0,0,*,24,0,15,*,0,9,*,0,34,11,0,94660,94660,0,0,92000,91910,90,0,10605,10605,0,0
2024,FY,PROVIDER,IRF,452094,Pam Specialty Hospital Of Victoria North,Victoria,TX,77904,276,299,3239,15022988,6710378,6466858,7375330,6646,21,26,79,46,54,76,*,*,19,0,*,*,2.69,*,17,37,51,14,49,52,*,*,8,20,45,80,18,13,60,46,61,61,93,*,63,28,9,30,*,*,0,*,43,*,15,*,0,*,0,0,16,12,5,220845,215506,5264,75,144815,141645,3095,75,36045,36045,0,0
2024,FY,PROVIDER,IRF,452106,Warm Springs Specialty Hospital Of New Braunfels,New Braunfels,TX,78130,388,430,4714,26925267,9905606,9555046,10502948,32260,13,*,79,43,57,84,4,*,10,0,*,*,2.48,*,14,35,46,8,51,53,*,3,4,15,43,74,18,20,55,31,50,47,91,96,56,29,9,30,0,*,0,*,48,0,7,*,0,3,0,*,15,16,8,238054,201360,36664,30,215882,194464,21418,0,42019,42019,0,0
2024,FY,PROVIDER,IRF,452108,Kindred Hospital Dallas Central,Dallas,TX,75231,59,65,782,3427588,1849764,1737220,1793837,285623,22,*,73,49,51,63,29,0,*,0,*,0,4.46,0,*,34,49,*,49,56,0,0,0,19,47,68,22,22,64,49,73,71,*,100,51,*,*,37,0,0,*,0,*,0,31,*,*,23,*,0,0,*,*,35590,25430,2535,7625,40850,30838,2311,7701,21028,20548,360,120
2024,FY,PROVIDER,IRF,452111,Horizon Medical Center Of Denton,Denton,TX,76208,61,63,692,2928021,1299615,1280127,1317261,0,*,*,79,43,57,84,*,*,*,0,*,0,2.30,*,18,31,57,*,54,56,*,*,0,*,61,74,23,25,61,39,52,61,*,*,74,26,*,31,0,*,0,0,22,0,25,*,0,19,*,0,*,*,0,25934,25934,0,0,26241,26121,120,0,13108,13108,0,0
2024,FY,PROVIDER,IRF,453025,Tirr Memorial Hermann,Houston,TX,77030,279,320,4850,41223250,11792343,11487007,10826262,1411741,16,5,72,62,38,61,18,7,11,0,*,*,2.54,8,15,27,46,13,45,48,*,*,*,15,39,76,11,22,38,28,47,39,89,92,51,20,9,54,0,*,0,0,25,0,24,0,*,*,0,*,*,28,14,171527,167492,3780,255,181653,173953,7535,165,82977,81732,1045,200
2024,FY,PROVIDER,IRF,453029,Healthsouth Rehabilitation Hospital Of Humble,Humble,TX,77338,479,550,7303,18439850,15713312,15218864,14721836,94879,20,13,76,41,59,71,18,*,9,*,*,*,3.41,*,15,44,50,14,52,57,3,3,7,21,47,71,14,20,60,43,62,60,89,*,61,23,6,48,0,0,*,*,22,0,20,0,*,3,0,0,16,19,19,339024,297157,40997,870,362283,323771,37582,930,85894,75981,9913,0
2024,FY,PROVIDER,IRF,453031,Encompass Health Rehabilitation Hospital Of San An,San Antonio,TX,78240,749,910,11613,28070751,21822346,20831114,22263322,113979,17,3,76,46,54,58,7,*,31,0,*,*,3.01,2,17,38,56,14,57,63,3,4,8,17,42,69,17,17,59,32,63,50,92,98,58,24,8,41,0,*,2,*,17,*,18,*,1,24,0,*,2,18,17,627324,495846,131478,0,635382,467139,168183,60,105123,100708,4415,0
2024,FY,PROVIDER,IRF,453035,Warm Springs Rehab Hospital Of San Antonio Llc,San Antonio,TX,78229,2129,2490,27740,128082363,55938465,54034761,57470448,1330,14,2,77,44,56,60,8,2,29,*,1,*,2.64,2,15,35,48,12,50,60,2,4,6,15,39,69,17,19,57,32,62,47,91,96,56,25,9,32,0,*,1,1,25,0,15,1,1,4,*,*,18,20,14,1497000,1491246,5754,0,1392792,1382112,10680,0,289022,288307,715,0
2024,FY,PROVIDER,IRF,453036,Baylor Scott & White Institute For Rehabilitation,Dallas,TX,75246,525,580,8580,29636548,16678002,16278514,15859148,733563,10,6,75,56,44,72,16,*,8,*,*,*,2.63,3,17,24,46,25,44,48,*,*,3,19,37,70,16,20,47,27,49,46,87,91,46,25,5,39,0,*,0,0,18,*,14,*,0,5,0,*,12,26,24,411131,311873,99228,30,374020,305460,68515,45,90684,89552,1132,0
2024,FY,PROVIDER,IRF,453040,Encompass Health Rehabilitation Hospital Of Arling,Arlington,TX,76015,611,720,9647,22602602,19417385,18743329,18619436,59316,18,*,76,41,59,66,22,*,9,*,*,*,3.15,2,17,43,55,18,58,72,5,3,7,19,42,76,20,19,61,40,62,54,92,97,59,28,9,43,0,*,*,*,45,0,17,0,*,3,0,*,3,19,12,582125,369462,210938,1725,566692,370446,194321,1925,78511,53530,23068,1913
2024,FY,PROVIDER,IRF,453042,Encompass Health Rehabilitation Hospital Of City,Fort Worth,TX,76132,974,1132,13267,32154493,26930315,26081987,26273771,1177,20,3,77,47,53,79,13,*,7,*,*,*,3.04,2,20,40,54,15,61,64,3,4,9,22,42,75,20,18,56,45,56,56,90,98,55,32,9,36,*,*,3,*,33,0,16,7,*,7,0,0,2,16,15,833173,556604,276389,180,733754,491788,241926,40,112967,110167,2800,0
2024,FY,PROVIDER,IRF,453047,Encompass Health Rehabilitation Hospital Of Plano,Plano,TX,75075,874,1011,12699,31108802,25071776,23983080,24305128,290432,14,2,77,42,58,80,10,4,4,*,*,*,3.03,4,14,41,54,17,57,62,4,3,6,16,41,75,20,25,55,35,58,50,89,97,51,36,9,34,*,*,*,0,38,0,14,1,*,5,*,0,5,21,14,694430,505666,188699,65,747057,529421,217526,110,102547,100572,1975,0
2024,FY,PROVIDER,IRF,453048,Pam Rehabilitation Hospital Of Beaumont,Beaumont,TX,77707,431,493,5953,21480559,12450097,12133561,12560768,565,19,15,77,47,53,79,18,*,*,0,0,0,2.99,*,16,37,48,10,50,53,3,3,4,22,45,77,17,19,54,49,56,57,91,97,63,25,8,43,0,*,3,*,23,0,15,*,0,3,*,0,29,19,7,345313,336728,8555,30,347210,340170,6830,210,88526,70802,17724,0
2024,FY,PROVIDER,IRF,453053,Encompass Health Rehabilitation Hospital Of Texark,Texarkana,TX,75501,630,715,8930,21770071,17427778,16887114,17538070,8322,21,33,78,42,58,87,12,0,*,*,0,*,2.04,*,11,30,46,8,52,54,3,3,4,22,42,73,13,19,44,41,48,51,83,96,53,23,5,37,*,0,*,*,44,0,12,*,*,2,0,0,14,21,6,536609,371870,164739,0,531661,371963,159578,120,151095,104752,46343,0
2024,FY,PROVIDER,IRF,453054,Healthsouth Rehab Hospital Of Wichita Falls,Wichita Falls,TX,76301,1158,1465,19559,46817963,36512999,35313623,38127882,0,22,17,77,42,58,87,6,*,4,1,*,*,2.55,6,20,46,62,11,65,80,2,4,7,21,40,82,20,18,55,43,55,57,89,97,59,34,8,37,*,*,*,0,47,0,15,*,*,1,*,0,6,15,14,1086803,796607,283794,6402,1417280,862321,548198,6761,188509,146491,41948,70
2024,FY,PROVIDER,IRF,453056,"Christus Trinity Mother Frances Rehab, A Partner O",Tyler,TX,75701,1461,1620,18039,42365891,32156470,31193390,35018511,0,10,22,79,45,55,90,6,*,3,*,1,*,2.36,1,12,26,46,14,48,50,3,2,4,18,47,73,16,24,52,39,46,49,89,97,60,25,5,37,*,0,0,0,26,0,16,1,*,2,0,*,17,23,15,1055694,696143,359461,90,1094394,738360,355964,70,110506,90807,19699,0
2024,FY,PROVIDER,IRF,453057,Healthsouth Rehabilitation Of Midland Odessa,Midland,TX,79707,1192,1532,18990,44887834,34304185,33139809,37300217,29976,24,10,77,41,59,69,3,*,26,*,*,*,2.55,1,13,28,49,7,48,50,2,1,5,23,38,74,17,16,46,38,55,52,86,97,55,42,5,31,*,*,*,*,51,0,12,*,1,3,*,0,3,19,10,985054,826022,159022,10,1041292,876216,165076,0,82061,77891,4170,0
2024,FY,PROVIDER,IRF,453059,Encompass Health Rehabilitation Hosp Of The Woodla,Conroe,TX,77384,540,658,8327,19520000,17364021,16947829,16607166,14242,10,9,78,43,57,88,5,*,5,0,*,*,2.62,*,16,35,58,12,56,59,*,4,7,19,50,81,16,22,50,41,53,54,91,98,58,25,9,39,*,*,*,0,40,0,14,*,*,3,0,0,13,15,12,451325,333390,117905,30,434624,339050,95532,42,115384,83145,32239,0
2024,FY,PROVIDER,IRF,453072,Ut Health East Texas Rehabilitation Hospital,Tyler,TX,75701,378,432,5386,48796826,9351933,9186133,10203624,288022,14,18,75,50,50,88,7,*,3,*,*,*,2.42,6,13,46,43,33,46,48,*,4,5,22,46,68,11,22,43,38,48,43,87,94,49,26,8,44,0,*,0,0,6,0,20,*,*,*,*,0,28,26,17,290804,289052,1502,250,281254,274503,6471,280,59834,58799,1035,0
2024,FY,PROVIDER,IRF,453091,Weslaco Regional Rehabilitation Hospital Llc,Weslaco,TX,78596,133,150,2195,5081248,3711030,3655390,4124965,8256,35,*,77,45,55,50,0,*,47,0,*,0,2.66,*,17,29,32,14,39,39,*,*,*,16,35,65,8,20,62,33,59,45,*,*,54,26,*,40,0,0,*,0,12,0,23,*,0,10,*,0,20,19,13,60153,51188,8965,0,63202,51165,11992,45,15604,14279,1325,0
2024,FY,PROVIDER,IRF,453092,South Texas Rehabiltation Hospital,Brownsville,TX,78526,229,259,3593,8458362,6371433,6255209,6798006,4764,38,*,77,45,55,34,*,0,63,*,*,0,2.71,*,12,32,39,*,43,44,*,*,*,14,37,77,14,24,64,34,73,51,93,*,57,31,11,32,0,0,*,0,24,0,8,0,*,8,0,0,25,21,12,121881,83506,38375,0,119035,79730,39215,90,24629,23384,1245,0
2024,FY,PROVIDER,IRF,453096,Amarillo Rehabilitation Hospital,Amarillo,TX,79106,407,458,5321,16723966,8693460,8521004,10100636,10389,12,14,77,41,59,88,*,*,9,0,*,*,2.49,*,14,26,43,4,46,48,3,*,3,27,41,79,17,23,47,44,46,51,86,96,59,24,5,28,*,*,*,0,38,0,5,*,*,3,2,0,12,16,21,264615,245490,19005,120,260810,235701,25049,60,24401,24401,0,0
2024,FY,PROVIDER,IRF,670055,Methodist Hospital  Stone Oak,San Antonio,TX,78258,493,530,7193,58107962,12716283,12548267,13798619,150517,3,3,79,45,55,84,3,*,11,0,*,*,2.10,2,12,24,51,12,56,68,3,4,3,11,35,75,17,22,44,28,44,37,91,95,48,28,11,39,*,*,0,0,10,0,12,*,*,7,*,0,13,32,22,332405,332405,0,0,321184,321184,0,0,38354,38354,0,0
2024,FY,PROVIDER,IRF,673025,Pam Rehabilitation Hospital Of Allen,Allen,TX,75013,960,1098,12585,47400813,26722862,26130974,26713578,13325,8,1,79,42,58,82,6,5,4,*,1,*,2.56,3,14,37,51,15,50,54,5,3,6,14,45,74,18,21,52,31,52,50,91,97,55,28,9,38,0,*,0,*,34,0,11,1,*,3,0,0,17,18,14,597994,456387,141577,30,572093,445250,126843,0,132574,132379,195,0
2024,FY,PROVIDER,IRF,673027,Central Texas Rehabilitation Hospital,Austin,TX,78705,348,387,4532,9042061,9529859,9241171,9620315,95655,10,8,79,45,55,82,6,*,7,0,*,*,2.30,3,17,35,50,11,53,56,5,*,7,15,39,68,14,23,42,27,40,41,85,93,46,29,9,34,0,*,0,0,12,0,17,*,*,4,0,0,27,29,7,213239,207694,5545,0,215697,200454,15243,0,68155,66463,1692,0
2024,FY,PROVIDER,IRF,673029,Encompass Health Rehabilitaiton Hospital Of Richar,Richardson,TX,75080,764,914,11225,31210500,21940224,21241896,21545403,69940,11,*,80,39,61,83,7,5,4,*,*,*,2.77,3,14,36,51,15,53,63,4,2,6,17,43,74,17,25,57,32,49,47,91,97,51,35,9,34,*,*,*,0,33,0,10,*,*,2,0,0,19,21,13,627601,420446,207125,30,592252,409788,182410,54,82085,80415,1670,0
2024,FY,PROVIDER,IRF,673030,Kate Dishman Rehabilitation Hospital,Beaumont,TX,77702,306,322,4162,10383838,7458414,7333638,7813144,3083,10,15,79,42,58,85,11,0,*,0,*,*,2.16,*,13,32,51,8,53,55,*,*,5,21,40,79,11,21,47,47,47,45,93,*,73,45,6,40,0,0,*,*,6,0,11,*,0,*,0,0,30,37,13,259930,259930,0,0,254265,253740,525,0,37570,37510,60,0
2024,FY,PROVIDER,IRF,673031,Methodist Rehabilitation Hospital,Dallas,TX,75237,427,482,5440,12832784,12253586,11993018,12151231,10497,22,*,75,44,56,41,47,*,10,0,*,0,3.00,*,14,29,37,7,39,52,4,*,4,19,35,71,18,21,58,32,65,49,92,97,51,26,6,43,*,*,*,*,20,*,20,3,*,8,*,0,14,20,10,289791,215069,72970,1752,310428,242532,66052,1844,82591,72747,9257,587
2024,FY,PROVIDER,IRF,673032,Encompass Health Rehabilitation Hospital Of Round,Round Rock,TX,78681,924,1110,14574,40193142,27856781,26968382,28059473,142938,9,10,79,40,60,84,7,1,6,0,*,*,2.62,4,18,42,62,13,59,70,6,4,7,14,44,78,19,24,50,32,51,51,86,97,53,31,11,35,*,*,1,*,27,*,13,*,*,9,0,*,13,23,12,649359,508435,140924,0,658146,524300,133846,0,116466,115526,940,0
2024,FY,PROVIDER,IRF,673034,Encompass Health Rehabilitation Hospital Vision Pa,Shenandoah,TX,77302,977,1157,13920,39704226,30009455,29353791,29020903,40986,7,5,79,43,57,87,5,*,5,0,1,*,2.92,*,14,33,55,11,57,60,*,3,6,16,47,86,16,22,57,39,51,57,93,*,62,28,9,40,0,0,0,*,30,0,8,1,*,2,0,0,20,18,19,842610,549288,293322,0,838129,615285,222814,30,103613,100454,3159,0
2024,FY,PROVIDER,IRF,673035,Baylor Institute For Rehabilitation At Fort Worth,Fort Worth,TX,76132,426,460,5501,18031226,10184024,9966728,10165950,47230,5,*,78,43,57,83,9,*,4,*,*,*,2.50,*,15,24,54,7,58,61,*,3,3,14,40,78,21,21,55,35,50,47,90,*,53,31,7,39,*,0,*,0,14,0,10,*,*,5,*,0,18,23,27,212613,170543,42070,0,193693,172764,20929,0,41013,40788,225,0
2024,FY,PROVIDER,IRF,673036,Select Rehabilitation Hospital Of Denton,Denton,TX,76201,613,713,8309,62358366,16504349,16153965,16626647,524460,7,4,78,47,53,91,3,*,3,*,*,*,2.41,*,15,26,44,10,45,46,2,3,2,16,44,70,17,22,51,36,45,43,90,97,56,26,10,36,0,0,0,0,*,0,6,*,0,*,0,0,52,16,25,542615,459477,83093,45,368111,365736,2355,20,135641,135257,360,24
2024,FY,PROVIDER,IRF,673038,Memorial Hermann Rehabilitation Hospital Katy,Katy,TX,77450,307,335,4262,24087126,8326391,8221607,8221057,132288,8,*,78,42,58,73,10,5,8,0,*,*,2.14,4,11,29,47,8,45,49,*,*,5,15,37,75,13,20,45,29,47,39,90,*,52,34,9,56,*,0,*,0,14,0,25,*,*,3,*,0,9,29,16,253798,253588,90,120,255130,253285,1605,240,109042,99057,9985,0
2024,FY,PROVIDER,IRF,673039,Reliant Rehabilitation Hospital  Abilene,Abilene,TX,79606,840,1041,12542,34045196,25327428,24503580,25691803,73398,18,18,79,43,57,89,3,*,7,*,*,*,2.34,2,12,32,49,6,53,54,*,2,3,22,45,90,17,19,52,39,48,51,88,97,59,28,7,28,0,*,*,*,45,*,9,0,*,5,0,*,11,18,11,835960,643399,192541,20,666824,488161,178543,120,68725,68645,60,20
2024,FY,PROVIDER,IRF,673041,Carrus Rehabilitation Hospital,Sherman,TX,75092,440,484,5890,18325694,9985598,9690950,10950328,17702,15,13,77,46,54,90,3,*,2,*,*,*,2.70,*,19,34,51,12,52,54,*,3,6,25,49,77,20,21,56,53,52,55,89,98,65,22,9,38,0,*,0,0,25,0,12,0,*,4,0,0,22,21,14,335122,136427,198545,150,333877,136937,196670,270,54200,53870,330,0
2024,FY,PROVIDER,IRF,673042,Encompass Health Rehabilitation Hospital Of Sugar,Sugar Land,TX,77478,693,792,9554,25792579,20720055,20201399,19816112,9070,13,3,78,45,55,66,15,8,8,0,2,2,3.07,5,13,34,48,8,49,58,2,3,8,12,42,78,18,23,60,33,61,61,93,97,65,28,7,44,0,*,0,0,30,0,15,0,*,2,0,0,15,20,17,524264,400131,124133,0,510947,386606,124341,0,91710,89790,1920,0
2024,FY,PROVIDER,IRF,673043,Encompass Health Rehabilitation Hospital Of Dallas,Dallas,TX,75230,729,846,10544,30077879,21325802,20722786,20402621,104286,19,2,77,45,55,71,18,2,7,*,2,*,2.95,5,21,36,55,18,57,62,4,3,7,21,37,76,21,20,50,31,52,49,90,97,48,34,9,40,*,*,*,*,38,0,12,*,*,3,*,*,8,17,18,558916,395589,163147,180,549127,394603,154334,190,123651,120366,3270,15
2024,FY,PROVIDER,IRF,673044,Encompass Health Rehabilitation Hospital Of The Mi,Bedford,TX,76021,917,1072,13109,37510579,26773741,26105197,26432326,0,11,*,79,42,58,86,5,3,4,*,*,*,2.86,1,18,39,48,18,55,57,3,2,6,17,44,77,21,21,56,36,55,49,92,99,55,40,9,49,0,*,*,0,28,0,14,1,*,4,0,0,14,23,15,755081,539024,215412,645,706322,501945,203837,540,142895,141405,1440,50
2024,FY,PROVIDER,IRF,673045,Mesquite Rehabilitation Institute,Mesquite,TX,75149,351,388,5676,12063413,11163220,10966596,11077680,117097,14,4,77,42,58,77,14,*,6,*,*,*,2.62,0,16,32,48,16,51,52,6,3,3,24,36,74,17,19,55,35,60,48,93,*,54,27,8,40,0,0,*,*,19,0,10,*,*,4,0,0,24,28,14,284350,206337,76623,1390,282912,198378,83679,855,47278,46573,705,0
2024,FY,PROVIDER,IRF,673046,Baylor Institute For Rehabilitation At Frisco,Frisco,TX,75034,509,551,6725,18811840,12761816,12583800,12827343,24467,5,*,78,46,54,84,5,6,2,0,*,*,2.17,*,10,26,41,17,42,46,*,*,2,12,42,72,18,22,46,27,44,44,94,95,52,29,8,41,0,0,0,0,8,0,15,*,*,*,0,0,15,22,36,66254,57514,8740,0,68709,57573,11136,0,8600,8600,0,0
2024,FY,PROVIDER,IRF,673048,Texas Rehabilitation Hospital,Fort Worth,TX,76104,608,663,7978,27633169,18888391,18583663,17234908,0,11,4,77,41,59,77,12,*,8,*,2,*,2.63,2,21,32,53,12,61,65,*,2,5,19,37,73,19,22,53,36,51,48,89,96,51,34,7,42,*,*,*,0,19,0,17,2,*,3,0,0,12,27,19,350343,240821,109342,180,338733,235515,103068,150,56892,55782,1110,0
2024,FY,PROVIDER,IRF,673049,New Braunfels Regional Rehabilitation Hospital,New Braunfels,TX,78130,520,577,8999,20188955,14489038,14203670,15752270,77739,6,3,79,47,53,88,*,*,8,0,*,*,2.24,*,10,31,42,7,49,52,4,2,4,15,45,69,17,23,48,27,45,43,92,96,60,29,7,34,0,*,0,0,*,0,10,0,0,*,0,0,41,29,16,312434,265473,46931,30,303287,257322,45935,30,88300,66854,21446,0
2024,FY,PROVIDER,IRF,673050,Healthsouth Rehabilitation Hospital Of Cypress,Houston,TX,77065,648,771,9898,27236563,19641355,19246467,18966355,44693,8,3,79,41,59,77,11,3,7,*,*,*,2.99,2,14,44,47,8,49,61,*,*,4,17,51,76,17,23,57,40,56,57,94,97,67,34,10,40,0,0,0,0,24,*,15,*,*,7,0,0,16,22,16,553033,417710,135283,40,545186,421202,123984,0,63311,54834,8477,0
2024,FY,PROVIDER,IRF,673052,Encompass Health Rehabilitation Hospital The Vinta,Houston,TX,77070,770,952,11912,33730116,25279521,24748289,24413447,37425,12,2,78,42,58,77,13,3,6,0,*,*,3.07,1,15,38,48,20,61,64,*,2,5,12,54,73,18,22,59,37,59,58,94,*,67,30,9,40,0,*,*,0,41,*,10,0,*,4,0,0,11,20,12,633142,586641,46501,0,679959,629177,50782,0,99632,93097,6535,0
2024,FY,PROVIDER,IRF,673053,Corpus Christi Rehabilitation Hospital,Corpus Christi,TX,78414,489,584,7497,17252219,15045372,14722156,14669366,8811,15,7,78,45,55,59,2,2,34,0,*,*,2.81,*,17,37,52,8,54,56,*,3,6,19,40,77,18,17,59,42,62,52,91,97,55,29,9,35,*,*,*,*,36,0,10,*,*,4,0,0,9,22,14,384687,321772,62900,15,391536,329808,61698,30,114328,75008,39320,0
2024,FY,PROVIDER,IRF,673054,Encompass Health Rehabilitation Hospital Of Austin,Austin,TX,78704,709,805,10460,28219568,20550874,19944346,20588152,92450,10,10,78,45,55,82,4,2,11,0,*,*,2.52,3,21,39,54,14,56,66,5,4,7,17,41,74,18,21,50,28,43,48,87,97,56,28,9,34,*,*,*,2,32,0,12,0,*,2,0,0,13,26,12,501376,350230,151086,60,479457,349458,129834,165,182532,169643,12889,0
2024,FY,PROVIDER,IRF,673055,Acute Rehabilitation Hospital Of Plano,Plano,TX,75093,389,431,5004,14489619,10043616,9838184,9962380,19019,10,*,79,39,61,81,5,7,4,0,*,*,2.51,*,15,36,50,18,58,65,3,*,3,12,41,74,17,23,52,35,51,48,91,*,54,28,9,32,*,*,*,*,40,0,8,*,*,9,*,0,*,3,34,248660,190870,57790,0,279177,233022,46155,0,47605,41480,6125,0
2024,FY,PROVIDER,IRF,673056,Pam Rehabilitation Hospital Of Victoria,Victoria,TX,77904,473,537,5653,26729583,11903683,11503051,13132829,123081,16,28,78,47,53,75,4,*,20,0,*,*,2.49,*,14,38,49,8,52,54,*,*,5,18,42,76,15,20,55,42,59,53,92,98,64,24,7,32,0,*,0,3,31,0,18,*,*,6,0,0,13,17,11,409137,400101,8991,45,255667,246838,8794,35,65745,65282,463,0
2024,FY,PROVIDER,IRF,673057,Pam Health Rehabiliation Hosptial Of Kyle,Kyle,TX,78640,601,717,8404,32515922,17259902,16652990,17269841,16801,13,4,79,44,56,77,3,*,18,*,*,*,2.48,*,18,32,49,10,55,67,3,4,4,16,43,70,18,23,45,26,48,45,88,96,51,26,7,35,0,*,*,*,33,0,11,*,*,3,0,0,19,23,10,398392,398002,90,300,427159,411927,14932,300,132782,117458,15324,0
2024,FY,PROVIDER,IRF,673058,Baylor Scott & White Institute For Rehabilitation,Lakeway,TX,78734,297,338,4060,11008188,7832488,7665571,7982305,151192,6,36,79,43,57,94,*,*,*,0,*,*,1.92,*,15,26,44,9,44,48,*,*,*,15,37,77,14,17,39,24,33,39,86,94,48,33,8,35,*,*,0,*,20,0,11,*,*,15,0,0,14,26,11,177835,133575,44260,0,168524,149090,19434,0,60825,60023,802,0
2024,FY,PROVIDER,IRF,673059,"Laredo Rehabilitation Hospital, Llc",Laredo,TX,78041,149,167,2656,6739472,4496260,4403140,4926553,12342,56,*,77,48,52,*,0,*,94,0,0,0,3.39,0,13,38,54,*,38,39,*,*,*,15,37,67,10,11,50,27,72,46,88,*,67,32,11,41,0,0,0,0,38,0,19,0,0,7,0,0,*,20,11,74212,53791,20421,0,79996,55445,24491,60,21105,20935,170,0
2024,FY,PROVIDER,IRF,673060,Texas Rehabilitation Hospital Of Arlington,Arlington,TX,76015,384,439,5237,11435311,11677650,11445298,11137136,2432,8,*,78,41,59,81,11,*,5,*,*,0,2.46,*,13,39,50,16,51,79,*,3,5,12,43,77,16,20,54,30,52,51,87,95,51,30,9,40,*,*,*,0,22,*,13,4,*,11,*,0,6,23,13,223862,145110,78692,60,228444,166500,61794,150,56209,55354,790,65
2024,FY,PROVIDER,IRF,673061,Pam Rehabilitation Hospital Of Clear Lake,Webster,TX,77598,1770,2095,25266,98299237,57005221,55606749,54719413,3932,13,4,77,43,57,79,11,1,8,*,*,*,2.94,3,16,38,51,11,53,61,2,2,6,21,47,71,13,21,58,40,56,58,89,97,63,27,8,39,0,*,1,1,40,0,15,1,*,3,*,*,12,18,8,1179699,1072972,104715,2012,1162024,1055488,104201,2335,235399,222869,12507,23
2024,FY,PROVIDER,IRF,673062,Clearsky Rehabilitation Hospital At Weatherford Ll,Weatherford,TX,76086,457,506,5814,13789219,11872894,11654478,11886366,1543,7,6,78,42,58,95,*,*,2,*,*,*,2.08,*,14,24,48,7,51,53,*,4,4,23,41,71,18,19,47,40,46,44,86,95,54,23,6,30,0,0,*,*,21,0,13,*,0,3,0,0,11,27,22,316499,267720,48659,120,289690,255309,34191,190,87264,81733,5457,74
2024,FY,PROVIDER,IRF,673063,Trustpoint Rehab Hospital Of Lubbock,Lubbock,TX,79415,774,904,13373,41834125,23326633,22829809,24667128,14355,13,18,78,43,57,85,2,*,12,*,*,*,2.23,2,10,29,45,5,52,55,2,2,5,20,40,78,15,20,46,32,45,44,87,96,60,35,5,36,*,*,*,0,13,0,14,4,*,11,*,0,16,22,17,603481,435773,167708,0,613896,447765,166071,60,201601,199336,2265,0
2024,FY,PROVIDER,IRF,673065,"Chi St. Joseph Health Rehabilitation Hospital, An",Bryan,TX,77802,821,944,11821,31603465,22288083,21674315,23128652,0,10,18,79,41,59,86,6,*,6,*,*,*,2.34,1,11,24,48,11,46,48,2,2,4,17,43,76,14,21,47,26,46,49,87,98,50,24,4,37,*,*,*,*,27,0,10,*,*,6,0,0,10,31,15,665824,547364,117890,570,649265,549686,98999,580,82376,81823,225,328
2024,FY,PROVIDER,IRF,673066,Encompass Health Rehabilitation Hospital Of Pearla,Pearland,TX,77584,602,697,9243,25791078,18974254,18511134,18180835,17068,17,2,77,43,57,61,27,2,9,*,*,*,3.25,2,14,36,51,12,50,55,*,2,7,15,46,74,16,22,62,37,58,59,91,*,61,26,9,42,*,*,0,0,17,*,19,0,*,5,0,0,22,20,16,449353,360134,88934,285,443058,358334,84484,240,128642,111665,16977,0
2024,FY,PROVIDER,IRF,673067,Pam Rehabilitation Hospital Of Corpus Christi,Corpus Christi,TX,78401,606,729,8789,33777346,18876318,18215982,17747779,14574,21,7,77,46,54,59,3,*,36,*,*,*,3.19,*,21,36,49,9,53,56,2,4,8,23,39,75,20,19,59,47,68,58,92,*,59,26,5,33,0,*,*,*,42,*,16,2,*,2,*,0,13,11,12,544946,520293,24653,0,496269,472886,23383,0,60350,60350,0,0
2024,FY,PROVIDER,IRF,673068,Pam Health Rehabilitation Hospital Of Sugar Land,Sugar Land,TX,77479,591,668,8500,37795146,18526509,18060933,17644767,274816,20,2,78,45,55,58,19,10,10,0,*,*,3.00,3,14,38,49,11,48,60,*,2,8,14,44,78,18,20,60,38,62,63,92,*,62,26,7,44,*,*,*,*,33,0,15,*,0,6,0,0,12,18,13,308987,284332,24655,0,308238,297888,10350,0,75976,75856,120,0
2024,FY,PROVIDER,IRF,673069,Pam Rehabilitation Hospital Of Round Rock,Round Rock,TX,78665,481,577,6573,22341228,13833704,13399672,13955382,52204,15,12,77,42,58,81,9,*,7,0,*,*,2.51,2,15,35,57,14,59,64,5,3,5,14,40,73,18,21,44,26,49,44,88,94,50,28,11,36,*,*,*,*,22,0,15,*,*,3,*,0,22,22,12,292078,289958,2120,0,252216,250871,1345,0,78879,77721,1158,0
2024,FY,PROVIDER,IRF,673070,South Plains Rehabilitation Hospital An Affiliate,Lubbock,TX,79416,968,1184,14470,41204429,27107173,26262965,29036067,0,18,14,77,45,55,80,3,*,16,*,*,*,2.62,2,13,30,45,5,48,50,2,2,5,21,39,74,15,17,51,34,50,49,85,97,62,29,5,27,*,*,*,*,34,0,8,*,1,2,*,*,11,23,20,825160,681278,143742,140,727858,596658,131182,18,163608,163398,180,30
2024,FY,PROVIDER,IRF,673071,Encompass Health Rehabilitation Hospital Of Katy,Katy,TX,77494,803,924,11307,31726673,23953595,23364987,22968361,1477,9,11,79,41,59,80,8,3,7,*,2,*,2.73,4,13,34,51,9,50,60,2,3,4,16,45,82,19,21,54,38,51,52,90,97,63,30,7,38,*,*,0,0,42,0,14,*,0,1,0,0,3,21,16,670970,569802,100648,520,662042,559374,102368,300,114669,102253,12416,0
2024,FY,PROVIDER,IRF,673072,Pam Health Rehab Hospital Of Houston Heights,Houston,TX,77008,422,512,6379,23603315,13985907,13512323,13138977,8207,25,*,76,44,56,63,20,*,14,0,*,*,3.47,5,20,42,47,17,54,59,*,3,11,21,42,74,20,19,60,38,59,58,87,97,57,27,9,40,*,*,*,*,41,0,15,*,0,4,*,*,11,13,11,274331,270971,3360,0,288212,286052,2160,0,96413,96188,225,0
2024,FY,PROVIDER,IRF,673073,Longview Rehabilitation Hospital,Longview,TX,75605,343,377,3875,10929587,8292276,8066804,8562063,2096,11,11,78,39,61,90,7,*,*,0,*,0,2.63,*,13,28,47,8,56,57,*,*,4,20,47,78,16,17,56,43,52,57,91,*,57,28,7,35,*,*,*,0,32,0,11,*,*,5,*,0,10,20,16,211562,171062,18885,21615,221256,191181,8340,21735,68191,65731,2190,270
2024,FY,PROVIDER,IRF,673074,Temple Rehabilitation Hospital,Temple,TX,76504,189,221,2521,7564751,5427525,5341301,5550571,155043,7,10,77,41,59,84,6,*,7,*,*,*,2.20,*,18,27,58,12,54,58,*,6,*,17,38,76,20,21,55,25,54,46,90,94,40,31,8,41,0,*,0,0,14,*,17,*,*,7,*,0,18,22,16,132632,123532,8470,630,137770,126928,10267,575,33671,33066,570,35
2024,FY,PROVIDER,IRF,673075,Pam Health Rehabilitation Hospital Of El Paso,El Paso,TX,79902,378,412,5078,15354393,10052522,9831906,10928556,86871,24,3,77,44,56,52,3,*,41,0,*,*,2.07,*,14,32,43,11,42,45,*,*,13,19,36,60,12,18,49,29,56,41,81,96,42,26,6,33,0,0,*,*,28,0,20,*,*,3,0,0,14,25,8,258404,247808,10566,30,260461,247404,13057,0,37496,37436,60,0
2024,FY,PROVIDER,IRF,673076,Clearsky Rehabilitation Hospital Of Flower Mound,Flower Mound,TX,75022,415,490,6273,15034297,12268513,11978281,12190045,48001,7,*,79,39,61,87,3,*,4,*,*,*,2.65,*,14,41,54,13,56,60,*,*,4,13,46,78,21,22,58,37,52,49,91,97,56,35,11,40,*,0,*,0,29,0,10,*,0,9,*,0,17,22,11,218745,191808,26937,0,233601,201385,32216,0,118977,102641,16335,1
2024,FY,PROVIDER,IRF,673077,Texas Rehabilitation Hospital Of Keller,Keller,TX,76248,530,584,6675,20289402,14260543,14054111,14403666,2499,6,*,79,47,53,91,3,*,3,*,*,*,2.14,*,18,32,43,18,50,52,*,2,4,15,42,71,19,23,54,29,49,42,92,96,55,36,8,35,*,*,*,0,21,*,14,*,*,4,0,0,18,31,9,270635,243611,17342,9682,271915,246375,15613,9927,61065,60585,450,30
2024,FY,PROVIDER,IRF,673078,"Shannon Rehabilitation Hospital, An Affiliate Of E",San Angelo,TX,76901,548,639,7437,20685784,12009799,11475599,14012643,62580,14,19,78,41,59,81,*,0,17,0,*,*,2.22,3,12,25,47,5,45,48,5,4,4,17,40,80,17,18,47,30,48,64,88,95,56,26,8,32,0,*,2,0,23,0,10,*,*,8,0,0,11,26,19,497802,350143,147579,80,424699,302944,121715,40,58754,58574,180,0
2024,FY,PROVIDER,IRF,673079,Encompass Health Rehabilitation Hospital Of Waco,Robinson,TX,76706,525,584,7046,20103021,13761874,13451226,14345656,25148,9,16,78,42,58,87,6,*,5,*,*,*,2.37,*,14,29,54,9,52,54,*,3,4,15,47,76,19,19,46,33,43,48,88,95,53,34,6,34,*,*,0,0,23,0,10,*,*,3,0,0,15,24,24,431031,301826,128515,690,445899,320263,124876,760,85477,83232,1875,370
2024,FY,PROVIDER,IRF,673080,Reunion Rehabilitation Hospital Plano,Plano,TX,75075,798,970,11321,38512989,22673459,21999691,22793851,298869,9,2,79,42,58,83,6,5,3,*,*,2,2.51,3,13,34,50,15,54,64,4,3,4,15,44,79,19,24,51,31,50,48,92,97,53,37,8,35,*,0,*,*,27,*,8,0,*,5,0,*,29,20,10,578673,456573,122055,45,567710,468662,99048,0,97323,97323,0,0
2024,FY,PROVIDER,IRF,673081,Reunion Rehabilitation  Hospital Arlington,Arlington,TX,76018,436,528,6900,23069005,13373348,12954396,13394311,72227,18,*,77,42,58,68,24,*,5,*,*,*,2.89,3,17,40,50,22,52,62,4,3,9,19,42,70,16,18,59,39,62,53,90,*,60,27,8,42,*,0,*,0,25,0,12,*,*,3,0,0,31,21,7,342111,325326,16030,755,347823,322541,24552,730,103538,103538,0,0
2024,FY,PROVIDER,IRF,673083,El Paso Rehabilitation Hospital,El Paso,TX,79938,155,163,2067,6840691,4414431,4352199,5020996,353596,28,*,76,46,54,32,*,0,62,0,0,*,2.55,*,15,29,50,9,46,50,*,*,10,22,25,61,12,14,59,28,66,35,84,*,38,21,*,35,*,0,0,0,19,0,16,*,*,8,*,*,12,29,12,124356,124206,90,60,123675,123585,30,60,10987,10957,30,0
2024,FY,PROVIDER,IRF,673088,Clearsky Rehabilitation Hospital Of Mansfield,Mansfield,TX,76063,676,780,10436,24068032,19314019,18906587,19398076,0,11,*,79,41,59,81,11,*,5,*,*,*,2.35,*,14,37,47,11,49,56,3,2,4,17,44,74,16,20,54,32,50,48,91,97,55,28,9,37,0,*,*,0,30,0,14,3,*,5,*,0,8,23,15,387590,311210,76380,0,446109,358336,87773,0,134997,118712,16165,120
2024,FY,PROVIDER,IRF,673089,Clearsky Rehabilitation Hospital Of Harker Heights,Harker Heights,TX,76548,372,427,5874,13999587,10588845,10347476,11149824,0,10,*,76,40,60,67,20,4,8,0,*,*,2.65,*,14,30,48,9,49,52,*,6,3,27,38,70,19,19,56,38,59,51,93,97,51,26,7,44,0,*,*,*,22,0,15,*,*,*,0,0,24,22,10,178983,136708,42275,0,195459,166315,29144,0,50525,42415,8110,0
2024,FY,PROVIDER,IRF,673095,San Antonio Rehabilitation Hospital,San Antonio,TX,78240,265,302,3757,14311836,6400796,6210340,6942096,5140,16,*,77,42,58,62,5,*,31,0,*,*,2.52,*,17,36,55,12,55,61,*,5,10,15,46,75,21,25,55,38,62,49,92,*,55,25,8,38,0,0,*,0,20,0,14,*,*,5,0,0,22,23,14,211169,207394,1850,1925,205894,200690,3360,1844,47731,47711,0,20
2024,FY,PROVIDER,IRF,673096,Encompass Health Rehabilitation Hospital Of Prospe,Prosper,TX,75078,510,604,7422,21662786,13889396,13473092,13928320,5896,9,*,78,41,59,84,7,3,4,*,*,*,2.51,2,16,41,57,22,58,63,7,3,5,15,41,78,22,20,50,31,48,49,88,*,51,30,11,36,0,*,*,*,28,0,13,*,*,3,0,0,18,20,15,432474,322303,109821,350,410906,307932,102944,30,92928,92488,440,0
2024,FY,PROVIDER,IRF,743025,Rehabilitation Institute Of South San Antonio,San Antonio,TX,78221,84,87,965,4078366,1812449,1732889,1934340,20311,30,*,76,40,60,44,*,0,43,0,*,*,2.08,*,18,44,43,15,46,58,0,*,13,14,32,62,14,*,54,32,64,38,*,100,43,27,*,37,0,*,0,*,16,0,21,*,*,*,*,0,13,22,*,53411,52383,96,932,54082,52305,912,865,5862,5835,18,9
2024,FY,PROVIDER,IRF,743027,Clearsky Rehabilitation Hospital Of Baytown Llc,Baytown,TX,77521,112,121,1520,3673523,2938624,2876200,2869855,0,12,*,79,37,63,79,13,*,*,0,*,0,2.00,*,16,46,49,10,53,56,0,*,*,27,46,74,18,20,70,46,60,62,90,*,61,17,*,46,0,0,*,0,35,0,15,*,0,*,0,0,20,19,9,80093,72170,7923,0,80830,74880,5950,0,17620,13695,3925,0
2024,FY,PROVIDER,IRF,460001,Intermountain Health Utah Valley Hospital,Provo,UT,84604,139,143,1678,11380673,3731805,3675861,3891097,538413,8,24,76,58,42,94,0,*,*,*,*,*,1.96,*,17,14,47,*,46,47,*,*,*,14,41,57,12,19,40,10,47,29,85,87,40,25,*,60,0,*,0,0,*,*,40,0,0,0,0,0,8,24,22,67093,64932,1336,825,75438,70975,3328,1135,35028,34347,396,285
2024,FY,PROVIDER,IRF,460004,Mckay-dee Hospital,Ogden,UT,84403,129,132,1572,10552829,3538854,3504774,3775242,697873,*,*,76,49,51,93,*,0,*,0,*,0,2.08,*,15,25,39,*,44,46,*,*,*,15,42,64,18,15,48,22,47,35,88,*,39,26,*,53,0,0,0,0,*,0,43,0,0,0,0,0,11,26,14,66182,56139,1759,8284,65268,53476,3170,8622,10341,9577,469,295
2024,FY,PROVIDER,IRF,460005,Ogden Regional Medical Center,Ogden,UT,84405,111,114,1464,11414246,2885078,2856582,2988335,149280,*,0,77,57,43,91,*,0,*,0,*,0,2.16,*,12,22,42,*,50,52,0,0,*,16,40,59,18,15,55,27,56,46,83,*,44,20,*,38,*,0,0,*,11,0,23,*,0,*,0,0,25,24,11,83936,83891,45,0,86779,86779,0,0,16687,16687,0,0
2024,FY,PROVIDER,IRF,460009,University Of Utah Hospital And Clinics,Salt Lake City,UT,84132,232,248,4449,25540783,10320971,10151811,10735008,3477201,13,11,72,56,44,85,0,*,5,*,*,*,2.52,*,14,20,48,11,49,53,*,*,*,16,32,59,16,18,37,27,47,30,80,91,38,22,5,60,0,0,*,0,20,0,31,0,0,*,0,0,10,12,25,120551,107649,2375,10527,123056,111648,1001,10407,38106,36735,996,375
2024,FY,PROVIDER,IRF,460010,Intermountain Medical Center,Murray,UT,84107,130,132,1610,12826146,3461921,3423665,3522467,337722,13,*,74,59,41,82,*,*,9,*,*,*,2.29,*,17,25,51,9,62,65,*,*,*,13,32,50,12,13,36,17,47,37,81,90,50,18,*,51,*,0,0,0,11,0,29,0,*,*,0,0,22,26,11,67071,62632,499,3940,72127,65635,2907,3585,45098,44078,1020,0
2024,FY,PROVIDER,IRF,460021,St George Regional Hospital,St George,UT,84790,119,125,1785,11537357,4071297,4037937,4254758,842676,*,19,77,57,43,92,0,*,*,*,*,*,2.03,*,13,27,37,*,43,44,0,*,*,12,39,69,13,13,32,14,41,28,85,*,50,19,9,70,0,0,*,0,13,0,50,0,0,*,0,0,*,15,13,91903,75090,455,16358,90531,71732,233,18566,50206,43965,480,5761
2024,FY,PROVIDER,IRF,460047,St Mark's Hospital,Salt Lake City,UT,84124,148,155,1923,14482170,3821092,3797652,3924397,17553,8,*,77,49,51,93,0,*,*,*,*,0,1.90,*,24,19,45,7,54,55,*,*,*,20,39,72,20,17,47,31,40,43,74,91,38,22,8,40,*,*,0,0,*,0,19,0,0,*,0,0,41,25,9,78524,78524,0,0,90732,90732,0,0,16756,16756,0,0
2024,FY,PROVIDER,IRF,460051,Holy Cross Hospital-jordan Valley,West Jordan,UT,84088,75,77,1049,4074776,1700689,1649729,1723237,233690,*,0,77,45,55,93,*,0,*,0,0,*,2.04,0,*,23,57,*,63,63,*,*,*,*,55,69,15,17,47,19,48,27,83,*,43,35,*,53,0,0,*,0,22,0,26,0,0,*,0,0,21,21,*,21406,21141,90,175,21689,21514,0,175,13705,13705,0,0
2024,FY,PROVIDER,IRF,462005,Utah Valley Specialty Hospital,Provo,UT,84604,76,80,1188,3895501,2053924,1999252,2142625,0,*,18,75,49,51,97,0,0,*,*,0,0,2.50,*,21,38,58,16,61,63,*,*,*,14,32,80,*,20,53,29,51,51,82,*,49,26,*,32,0,0,*,*,16,0,*,0,0,*,0,0,34,22,*,58363,54478,3679,206,56214,52971,3243,0,20328,18779,1549,0
2024,FY,PROVIDER,IRF,463025,Encompass Health Rehabilitation Hospital Of Utah,Sandy,UT,84094,492,565,7349,19522739,12950711,12534607,13015001,76966,9,*,78,43,57,93,*,*,3,0,*,*,2.42,2,20,32,53,9,64,67,4,4,4,10,38,76,18,17,56,22,46,46,75,90,45,34,9,29,0,0,0,*,17,0,7,3,0,4,0,0,18,30,23,376630,294895,81690,45,390731,306901,83830,0,77795,72971,4824,0
2024,FY,PROVIDER,IRF,463027,Northern Utah Rehabilitation Hospital,South Ogden,UT,84403,323,350,5013,11143522,9181349,8931877,9594120,288501,15,*,77,42,58,92,*,*,4,*,*,*,2.75,*,24,28,59,10,56,60,*,4,6,12,34,69,23,19,55,29,52,43,79,93,40,26,11,28,*,*,*,0,25,0,11,*,*,7,*,0,21,21,11,213621,187114,26477,30,219378,200682,18666,30,105779,100026,5723,30
2024,FY,PROVIDER,IRF,490005,Winchester Medical Center,Winchester,VA,22601,237,250,2774,6893922,5205765,5156741,5471481,33720,5,14,77,46,54,95,*,*,*,0,*,*,1.79,*,8,23,46,10,43,47,*,*,*,17,37,72,14,21,44,27,42,42,90,92,42,22,5,52,0,*,*,0,5,0,26,*,*,6,*,0,13,29,12,156240,154004,135,2101,160863,158481,179,2203,20072,19704,0,368
2024,FY,PROVIDER,IRF,490007,Sentara Norfolk General Hospital,Norfolk,VA,23507,150,154,2002,12149357,4682782,4641358,4431256,204511,7,*,72,61,39,64,28,*,*,0,*,*,2.46,*,14,19,33,*,35,37,0,*,*,22,37,67,15,22,41,34,49,50,93,*,59,18,*,61,0,*,*,0,*,0,48,0,*,*,0,0,14,8,22,116348,116228,120,0,120292,120292,0,0,30754,30304,450,0
2024,FY,PROVIDER,IRF,490017,Bon Secours Maryview Medical Center,Portsmouth,VA,23707,138,149,2001,7956601,4123837,4092205,4484711,846421,*,*,78,39,61,74,22,*,*,0,*,*,2.28,*,14,15,36,*,44,48,*,*,*,12,41,72,11,21,48,36,61,49,92,*,45,25,*,48,*,*,*,*,*,0,32,*,*,*,*,0,*,23,13,108512,100978,7377,157,109662,104069,5526,67,25743,24843,900,0
2024,FY,PROVIDER,IRF,490018,Augusta Health,Fishersville,VA,22939,84,86,1133,2788522,1727790,1716398,1745390,117554,*,*,78,52,48,92,0,*,0,0,*,*,1.54,0,*,19,43,*,46,50,*,*,*,14,25,69,*,23,33,23,40,21,*,*,43,20,*,61,0,0,0,0,*,0,43,0,0,*,0,0,*,14,27,43719,43719,0,0,44370,44370,0,0,14014,14014,0,0
2024,FY,PROVIDER,IRF,490021,"Centra  Health, Inc",Lynchburg,VA,24501,126,133,1787,7946197,3496406,3471990,4081042,512456,10,12,76,44,56,86,13,0,0,0,*,*,1.69,0,14,17,37,9,40,46,*,*,9,15,44,61,13,13,41,23,47,37,90,*,35,18,*,75,0,0,0,0,*,0,58,0,0,*,0,0,*,20,*,64030,63402,628,0,66223,65800,423,0,25285,25220,65,0
2024,FY,PROVIDER,IRF,490024,Carilion Roanoke Memorial Hospital,Roanoke,VA,24014,264,289,3839,22463148,7181881,7086337,7699661,571798,9,14,75,56,44,91,5,*,*,0,*,*,1.97,*,14,20,51,13,48,51,*,*,*,17,32,69,11,19,53,25,45,41,89,92,44,24,6,45,0,*,0,0,4,0,28,0,*,4,0,0,36,22,4,179578,179578,0,0,177103,177103,0,0,71876,71876,0,0
2024,FY,PROVIDER,IRF,490038,Smyth County Community Hospital,Marion,VA,24354,78,84,1087,4617846,2002444,1976492,1930645,10233,*,85,81,40,60,95,0,0,*,0,*,*,1.76,0,*,24,49,*,47,50,0,0,*,19,41,72,15,17,53,38,40,42,*,*,49,17,*,29,0,0,0,0,*,0,15,*,*,*,0,0,*,33,35,66118,66118,0,0,58351,58351,0,0,12730,12730,0,0
2024,FY,PROVIDER,IRF,490048,Lewisgale Medical Center,Salem,VA,24153,349,373,4834,37552136,8974626,8930850,9869376,204722,7,11,80,46,54,93,4,*,*,0,*,*,2.04,*,12,28,53,11,57,59,*,*,4,17,45,70,17,21,45,30,50,45,92,96,52,29,10,46,0,*,*,0,6,0,18,0,*,*,0,0,42,27,5,231989,231335,0,654,227926,227277,19,630,67467,67397,60,10
2024,FY,PROVIDER,IRF,490050,Virginia Hospital Center,Arlington,VA,22205,239,258,3119,9782693,6529130,6459530,6203312,363409,*,*,79,57,43,81,8,*,*,0,*,*,1.83,*,13,26,39,11,40,41,*,*,*,5,38,73,16,24,36,17,35,39,89,93,52,23,13,40,0,0,0,0,0,0,*,0,0,0,*,0,93,5,0,126784,124309,320,2155,125016,122831,0,2185,39203,38933,60,210
2024,FY,PROVIDER,IRF,490057,Sentara Virginia Beach General Hospital,Virginia Beach,VA,23454,98,104,1421,8507877,2897300,2870028,3106778,128005,*,*,78,55,45,84,*,*,*,0,*,*,2.22,*,16,19,41,*,42,43,*,*,*,17,47,72,14,19,42,27,41,49,*,100,48,33,*,48,0,0,0,0,*,0,24,0,0,*,0,0,*,33,22,73901,73435,0,466,73128,72175,0,953,16072,16012,60,0
2024,FY,PROVIDER,IRF,490063,Inova Fairfax Hospital,Falls Church,VA,22042,327,351,4231,18399314,13206338,13072226,12836403,4147272,5,*,78,50,50,75,8,7,4,*,*,4,1.95,*,9,24,44,6,37,40,*,*,4,11,38,70,19,28,42,24,42,36,92,94,46,29,9,47,0,*,0,0,11,0,22,0,*,6,0,0,21,23,17,197208,193338,3870,0,198304,193429,4875,0,98164,94789,3345,30
2024,FY,PROVIDER,IRF,490066,Sentara Williamsburg Regional Medical Center,Williamsburg,VA,23188,73,74,1096,6435000,2860578,2847554,3148094,1082925,*,*,79,56,44,86,*,*,*,0,*,0,2.00,0,*,18,40,0,36,40,*,*,*,*,34,73,*,29,33,22,42,40,*,100,45,26,*,42,*,*,0,0,*,0,31,0,0,*,0,0,*,43,0,55708,55708,0,0,51882,51882,0,0,13585,13585,0,0
2024,FY,PROVIDER,IRF,490075,Sovah Health Danville,Danville,VA,24541,137,145,1541,10575378,3511184,3475440,3460200,122451,12,*,78,41,59,85,12,*,*,0,0,0,2.16,*,15,26,45,9,48,53,*,*,*,28,38,62,14,20,54,39,49,42,*,*,45,31,*,35,0,0,0,0,*,0,19,0,0,*,0,0,44,26,*,80271,71296,0,8975,77586,68494,798,8294,20368,18675,315,1378
2024,FY,PROVIDER,IRF,490107,Reston Hospital Center,Reston,VA,20190,494,520,5895,40771438,12730575,12584639,12142031,407959,6,*,80,46,54,79,6,8,3,0,2,2,1.95,*,8,26,48,8,47,49,*,*,2,6,38,85,18,23,51,24,42,32,91,93,52,33,11,38,0,*,*,*,18,0,17,*,0,6,*,0,8,32,18,202998,191852,60,11086,191148,181905,56,9187,50969,47420,34,3515
2024,FY,PROVIDER,IRF,490112,Cjw Medical Center,Richmond,VA,23235,420,452,6007,53671290,11140357,11065701,11468419,197443,6,6,79,45,55,80,15,*,*,0,*,*,2.30,*,13,23,45,21,42,44,*,*,4,16,44,73,17,26,48,29,48,44,91,95,51,25,6,44,*,*,0,0,6,0,21,0,*,6,0,0,29,27,11,272506,268291,3217,998,270322,267289,2125,908,31862,31862,0,0
2024,FY,PROVIDER,IRF,490114,Lonesome Pine Hospital,Big Stone Gap,VA,24219,60,63,910,3508838,1772484,1764324,1767792,10266,*,*,82,42,58,100,0,0,0,0,0,0,2.22,0,*,30,53,*,63,65,*,0,*,20,48,75,*,20,57,47,52,47,*,*,55,42,*,37,*,0,*,*,*,0,19,*,*,*,0,0,17,27,*,36402,30072,540,5790,51245,44685,1020,5540,4230,4230,0,0
2024,FY,PROVIDER,IRF,490118,Henrico Doctors' Hospital,Richmond,VA,23229,406,421,5580,55349892,10393463,10250535,10560099,246911,5,12,78,46,54,83,13,*,*,0,*,*,2.46,*,13,26,47,12,42,45,3,*,3,17,51,69,15,25,51,32,52,63,90,97,61,23,8,38,0,*,*,0,15,0,15,3,*,4,0,0,24,25,13,251661,247386,335,3940,264050,260190,165,3695,117933,116853,1080,0
2024,FY,PROVIDER,IRF,490122,Inova Mount Vernon Hospital,Alexandria,VA,22306,747,814,10629,44851047,25621735,25241671,24385107,4238180,7,*,78,44,56,70,20,3,3,*,2,*,2.15,*,10,24,42,7,37,41,2,3,2,10,36,75,18,24,42,22,45,35,88,94,46,25,9,45,*,0,*,*,4,*,16,*,0,3,0,0,20,29,26,486560,472215,14285,60,470518,446323,24195,0,118922,118922,0,0
2024,FY,PROVIDER,IRF,493027,Riverside Rehabilitation Institute,Yorktown,VA,23692,762,825,10197,62428847,18776445,18543437,19640674,97187,5,3,79,45,55,81,15,*,*,0,1,*,2.24,2,11,36,47,5,42,49,2,2,3,12,39,76,17,25,44,27,44,41,91,95,49,28,5,42,0,0,*,0,5,*,16,*,*,8,*,0,24,33,13,347100,310670,36430,0,341166,320541,20625,0,47596,46591,1005,0
2024,FY,PROVIDER,IRF,493028,Encompass Health Rehab Hospital Of Richmond,Richmond,VA,23226,678,749,8126,19054618,17165851,16922323,17292911,5699,11,9,78,50,50,79,18,*,*,*,*,*,2.48,3,16,29,46,16,49,52,4,2,5,19,45,72,17,26,51,34,52,48,88,96,53,24,8,38,0,*,*,0,26,0,15,*,*,3,0,0,14,24,15,456463,310206,146257,0,413693,300158,113354,181,168495,127595,40900,0
2024,FY,PROVIDER,IRF,493029,Uva Encompass Health Rehabilitation Hospital,Charlottesville,VA,22903,701,789,9604,23575885,18240615,17871103,18680172,3981,8,14,77,51,49,88,7,*,*,0,2,*,2.25,*,12,28,44,24,49,61,17,2,2,13,38,71,15,22,42,21,44,40,86,92,45,29,9,39,*,*,0,0,11,0,19,0,*,3,0,0,13,28,24,433330,311967,121128,235,483245,351146,132039,60,193377,130894,62483,0
2024,FY,PROVIDER,IRF,493031,Encompass Health Rehab Hospital Of Petersburg,Petersburg,VA,23805,663,764,9185,21472434,18637596,18405052,18450615,30181,16,14,78,44,56,70,27,*,*,0,*,*,2.71,2,12,25,46,24,45,48,2,2,6,25,45,71,17,23,59,43,57,54,93,97,61,20,5,45,0,0,*,0,30,0,18,*,*,3,0,0,17,20,12,537882,336739,198733,2410,510485,383814,123811,2860,60303,53578,6725,0
2024,FY,PROVIDER,IRF,493032,Encompass Health Rehab Hospital Of Fredericksburg,Fredericksburg,VA,22401,882,995,11142,27035135,24011170,23546114,22348753,0,10,15,78,46,54,82,13,*,3,*,1,*,2.49,1,12,28,53,7,50,53,2,3,4,20,45,72,20,24,52,39,53,50,91,97,59,22,7,42,0,*,*,0,24,0,16,0,*,4,0,0,17,23,16,630040,488483,141527,30,665581,527189,138392,0,134530,114707,19823,0
2024,FY,PROVIDER,IRF,493033,Encompass Health Rehab Hospital Of Northern Va,Aldie,VA,20105,1183,1305,14151,32251267,31214530,30718410,29424073,0,6,1,80,42,58,85,6,4,2,*,1,*,2.24,2,11,26,45,9,48,51,2,2,3,9,44,75,18,23,47,29,43,41,91,94,53,29,8,39,0,*,*,*,25,0,18,1,*,3,0,0,5,33,14,807935,609287,195074,3574,730100,610112,116149,3839,168352,159129,8828,395
2024,FY,PROVIDER,IRF,493034,Rehabilitation Hospital Of Bristol,Bristol,VA,24201,338,376,4292,10435613,7574537,7497705,8780619,0,11,20,79,41,59,97,*,0,*,0,*,0,2.26,*,17,24,53,9,49,57,*,*,6,20,39,73,15,22,56,37,46,46,92,94,54,31,4,34,0,*,0,0,27,*,12,*,*,*,0,0,18,27,13,255890,182061,71855,1974,243524,195229,46857,1438,71858,56701,14492,665
2024,FY,PROVIDER,IRF,493036,Sheltering Arms Institute,Richmond,VA,23233,1259,1403,18299,79246593,35021263,34462431,35437498,1409862,7,11,77,49,51,83,13,*,*,0,2,*,2.43,2,15,26,47,14,46,58,4,2,3,13,42,75,16,25,47,30,50,41,89,95,51,25,7,44,*,1,*,*,12,*,19,*,*,4,0,*,16,26,21,763452,749093,14359,0,770065,751580,18485,0,265599,264219,1380,0
2024,FY,PROVIDER,IRF,470003,University Of Vermont Medical Center,Burlington,VT,05401,154,169,2242,10810015,5393660,5352100,5386132,1199992,29,23,74,56,44,92,*,*,*,0,*,*,2.06,*,19,13,46,11,52,62,*,*,*,14,38,60,19,23,28,23,38,25,75,88,38,23,8,56,0,0,0,0,12,0,40,0,0,*,0,0,*,18,25,82849,80124,0,2725,81757,78952,0,2805,32021,31961,0,60
2024,FY,PROVIDER,IRF,471302,Mt Ascutney Hospital,Windsor,VT,05089,101,104,1453,8308056,3428576,3400520,3322688,421344,17,15,77,48,52,95,0,0,*,0,*,*,1.55,*,13,18,46,*,44,49,*,*,*,15,34,70,21,25,26,18,41,27,80,89,34,22,*,48,0,0,0,0,0,0,34,0,0,*,*,0,*,38,26,42753,39266,2,3485,44832,41372,60,3400,9410,9410,0,0
2024,FY,PROVIDER,IRF,500002,Providence St Mary Medical Center,Walla Walla,WA,99362,128,134,1433,5537970,3095546,3074394,2885669,4285,16,0,81,46,54,95,0,*,*,0,0,0,1.75,*,12,12,34,*,46,46,*,*,*,12,33,76,15,30,44,17,37,38,91,*,40,30,*,52,0,0,*,0,*,0,30,*,*,*,0,0,*,35,20,72532,72400,132,0,78899,78869,30,0,14521,14521,0,0
2024,FY,PROVIDER,IRF,500008,University Of Washington Medical Ctr,Seattle,WA,98195,62,63,1003,6396492,2257300,2179524,1741040,237260,*,*,71,60,40,84,*,*,0,*,*,*,2.41,0,*,21,44,*,35,37,*,*,0,*,29,50,19,24,32,24,31,26,65,77,23,19,*,48,*,*,0,0,38,0,27,0,0,*,0,0,19,*,*,32668,32668,0,0,31876,31876,0,0,18203,18203,0,0
2024,FY,PROVIDER,IRF,500014,Providence Regional Medical Center Everett,Everett,WA,98201,103,107,1166,6392031,2949629,2940277,2466791,25945,15,*,73,57,43,81,*,*,*,*,*,*,2.04,*,20,19,32,*,28,36,0,*,*,23,32,51,13,12,28,19,43,22,85,*,37,17,*,78,0,*,*,0,*,0,62,0,0,*,0,0,*,12,*,53173,52023,1060,90,54651,52916,1630,105,25785,25277,463,45
2024,FY,PROVIDER,IRF,500016,Confluence Health Hospital,Wenatchee,WA,98807,47,48,592,3492922,1113940,1112308,1162846,58165,*,*,77,51,49,85,0,0,*,0,*,*,1.80,*,23,23,32,*,45,55,0,*,0,26,38,57,*,32,43,*,40,26,77,*,*,*,*,60,*,0,0,0,*,0,54,0,0,*,0,0,*,*,*,24602,24522,80,0,25966,25921,45,0,17642,17642,0,0
2024,FY,PROVIDER,IRF,500025,Swedish Medical Center / Cherry Hill,Seattle,WA,98122,115,119,1748,12089260,3903900,3870636,3285135,297602,13,*,76,59,41,73,*,*,*,*,*,*,1.62,*,*,20,39,*,31,37,*,*,*,11,39,60,10,23,28,17,38,29,87,*,38,17,*,83,0,*,0,0,10,0,71,0,0,*,0,0,*,*,9,85506,85446,60,0,79831,79756,75,0,25605,25605,0,0
2024,FY,PROVIDER,IRF,500050,Peacehealth Southwest Medical Cente,Vancouver,WA,98668,67,72,876,4468245,2312797,2275581,1820183,72752,19,*,75,58,42,87,*,*,*,*,*,0,2.22,*,21,30,42,*,46,51,*,*,*,18,33,48,*,24,42,22,45,33,*,*,48,*,*,72,0,*,0,0,*,0,51,0,0,*,0,0,*,18,*,42014,42014,0,0,42670,42670,0,0,9396,9396,0,0
2024,FY,PROVIDER,IRF,500064,Harborview Medical Center,Seattle,WA,98104,73,76,1208,7940841,3098583,3047455,2457583,303417,23,*,72,64,36,82,*,*,*,*,*,*,1.58,*,21,19,30,*,38,41,*,*,*,19,44,47,*,18,*,16,26,19,81,77,26,19,*,55,0,*,*,0,17,0,30,0,0,*,0,0,*,36,*,25876,25696,90,90,24684,24594,0,90,10193,10193,0,0
2024,FY,PROVIDER,IRF,500079,Multicare Good Samaritan Hospital,Puyallup,WA,98372,175,179,3153,17732353,7217141,7144829,6093987,1055988,15,*,76,52,48,86,*,*,*,0,*,*,2.15,*,12,23,49,*,41,43,*,7,*,20,46,58,14,16,44,24,47,42,91,*,43,16,6,71,0,0,0,0,8,0,58,0,0,*,0,0,12,7,15,111084,110384,700,0,131683,131653,0,30,44357,44357,0,0
2024,FY,PROVIDER,IRF,500124,Evergreenhealth Medical Center,Kirkland,WA,98034,117,121,1376,9253779,3002903,2989095,2612909,19965,12,*,78,50,50,85,*,*,*,*,*,*,1.84,*,16,21,33,9,41,44,*,*,*,*,34,54,13,23,37,18,38,31,87,*,41,30,11,66,0,*,*,0,12,0,52,0,0,*,0,0,*,*,25,40209,40209,0,0,39567,39567,0,0,12094,12094,0,0
2024,FY,PROVIDER,IRF,501329,Peacehealth United General Medical Center,Sedro Woolley,WA,98284,124,131,1410,6330552,3920024,3905400,3863812,1012514,*,*,78,60,40,94,0,*,0,0,*,0,1.50,0,15,23,33,*,34,37,*,*,*,17,32,63,14,19,31,20,36,24,84,*,39,23,*,67,0,0,*,0,10,0,56,*,0,*,0,0,*,15,*,57335,56034,180,1121,63755,62011,606,1138,28036,28036,0,0
2024,FY,PROVIDER,IRF,501337,Lourdes Medical Center,Pasco,WA,99301,122,125,1207,6985794,2670453,2630973,2708265,159920,*,*,78,53,47,89,*,*,*,*,*,0,1.67,*,14,26,30,*,41,43,0,*,*,11,43,81,16,16,38,16,52,33,*,*,34,25,*,52,*,0,*,0,*,0,39,*,0,*,*,0,10,13,28,38090,38090,0,0,42769,42769,0,0,12865,12865,0,0
2024,FY,PROVIDER,IRF,503025,Providence St Luke's Rehabilitation Medical Center,Spokane,WA,99202,439,458,5937,26031299,15093542,14945510,11158618,192874,18,15,76,51,49,91,*,*,3,*,*,*,2.09,*,15,20,41,7,45,49,3,6,4,16,41,64,16,16,36,24,45,35,84,90,41,22,7,66,*,*,0,*,7,0,48,*,0,*,0,0,7,20,15,278370,253517,24338,515,275056,257673,16605,778,101314,96524,4565,225
2024,FY,PROVIDER,IRF,503026,Chi Franciscan Rehabilitation Hospital,Tacoma,WA,98465,412,454,5828,25059212,14143976,14052440,11671322,32491,15,*,76,53,47,86,3,5,3,*,*,*,1.76,*,15,19,49,4,36,41,*,3,3,16,34,53,14,19,40,24,41,36,88,94,41,16,5,67,0,*,*,0,10,0,49,*,0,5,*,0,10,15,9,295675,263965,30506,1204,274348,252039,21091,1218,72836,70750,2061,25
2024,FY,PROVIDER,IRF,520009,Ascension Ne Wisconsin - St Elizabeth Campus,Appleton,WI,54915,23,23,351,1086838,589051,563323,565864,41177,*,*,73,*,*,91,0,*,0,*,0,0,2.52,*,*,*,*,*,*,52,*,*,*,0,*,*,*,*,48,*,*,*,*,*,*,*,*,*,*,0,0,0,*,0,*,0,0,0,0,0,*,*,*,17069,15953,0,1116,18258,17141,0,1117,2794,2794,0,0
2024,FY,PROVIDER,IRF,520030,Aspirus Wausau Hospital,Wausau,WI,54401,53,55,837,3722221,1377818,1368058,1502545,69244,*,32,75,66,34,94,0,*,0,0,*,0,2.54,0,*,*,28,*,47,47,*,*,0,*,38,62,*,25,53,*,47,38,*,*,47,*,*,64,*,0,*,0,*,0,47,0,0,0,0,0,*,*,*,39474,39474,0,0,42441,42441,0,0,14353,14353,0,0
2024,FY,PROVIDER,IRF,520037,Marshfield Medical Center,Marshfield,WI,54449,79,82,1115,4850702,2394875,2368507,2471004,362764,*,39,71,57,43,95,0,0,0,*,*,*,1.90,*,16,*,52,*,44,44,*,*,*,23,33,47,*,19,39,25,41,35,82,*,49,23,0,49,*,*,0,0,*,0,38,0,0,*,0,0,18,17,*,44336,44011,325,0,45016,45016,0,0,31546,31546,0,0
2024,FY,PROVIDER,IRF,520045,Thedacare Regional Medical Center - Neenah Inc,Neenah,WI,54956,30,30,334,1154593,761533,755037,773029,40030,*,*,73,57,43,87,*,0,*,*,0,*,1.47,0,*,*,37,*,53,57,*,*,*,*,43,53,*,*,*,*,53,*,*,*,37,*,*,*,0,0,*,0,*,0,60,0,0,*,0,0,*,*,0,14427,14427,0,0,14496,14496,0,0,9712,9712,0,0
2024,FY,PROVIDER,IRF,520049,Bellin Memorial Hospital,Green Bay,WI,54305,57,58,858,2405541,1497740,1480292,1484786,47922,*,*,75,65,35,89,0,*,0,*,*,*,2.31,0,*,26,40,0,40,42,*,0,*,*,44,65,*,23,51,21,49,47,*,*,49,23,*,58,0,0,0,0,*,0,50,0,0,*,0,0,0,*,28,30165,30165,0,0,29895,29895,0,0,5692,5692,0,0
2024,FY,PROVIDER,IRF,520075,St Vincent Hospital,Green Bay,WI,54301,97,98,1252,5035731,2414213,2372165,2358505,5363,13,14,76,61,39,92,*,0,*,*,0,0,2.37,*,16,18,37,*,36,37,*,*,*,11,43,66,*,14,46,21,44,39,87,*,55,18,*,57,0,*,*,0,*,0,45,*,*,*,0,0,*,18,11,48654,48654,0,0,49451,49451,0,0,10297,10297,0,0
2024,FY,PROVIDER,IRF,520087,Gundersen Lutheran Medical Center,La Crosse,WI,54601,155,170,2144,8543241,5138244,5063204,5332085,1107368,23,35,73,59,41,95,0,*,0,*,*,*,2.88,*,15,14,34,11,43,48,*,*,*,14,39,58,10,15,52,23,39,38,76,86,42,19,*,41,*,*,*,*,9,0,24,*,0,8,0,0,14,18,21,112280,112240,40,0,114003,114003,0,0,21132,21132,0,0
2024,FY,PROVIDER,IRF,520088,Ssm Health St Agnes Hospital-fond Du Lac,Fond Du Lac,WI,54935,18,18,231,796272,358978,354114,378959,0,*,*,75,*,*,94,0,0,0,0,*,*,1.86,0,*,*,*,0,*,*,0,0,0,*,*,*,*,*,*,*,*,*,100,*,*,*,*,*,*,0,0,0,*,0,*,0,0,0,0,0,0,*,*,13045,13045,0,0,12989,12989,0,0,2041,2041,0,0
2024,FY,PROVIDER,IRF,520096,Ascension All Saints Hospital,Racine,WI,53405,125,140,1719,5620063,3649866,3627426,3528642,0,21,0,78,44,56,83,10,0,*,0,*,*,2.59,*,11,34,40,*,56,56,*,*,*,16,44,79,23,31,56,28,60,51,91,*,54,34,10,46,*,*,*,0,16,0,23,*,*,13,*,0,13,17,8,116483,114121,0,2362,115250,112888,0,2362,7288,7288,0,0
2024,FY,PROVIDER,IRF,520136,Ascension Se Wisconsin Hospital - St Joseph Campus,Milwaukee,WI,53210,50,51,737,2221793,1401615,1395087,1384356,55286,*,0,80,48,52,88,*,0,*,0,*,0,2.29,*,*,36,44,*,44,48,*,*,*,*,44,64,*,22,58,26,36,44,*,100,58,*,*,62,0,*,0,0,*,0,37,0,*,*,0,0,*,31,*,30177,30087,90,0,32636,32636,0,0,23686,23686,0,0
2024,FY,PROVIDER,IRF,520138,Aurora St Lukes Medical Center,Milwaukee,WI,53215,355,402,4818,33586243,9073126,8937214,8750154,188638,17,*,76,54,46,86,7,*,4,0,*,0,3.04,*,17,28,45,6,43,48,*,*,*,15,50,72,14,25,61,32,48,55,92,94,63,17,5,50,0,*,0,0,9,0,27,0,*,*,0,0,42,9,11,284359,284359,0,0,282795,264435,18360,0,68125,68125,0,0
2024,FY,PROVIDER,IRF,520177,Froedtert Memorial Lutheran Hospital,Milwaukee,WI,53226,211,226,3199,18773556,6698104,6578896,6243152,274560,14,*,75,53,47,81,8,*,*,*,*,*,2.22,*,13,30,42,7,41,43,*,*,*,17,39,67,14,21,45,22,42,41,90,91,44,22,9,52,*,*,*,0,8,0,31,*,0,*,*,0,16,19,16,114980,114532,330,118,117428,116258,1060,110,53243,53223,0,20
2024,FY,PROVIDER,IRF,520206,Aurora Medical Center Summit,Summit,WI,53066,46,46,419,2124638,1026884,1017124,1033492,68611,*,0,78,61,39,98,0,0,0,0,*,*,2.17,0,*,*,43,0,41,48,0,*,*,*,48,*,*,28,48,37,41,48,*,*,50,*,*,41,0,0,0,0,*,0,*,0,0,0,0,0,*,39,*,27519,27519,0,0,28447,28417,30,0,6333,6333,0,0
2024,FY,PROVIDER,IRF,522005,Lakeview Specialty Hospital & Rehab Center,Waterford,WI,53185,30,32,728,3036268,1208122,1138618,1140277,403684,*,0,75,*,*,87,*,0,0,*,*,0,2.74,*,*,*,60,*,40,40,0,0,*,*,60,57,*,*,53,*,*,47,*,*,50,*,*,43,0,*,0,0,*,0,*,*,*,*,0,0,*,*,0,13213,13213,0,0,13754,13754,0,0,9235,9235,0,0
2024,FY,PROVIDER,IRF,523025,Ascension Sacred Heart Rehabilitation Hospital,Mequon,WI,53097,93,95,1076,5463802,2440268,2411740,2296694,157690,23,0,78,51,49,76,17,*,0,0,*,*,2.69,*,13,31,40,*,42,47,*,*,*,*,34,57,16,23,51,28,32,44,87,*,45,24,*,49,0,*,*,0,14,0,31,*,*,*,*,0,*,25,*,53041,51481,0,1560,53571,52866,0,705,26310,25415,40,855
2024,FY,PROVIDER,IRF,523027,Rehabilitation Hospital Of Wisconsin,Waukesha,WI,53188,592,690,7630,20509540,17450976,17172452,17509962,10668,9,*,80,42,58,94,*,*,*,*,3,*,2.30,2,10,21,43,6,49,56,3,2,3,13,44,73,19,20,55,26,39,45,88,93,55,30,6,31,*,*,*,0,13,*,12,2,*,4,0,*,23,27,16,412326,374048,37663,615,426499,385890,39994,615,126181,108185,17996,0
2024,FY,PROVIDER,IRF,523028,Uw Health Rehabilitation Hospital,Madison,WI,53718,574,619,7662,33004802,17090870,16785558,16133349,91483,11,5,76,48,52,92,*,*,*,*,4,*,2.22,*,14,26,44,12,45,49,4,4,*,16,38,61,20,19,41,21,40,36,82,90,40,31,7,42,*,*,*,*,6,*,24,3,*,9,*,0,10,27,17,387101,367318,17557,2226,374916,351121,21550,2245,121390,113276,8009,105
2024,FY,PROVIDER,IRF,523029,Milwaukee Rehabilitation Hospital At Greenfield,Milwaukee,WI,53227,338,387,4618,15301868,10153669,9913085,9535020,12060,19,*,76,46,54,87,7,*,*,0,*,*,2.53,*,17,30,48,7,51,54,*,*,5,18,35,77,18,22,52,33,45,47,87,93,50,28,10,32,0,*,*,0,26,0,12,*,0,4,0,0,22,23,12,238709,217027,12658,9024,260506,240169,11151,9186,42306,41472,834,0
2024,FY,PROVIDER,IRF,523030,Rehabilitation Hospital Of Western Wisconsin,Eau Claire,WI,54701,111,116,1175,3244155,2414087,2343367,2403035,977,30,12,76,49,51,96,0,0,*,0,*,*,2.71,*,13,24,42,*,39,41,*,*,*,22,44,68,12,22,42,32,35,54,82,87,40,23,*,32,0,0,0,0,*,0,18,0,0,*,0,0,28,17,29,55881,53046,2835,0,52828,51215,1613,0,18372,18312,60,0
2024,FY,PROVIDER,IRF,523031,Green Bay Rehabilitation Hospital,Green Bay,WI,54311,215,244,3704,11028851,9429742,9257854,9610073,2833313,15,31,76,44,56,94,*,*,*,*,*,0,2.22,*,16,24,57,10,58,60,*,*,*,14,40,78,13,23,49,29,45,49,83,94,47,24,6,32,0,*,0,0,6,0,13,0,*,*,*,0,28,21,25,197329,157307,40022,0,156571,113319,43252,0,49681,37876,11775,30
2024,FY,PROVIDER,IRF,523032,Clearsky Rehabilitation Hospital Of Kenosha,Kenosha,WI,53143,235,275,3813,9187466,7407584,7212325,7304481,0,15,0,77,48,52,92,*,0,*,0,*,0,2.23,*,13,23,44,6,45,49,*,*,*,19,44,71,18,25,57,36,48,47,84,*,48,27,11,34,*,*,*,0,21,0,15,*,*,6,0,0,19,23,13,169545,153530,16015,0,162235,146680,15555,0,70765,62255,8510,0
2024,FY,PROVIDER,IRF,523033,Encompass Health Rehabilitation Hsptl Of Fitchburg,Fitchburg,WI,53711,293,312,3614,11319918,6981954,6840994,6922375,0,16,7,75,50,50,93,*,*,*,0,*,0,2.12,*,14,23,45,14,49,52,4,*,*,13,35,64,17,22,42,18,40,39,82,87,40,29,9,36,0,0,0,0,13,0,18,0,*,14,0,0,12,25,18,193934,174805,17675,1454,188104,164615,21816,1673,60504,57333,3104,67
2024,FY,PROVIDER,IRF,523034,Pam Health Rehabilitation Hospital Of Wausau,Wausau,WI,54401,79,85,893,4233109,1874651,1844459,2084897,51595,27,32,74,59,41,96,0,*,*,*,0,0,1.98,0,19,*,47,*,43,46,*,*,*,22,34,70,15,20,49,30,46,51,86,*,51,14,*,20,0,0,0,*,31,0,*,*,*,*,0,0,19,14,16,39474,37334,2140,0,36713,34898,1815,0,6967,6967,0,0
2024,FY,PROVIDER,IRF,510022,Charleston Area Medical Center,Charleston,WV,25301,108,113,1318,9056549,2443659,2391515,2727266,284465,13,19,74,50,50,95,0,0,*,0,*,*,2.71,*,*,23,50,*,52,56,0,*,*,30,45,73,11,16,54,31,58,46,*,*,56,15,*,56,0,*,0,0,*,0,33,0,0,*,0,0,*,20,28,33244,33244,0,0,33366,33366,0,0,3055,3055,0,0
2024,FY,PROVIDER,IRF,510023,"Weirton Medical Center, Inc",Weirton,WV,26062,88,90,1090,3952850,1531312,1467728,1867193,48674,*,0,79,34,66,98,0,0,*,0,*,0,1.91,0,*,34,52,*,47,50,*,*,*,12,48,78,14,23,47,31,45,33,*,*,51,25,*,48,*,*,0,*,*,0,21,*,0,*,*,0,17,27,*,67094,67004,30,60,61929,61929,0,0,5195,5195,0,0
2024,FY,PROVIDER,IRF,510048,Logan Regional Medical Center,Logan,WV,25601,48,49,546,2418428,1650835,1645939,2150260,625697,*,*,77,33,67,100,0,0,0,0,0,0,2.55,*,*,25,50,*,46,46,0,*,*,*,44,73,*,*,52,35,54,52,*,*,71,23,*,35,0,0,0,0,0,0,*,0,0,*,0,0,43,37,*,31003,31003,0,0,34387,34387,0,0,6246,6246,0,0
2024,FY,PROVIDER,IRF,513025,Seneca Rehabilitation Hospital,Wheeling,WV,26003,117,132,1517,2614754,2153627,2120331,2822426,14626,26,*,74,53,47,96,*,*,0,0,0,0,2.62,*,19,32,48,14,44,48,*,*,*,23,39,70,9,23,48,44,50,49,90,*,56,21,*,41,0,*,0,0,8,0,27,*,*,20,0,0,*,33,*,74198,74198,0,0,74905,74905,0,0,27939,27939,0,0
2024,FY,PROVIDER,IRF,513026,Encompass Health Rehab Hospital Of Princeton,Princeton,WV,24740,842,968,11468,28211630,21420928,21004152,22447170,3319,22,26,78,39,61,97,2,0,*,0,*,*,2.42,*,10,31,76,7,52,54,2,3,5,25,45,73,13,19,52,47,55,62,87,98,59,26,8,30,0,0,*,*,22,0,10,*,*,3,0,0,30,23,10,618026,441959,175942,125,735201,516080,218661,460,86368,59349,26799,220
2024,FY,PROVIDER,IRF,513027,Encompass Health Rehab Hospital Of Parkersburg,Parkersburg,WV,26105,747,912,10721,25823035,18930740,18424292,21353067,4405,20,23,78,43,57,99,*,*,0,0,*,*,2.52,2,10,30,56,12,56,58,2,2,5,20,48,78,12,19,53,49,54,54,90,97,64,29,7,37,0,*,0,0,53,0,11,0,*,2,0,0,4,21,8,631831,420805,211026,0,585167,400437,184730,0,60661,46326,14335,0
2024,FY,PROVIDER,IRF,513028,Encompass Health Rehab Hospital Of Huntington,Huntington,WV,25705,1005,1167,13620,34571239,26319679,25591479,28137972,2462,19,9,78,39,61,97,1,*,*,0,*,*,2.62,1,11,30,55,12,53,55,1,2,5,24,48,84,16,21,58,46,52,49,87,97,58,27,9,38,*,1,*,*,35,0,10,2,*,6,*,*,14,24,6,822922,599444,223478,0,771301,532841,238368,92,146365,137392,8973,0
2024,FY,PROVIDER,IRF,513030,Encompass Health Rehab Hospital Of Morgantown,Morgantown,WV,26504,1409,1580,17298,43629031,31822738,31215426,37018458,78231,17,24,77,44,56,96,2,*,*,*,1,*,2.57,1,11,27,54,30,52,55,2,3,3,23,44,79,18,23,49,46,52,48,90,95,58,29,6,31,*,*,*,*,32,*,10,*,*,5,0,0,14,19,17,921362,578503,341989,870,993170,690158,301397,1615,300527,269445,31052,30
2024,FY,PROVIDER,IRF,530014,Cheyenne Regional Medical Center,Cheyenne,WY,82001,160,164,1993,8534661,4741626,4696594,5096043,1171280,11,*,77,46,54,91,*,*,7,0,0,*,1.63,*,9,21,41,11,41,42,*,*,*,14,31,68,11,16,38,31,37,29,75,88,39,18,*,32,*,0,*,0,7,0,19,0,0,*,0,0,11,40,17,123761,106956,3090,13715,109371,87791,6755,14825,31088,26988,80,4020
2024,FY,PROVIDER,IRF,530015,St Johns Medical Center,Jackson,WY,83001,22,23,269,1102958,539361,537761,502682,638,*,*,79,*,*,86,0,0,0,0,*,*,1.19,0,*,*,*,0,*,*,0,*,0,*,*,*,*,*,*,*,*,*,*,*,*,*,*,*,0,0,0,0,0,0,*,*,0,0,0,0,*,48,*,11503,11473,30,0,11804,11772,0,32,2870,2870,0,0
2024,FY,PROVIDER,IRF,533027,Elkhorn Valley Rehabilitation Hospital Llc,Casper,WY,82609,462,506,7262,16525492,13501242,13302922,13580155,104102,13,16,78,43,57,91,*,*,4,*,*,0,1.96,*,10,20,37,6,44,46,3,*,2,17,40,81,13,18,35,37,43,42,72,93,48,30,7,28,*,*,0,*,8,0,13,0,*,12,0,0,15,26,25,422594,327405,95189,0,366714,267979,98675,60,68690,64405,4285,0
